case,edge_code,monitor_mask,initial_restriction,failures,status,oracle_cost,selected,realizations,compiled_nodes,compiled_edges
E00000,,0,0,0,vacuous,0,,0,14,9
E00001,,0,1,0,vacuous,0,,0,14,9
E00002,,1,0,0,vacuous,0,,0,15,10
E00003,,1,0,1,vacuous,0,,0,15,10
E00004,,1,1,0,vacuous,0,,0,15,10
E00005,,1,1,1,vacuous,0,,0,15,10
E00006,,2,0,0,vacuous,0,,0,15,10
E00007,,2,0,1,vacuous,0,,0,15,10
E00008,,2,1,0,vacuous,0,,0,15,10
E00009,,2,1,1,vacuous,0,,0,15,10
E00010,,3,0,0,vacuous,0,,0,16,11
E00011,,3,0,1,vacuous,0,,0,16,11
E00012,,3,0,2,vacuous,0,,0,16,11
E00013,,3,1,0,vacuous,0,,0,16,11
E00014,,3,1,1,vacuous,0,,0,16,11
E00015,,3,1,2,vacuous,0,,0,16,11
E00016,,4,0,0,vacuous,0,,0,15,10
E00017,,4,0,1,vacuous,0,,0,15,10
E00018,,4,1,0,vacuous,0,,0,15,10
E00019,,4,1,1,vacuous,0,,0,15,10
E00020,,5,0,0,vacuous,0,,0,16,11
E00021,,5,0,1,vacuous,0,,0,16,11
E00022,,5,0,2,vacuous,0,,0,16,11
E00023,,5,1,0,vacuous,0,,0,16,11
E00024,,5,1,1,vacuous,0,,0,16,11
E00025,,5,1,2,vacuous,0,,0,16,11
E00026,,6,0,0,vacuous,0,,0,16,11
E00027,,6,0,1,vacuous,0,,0,16,11
E00028,,6,0,2,vacuous,0,,0,16,11
E00029,,6,1,0,vacuous,0,,0,16,11
E00030,,6,1,1,vacuous,0,,0,16,11
E00031,,6,1,2,vacuous,0,,0,16,11
E00032,,7,0,0,vacuous,0,,0,17,12
E00033,,7,0,1,vacuous,0,,0,17,12
E00034,,7,0,2,vacuous,0,,0,17,12
E00035,,7,0,3,vacuous,0,,0,17,12
E00036,,7,1,0,vacuous,0,,0,17,12
E00037,,7,1,1,vacuous,0,,0,17,12
E00038,,7,1,2,vacuous,0,,0,17,12
E00039,,7,1,3,vacuous,0,,0,17,12
E00040,120k,0,0,0,vacuous,0,,0,14,11
E00041,120k,0,1,0,vacuous,0,,0,14,11
E00042,120k,1,0,0,vacuous,0,,0,15,12
E00043,120k,1,0,1,vacuous,0,,0,15,12
E00044,120k,1,1,0,vacuous,0,,0,15,12
E00045,120k,1,1,1,vacuous,0,,0,15,12
E00046,120k,2,0,0,vacuous,0,,0,15,12
E00047,120k,2,0,1,vacuous,0,,0,15,12
E00048,120k,2,1,0,vacuous,0,,0,15,12
E00049,120k,2,1,1,vacuous,0,,0,15,12
E00050,120k,3,0,0,vacuous,0,,0,16,13
E00051,120k,3,0,1,vacuous,0,,0,16,13
E00052,120k,3,0,2,vacuous,0,,0,16,13
E00053,120k,3,1,0,vacuous,0,,0,16,13
E00054,120k,3,1,1,vacuous,0,,0,16,13
E00055,120k,3,1,2,vacuous,0,,0,16,13
E00056,120k,4,0,0,vacuous,0,,0,15,12
E00057,120k,4,0,1,vacuous,0,,0,15,12
E00058,120k,4,1,0,vacuous,0,,0,15,12
E00059,120k,4,1,1,vacuous,0,,0,15,12
E00060,120k,5,0,0,vacuous,0,,0,16,13
E00061,120k,5,0,1,vacuous,0,,0,16,13
E00062,120k,5,0,2,vacuous,0,,0,16,13
E00063,120k,5,1,0,vacuous,0,,0,16,13
E00064,120k,5,1,1,vacuous,0,,0,16,13
E00065,120k,5,1,2,vacuous,0,,0,16,13
E00066,120k,6,0,0,vacuous,0,,0,16,13
E00067,120k,6,0,1,vacuous,0,,0,16,13
E00068,120k,6,0,2,vacuous,0,,0,16,13
E00069,120k,6,1,0,vacuous,0,,0,16,13
E00070,120k,6,1,1,vacuous,0,,0,16,13
E00071,120k,6,1,2,vacuous,0,,0,16,13
E00072,120k,7,0,0,vacuous,0,,0,17,14
E00073,120k,7,0,1,vacuous,0,,0,17,14
E00074,120k,7,0,2,vacuous,0,,0,17,14
E00075,120k,7,0,3,vacuous,0,,0,17,14
E00076,120k,7,1,0,vacuous,0,,0,17,14
E00077,120k,7,1,1,vacuous,0,,0,17,14
E00078,120k,7,1,2,vacuous,0,,0,17,14
E00079,120k,7,1,3,vacuous,0,,0,17,14
E00080,120r,0,0,0,vacuous,0,,0,14,11
E00081,120r,0,1,0,vacuous,0,,0,14,11
E00082,120r,1,0,0,vacuous,0,,0,15,12
E00083,120r,1,0,1,vacuous,0,,0,15,12
E00084,120r,1,1,0,vacuous,0,,0,15,12
E00085,120r,1,1,1,vacuous,0,,0,15,12
E00086,120r,2,0,0,vacuous,0,,0,15,12
E00087,120r,2,0,1,vacuous,0,,0,15,12
E00088,120r,2,1,0,vacuous,0,,0,15,12
E00089,120r,2,1,1,vacuous,0,,0,15,12
E00090,120r,3,0,0,vacuous,0,,0,16,13
E00091,120r,3,0,1,vacuous,0,,0,16,13
E00092,120r,3,0,2,vacuous,0,,0,16,13
E00093,120r,3,1,0,vacuous,0,,0,16,13
E00094,120r,3,1,1,vacuous,0,,0,16,13
E00095,120r,3,1,2,vacuous,0,,0,16,13
E00096,120r,4,0,0,vacuous,0,,0,15,12
E00097,120r,4,0,1,vacuous,0,,0,15,12
E00098,120r,4,1,0,vacuous,0,,0,15,12
E00099,120r,4,1,1,vacuous,0,,0,15,12
E00100,120r,5,0,0,vacuous,0,,0,16,13
E00101,120r,5,0,1,vacuous,0,,0,16,13
E00102,120r,5,0,2,vacuous,0,,0,16,13
E00103,120r,5,1,0,vacuous,0,,0,16,13
E00104,120r,5,1,1,vacuous,0,,0,16,13
E00105,120r,5,1,2,vacuous,0,,0,16,13
E00106,120r,6,0,0,vacuous,0,,0,16,13
E00107,120r,6,0,1,vacuous,0,,0,16,13
E00108,120r,6,0,2,vacuous,0,,0,16,13
E00109,120r,6,1,0,vacuous,0,,0,16,13
E00110,120r,6,1,1,vacuous,0,,0,16,13
E00111,120r,6,1,2,vacuous,0,,0,16,13
E00112,120r,7,0,0,vacuous,0,,0,17,14
E00113,120r,7,0,1,vacuous,0,,0,17,14
E00114,120r,7,0,2,vacuous,0,,0,17,14
E00115,120r,7,0,3,vacuous,0,,0,17,14
E00116,120r,7,1,0,vacuous,0,,0,17,14
E00117,120r,7,1,1,vacuous,0,,0,17,14
E00118,120r,7,1,2,vacuous,0,,0,17,14
E00119,120r,7,1,3,vacuous,0,,0,17,14
E00120,120e,0,0,0,vacuous,0,,0,14,12
E00121,120e,0,1,0,vacuous,0,,0,14,12
E00122,120e,1,0,0,vacuous,0,,0,15,13
E00123,120e,1,0,1,vacuous,0,,0,15,13
E00124,120e,1,1,0,vacuous,0,,0,15,13
E00125,120e,1,1,1,vacuous,0,,0,15,13
E00126,120e,2,0,0,vacuous,0,,0,15,13
E00127,120e,2,0,1,vacuous,0,,0,15,13
E00128,120e,2,1,0,vacuous,0,,0,15,13
E00129,120e,2,1,1,vacuous,0,,0,15,13
E00130,120e,3,0,0,vacuous,0,,0,16,14
E00131,120e,3,0,1,vacuous,0,,0,16,14
E00132,120e,3,0,2,vacuous,0,,0,16,14
E00133,120e,3,1,0,vacuous,0,,0,16,14
E00134,120e,3,1,1,vacuous,0,,0,16,14
E00135,120e,3,1,2,vacuous,0,,0,16,14
E00136,120e,4,0,0,vacuous,0,,0,15,13
E00137,120e,4,0,1,vacuous,0,,0,15,13
E00138,120e,4,1,0,vacuous,0,,0,15,13
E00139,120e,4,1,1,vacuous,0,,0,15,13
E00140,120e,5,0,0,vacuous,0,,0,16,14
E00141,120e,5,0,1,vacuous,0,,0,16,14
E00142,120e,5,0,2,vacuous,0,,0,16,14
E00143,120e,5,1,0,vacuous,0,,0,16,14
E00144,120e,5,1,1,vacuous,0,,0,16,14
E00145,120e,5,1,2,vacuous,0,,0,16,14
E00146,120e,6,0,0,vacuous,0,,0,16,14
E00147,120e,6,0,1,vacuous,0,,0,16,14
E00148,120e,6,0,2,vacuous,0,,0,16,14
E00149,120e,6,1,0,vacuous,0,,0,16,14
E00150,120e,6,1,1,vacuous,0,,0,16,14
E00151,120e,6,1,2,vacuous,0,,0,16,14
E00152,120e,7,0,0,vacuous,0,,0,17,15
E00153,120e,7,0,1,vacuous,0,,0,17,15
E00154,120e,7,0,2,vacuous,0,,0,17,15
E00155,120e,7,0,3,vacuous,0,,0,17,15
E00156,120e,7,1,0,vacuous,0,,0,17,15
E00157,120e,7,1,1,vacuous,0,,0,17,15
E00158,120e,7,1,2,vacuous,0,,0,17,15
E00159,120e,7,1,3,vacuous,0,,0,17,15
E00160,121k,0,0,0,vacuous,0,,0,14,10
E00161,121k,0,1,0,vacuous,0,,0,14,10
E00162,121k,1,0,0,vacuous,0,,0,15,11
E00163,121k,1,0,1,vacuous,0,,0,15,11
E00164,121k,1,1,0,vacuous,0,,0,15,11
E00165,121k,1,1,1,vacuous,0,,0,15,11
E00166,121k,2,0,0,vacuous,0,,0,15,11
E00167,121k,2,0,1,vacuous,0,,0,15,11
E00168,121k,2,1,0,vacuous,0,,0,15,11
E00169,121k,2,1,1,vacuous,0,,0,15,11
E00170,121k,3,0,0,vacuous,0,,0,16,12
E00171,121k,3,0,1,vacuous,0,,0,16,12
E00172,121k,3,0,2,vacuous,0,,0,16,12
E00173,121k,3,1,0,vacuous,0,,0,16,12
E00174,121k,3,1,1,vacuous,0,,0,16,12
E00175,121k,3,1,2,vacuous,0,,0,16,12
E00176,121k,4,0,0,vacuous,0,,0,15,11
E00177,121k,4,0,1,vacuous,0,,0,15,11
E00178,121k,4,1,0,vacuous,0,,0,15,11
E00179,121k,4,1,1,vacuous,0,,0,15,11
E00180,121k,5,0,0,vacuous,0,,0,16,12
E00181,121k,5,0,1,vacuous,0,,0,16,12
E00182,121k,5,0,2,vacuous,0,,0,16,12
E00183,121k,5,1,0,vacuous,0,,0,16,12
E00184,121k,5,1,1,vacuous,0,,0,16,12
E00185,121k,5,1,2,vacuous,0,,0,16,12
E00186,121k,6,0,0,vacuous,0,,0,16,12
E00187,121k,6,0,1,vacuous,0,,0,16,12
E00188,121k,6,0,2,vacuous,0,,0,16,12
E00189,121k,6,1,0,vacuous,0,,0,16,12
E00190,121k,6,1,1,vacuous,0,,0,16,12
E00191,121k,6,1,2,vacuous,0,,0,16,12
E00192,121k,7,0,0,vacuous,0,,0,17,13
E00193,121k,7,0,1,vacuous,0,,0,17,13
E00194,121k,7,0,2,vacuous,0,,0,17,13
E00195,121k,7,0,3,vacuous,0,,0,17,13
E00196,121k,7,1,0,vacuous,0,,0,17,13
E00197,121k,7,1,1,vacuous,0,,0,17,13
E00198,121k,7,1,2,vacuous,0,,0,17,13
E00199,121k,7,1,3,vacuous,0,,0,17,13
E00200,121r,0,0,0,vacuous,0,,0,14,10
E00201,121r,0,1,0,vacuous,0,,0,14,10
E00202,121r,1,0,0,vacuous,0,,0,15,11
E00203,121r,1,0,1,vacuous,0,,0,15,11
E00204,121r,1,1,0,vacuous,0,,0,15,11
E00205,121r,1,1,1,vacuous,0,,0,15,11
E00206,121r,2,0,0,vacuous,0,,0,15,11
E00207,121r,2,0,1,vacuous,0,,0,15,11
E00208,121r,2,1,0,vacuous,0,,0,15,11
E00209,121r,2,1,1,vacuous,0,,0,15,11
E00210,121r,3,0,0,vacuous,0,,0,16,12
E00211,121r,3,0,1,vacuous,0,,0,16,12
E00212,121r,3,0,2,vacuous,0,,0,16,12
E00213,121r,3,1,0,vacuous,0,,0,16,12
E00214,121r,3,1,1,vacuous,0,,0,16,12
E00215,121r,3,1,2,vacuous,0,,0,16,12
E00216,121r,4,0,0,vacuous,0,,0,15,11
E00217,121r,4,0,1,vacuous,0,,0,15,11
E00218,121r,4,1,0,vacuous,0,,0,15,11
E00219,121r,4,1,1,vacuous,0,,0,15,11
E00220,121r,5,0,0,vacuous,0,,0,16,12
E00221,121r,5,0,1,vacuous,0,,0,16,12
E00222,121r,5,0,2,vacuous,0,,0,16,12
E00223,121r,5,1,0,vacuous,0,,0,16,12
E00224,121r,5,1,1,vacuous,0,,0,16,12
E00225,121r,5,1,2,vacuous,0,,0,16,12
E00226,121r,6,0,0,vacuous,0,,0,16,12
E00227,121r,6,0,1,vacuous,0,,0,16,12
E00228,121r,6,0,2,vacuous,0,,0,16,12
E00229,121r,6,1,0,vacuous,0,,0,16,12
E00230,121r,6,1,1,vacuous,0,,0,16,12
E00231,121r,6,1,2,vacuous,0,,0,16,12
E00232,121r,7,0,0,vacuous,0,,0,17,13
E00233,121r,7,0,1,vacuous,0,,0,17,13
E00234,121r,7,0,2,vacuous,0,,0,17,13
E00235,121r,7,0,3,vacuous,0,,0,17,13
E00236,121r,7,1,0,vacuous,0,,0,17,13
E00237,121r,7,1,1,vacuous,0,,0,17,13
E00238,121r,7,1,2,vacuous,0,,0,17,13
E00239,121r,7,1,3,vacuous,0,,0,17,13
E00240,121e,0,0,0,vacuous,0,,0,14,11
E00241,121e,0,1,0,vacuous,0,,0,14,11
E00242,121e,1,0,0,vacuous,0,,0,15,12
E00243,121e,1,0,1,vacuous,0,,0,15,12
E00244,121e,1,1,0,vacuous,0,,0,15,12
E00245,121e,1,1,1,vacuous,0,,0,15,12
E00246,121e,2,0,0,vacuous,0,,0,15,12
E00247,121e,2,0,1,vacuous,0,,0,15,12
E00248,121e,2,1,0,vacuous,0,,0,15,12
E00249,121e,2,1,1,vacuous,0,,0,15,12
E00250,121e,3,0,0,vacuous,0,,0,16,13
E00251,121e,3,0,1,vacuous,0,,0,16,13
E00252,121e,3,0,2,vacuous,0,,0,16,13
E00253,121e,3,1,0,vacuous,0,,0,16,13
E00254,121e,3,1,1,vacuous,0,,0,16,13
E00255,121e,3,1,2,vacuous,0,,0,16,13
E00256,121e,4,0,0,vacuous,0,,0,15,12
E00257,121e,4,0,1,vacuous,0,,0,15,12
E00258,121e,4,1,0,vacuous,0,,0,15,12
E00259,121e,4,1,1,vacuous,0,,0,15,12
E00260,121e,5,0,0,vacuous,0,,0,16,13
E00261,121e,5,0,1,vacuous,0,,0,16,13
E00262,121e,5,0,2,vacuous,0,,0,16,13
E00263,121e,5,1,0,vacuous,0,,0,16,13
E00264,121e,5,1,1,vacuous,0,,0,16,13
E00265,121e,5,1,2,vacuous,0,,0,16,13
E00266,121e,6,0,0,vacuous,0,,0,16,13
E00267,121e,6,0,1,vacuous,0,,0,16,13
E00268,121e,6,0,2,vacuous,0,,0,16,13
E00269,121e,6,1,0,vacuous,0,,0,16,13
E00270,121e,6,1,1,vacuous,0,,0,16,13
E00271,121e,6,1,2,vacuous,0,,0,16,13
E00272,121e,7,0,0,vacuous,0,,0,17,14
E00273,121e,7,0,1,vacuous,0,,0,17,14
E00274,121e,7,0,2,vacuous,0,,0,17,14
E00275,121e,7,0,3,vacuous,0,,0,17,14
E00276,121e,7,1,0,vacuous,0,,0,17,14
E00277,121e,7,1,1,vacuous,0,,0,17,14
E00278,121e,7,1,2,vacuous,0,,0,17,14
E00279,121e,7,1,3,vacuous,0,,0,17,14
E00280,020k,0,0,0,infeasible,,,1,14,11
E00281,020k,0,1,0,infeasible,,,1,14,11
E00282,020k,1,0,0,optimal,1,0,1,15,12
E00283,020k,1,0,1,infeasible,,,1,15,12
E00284,020k,1,1,0,infeasible,,,1,15,12
E00285,020k,1,1,1,infeasible,,,1,15,12
E00286,020k,2,0,0,infeasible,,,1,15,12
E00287,020k,2,0,1,infeasible,,,1,15,12
E00288,020k,2,1,0,infeasible,,,1,15,12
E00289,020k,2,1,1,infeasible,,,1,15,12
E00290,020k,3,0,0,optimal,1,0,1,16,13
E00291,020k,3,0,1,infeasible,,,1,16,13
E00292,020k,3,0,2,infeasible,,,1,16,13
E00293,020k,3,1,0,infeasible,,,1,16,13
E00294,020k,3,1,1,infeasible,,,1,16,13
E00295,020k,3,1,2,infeasible,,,1,16,13
E00296,020k,4,0,0,optimal,3,0,1,15,12
E00297,020k,4,0,1,infeasible,,,1,15,12
E00298,020k,4,1,0,infeasible,,,1,15,12
E00299,020k,4,1,1,infeasible,,,1,15,12
E00300,020k,5,0,0,optimal,1,0,1,16,13
E00301,020k,5,0,1,optimal,4,0;1,1,16,13
E00302,020k,5,0,2,infeasible,,,1,16,13
E00303,020k,5,1,0,infeasible,,,1,16,13
E00304,020k,5,1,1,infeasible,,,1,16,13
E00305,020k,5,1,2,infeasible,,,1,16,13
E00306,020k,6,0,0,optimal,3,1,1,16,13
E00307,020k,6,0,1,infeasible,,,1,16,13
E00308,020k,6,0,2,infeasible,,,1,16,13
E00309,020k,6,1,0,infeasible,,,1,16,13
E00310,020k,6,1,1,infeasible,,,1,16,13
E00311,020k,6,1,2,infeasible,,,1,16,13
E00312,020k,7,0,0,optimal,1,0,1,17,14
E00313,020k,7,0,1,optimal,4,0;2,1,17,14
E00314,020k,7,0,2,infeasible,,,1,17,14
E00315,020k,7,0,3,infeasible,,,1,17,14
E00316,020k,7,1,0,infeasible,,,1,17,14
E00317,020k,7,1,1,infeasible,,,1,17,14
E00318,020k,7,1,2,infeasible,,,1,17,14
E00319,020k,7,1,3,infeasible,,,1,17,14
E00320,020k;120k,0,0,0,infeasible,,,1,14,13
E00321,020k;120k,0,1,0,infeasible,,,1,14,13
E00322,020k;120k,1,0,0,optimal,1,0,1,15,14
E00323,020k;120k,1,0,1,infeasible,,,1,15,14
E00324,020k;120k,1,1,0,infeasible,,,1,15,14
E00325,020k;120k,1,1,1,infeasible,,,1,15,14
E00326,020k;120k,2,0,0,infeasible,,,1,15,14
E00327,020k;120k,2,0,1,infeasible,,,1,15,14
E00328,020k;120k,2,1,0,infeasible,,,1,15,14
E00329,020k;120k,2,1,1,infeasible,,,1,15,14
E00330,020k;120k,3,0,0,optimal,1,0,1,16,15
E00331,020k;120k,3,0,1,infeasible,,,1,16,15
E00332,020k;120k,3,0,2,infeasible,,,1,16,15
E00333,020k;120k,3,1,0,infeasible,,,1,16,15
E00334,020k;120k,3,1,1,infeasible,,,1,16,15
E00335,020k;120k,3,1,2,infeasible,,,1,16,15
E00336,020k;120k,4,0,0,optimal,3,0,1,15,14
E00337,020k;120k,4,0,1,infeasible,,,1,15,14
E00338,020k;120k,4,1,0,infeasible,,,1,15,14
E00339,020k;120k,4,1,1,infeasible,,,1,15,14
E00340,020k;120k,5,0,0,optimal,1,0,1,16,15
E00341,020k;120k,5,0,1,optimal,4,0;1,1,16,15
E00342,020k;120k,5,0,2,infeasible,,,1,16,15
E00343,020k;120k,5,1,0,infeasible,,,1,16,15
E00344,020k;120k,5,1,1,infeasible,,,1,16,15
E00345,020k;120k,5,1,2,infeasible,,,1,16,15
E00346,020k;120k,6,0,0,optimal,3,1,1,16,15
E00347,020k;120k,6,0,1,infeasible,,,1,16,15
E00348,020k;120k,6,0,2,infeasible,,,1,16,15
E00349,020k;120k,6,1,0,infeasible,,,1,16,15
E00350,020k;120k,6,1,1,infeasible,,,1,16,15
E00351,020k;120k,6,1,2,infeasible,,,1,16,15
E00352,020k;120k,7,0,0,optimal,1,0,1,17,16
E00353,020k;120k,7,0,1,optimal,4,0;2,1,17,16
E00354,020k;120k,7,0,2,infeasible,,,1,17,16
E00355,020k;120k,7,0,3,infeasible,,,1,17,16
E00356,020k;120k,7,1,0,infeasible,,,1,17,16
E00357,020k;120k,7,1,1,infeasible,,,1,17,16
E00358,020k;120k,7,1,2,infeasible,,,1,17,16
E00359,020k;120k,7,1,3,infeasible,,,1,17,16
E00360,020k;120r,0,0,0,infeasible,,,1,14,13
E00361,020k;120r,0,1,0,infeasible,,,1,14,13
E00362,020k;120r,1,0,0,optimal,1,0,1,15,14
E00363,020k;120r,1,0,1,infeasible,,,1,15,14
E00364,020k;120r,1,1,0,infeasible,,,1,15,14
E00365,020k;120r,1,1,1,infeasible,,,1,15,14
E00366,020k;120r,2,0,0,infeasible,,,1,15,14
E00367,020k;120r,2,0,1,infeasible,,,1,15,14
E00368,020k;120r,2,1,0,infeasible,,,1,15,14
E00369,020k;120r,2,1,1,infeasible,,,1,15,14
E00370,020k;120r,3,0,0,optimal,1,0,1,16,15
E00371,020k;120r,3,0,1,infeasible,,,1,16,15
E00372,020k;120r,3,0,2,infeasible,,,1,16,15
E00373,020k;120r,3,1,0,infeasible,,,1,16,15
E00374,020k;120r,3,1,1,infeasible,,,1,16,15
E00375,020k;120r,3,1,2,infeasible,,,1,16,15
E00376,020k;120r,4,0,0,optimal,3,0,1,15,14
E00377,020k;120r,4,0,1,infeasible,,,1,15,14
E00378,020k;120r,4,1,0,infeasible,,,1,15,14
E00379,020k;120r,4,1,1,infeasible,,,1,15,14
E00380,020k;120r,5,0,0,optimal,1,0,1,16,15
E00381,020k;120r,5,0,1,optimal,4,0;1,1,16,15
E00382,020k;120r,5,0,2,infeasible,,,1,16,15
E00383,020k;120r,5,1,0,infeasible,,,1,16,15
E00384,020k;120r,5,1,1,infeasible,,,1,16,15
E00385,020k;120r,5,1,2,infeasible,,,1,16,15
E00386,020k;120r,6,0,0,optimal,3,1,1,16,15
E00387,020k;120r,6,0,1,infeasible,,,1,16,15
E00388,020k;120r,6,0,2,infeasible,,,1,16,15
E00389,020k;120r,6,1,0,infeasible,,,1,16,15
E00390,020k;120r,6,1,1,infeasible,,,1,16,15
E00391,020k;120r,6,1,2,infeasible,,,1,16,15
E00392,020k;120r,7,0,0,optimal,1,0,1,17,16
E00393,020k;120r,7,0,1,optimal,4,0;2,1,17,16
E00394,020k;120r,7,0,2,infeasible,,,1,17,16
E00395,020k;120r,7,0,3,infeasible,,,1,17,16
E00396,020k;120r,7,1,0,infeasible,,,1,17,16
E00397,020k;120r,7,1,1,infeasible,,,1,17,16
E00398,020k;120r,7,1,2,infeasible,,,1,17,16
E00399,020k;120r,7,1,3,infeasible,,,1,17,16
E00400,020k;120e,0,0,0,infeasible,,,1,14,14
E00401,020k;120e,0,1,0,infeasible,,,1,14,14
E00402,020k;120e,1,0,0,optimal,1,0,1,15,15
E00403,020k;120e,1,0,1,infeasible,,,1,15,15
E00404,020k;120e,1,1,0,infeasible,,,1,15,15
E00405,020k;120e,1,1,1,infeasible,,,1,15,15
E00406,020k;120e,2,0,0,infeasible,,,1,15,15
E00407,020k;120e,2,0,1,infeasible,,,1,15,15
E00408,020k;120e,2,1,0,infeasible,,,1,15,15
E00409,020k;120e,2,1,1,infeasible,,,1,15,15
E00410,020k;120e,3,0,0,optimal,1,0,1,16,16
E00411,020k;120e,3,0,1,infeasible,,,1,16,16
E00412,020k;120e,3,0,2,infeasible,,,1,16,16
E00413,020k;120e,3,1,0,infeasible,,,1,16,16
E00414,020k;120e,3,1,1,infeasible,,,1,16,16
E00415,020k;120e,3,1,2,infeasible,,,1,16,16
E00416,020k;120e,4,0,0,optimal,3,0,1,15,15
E00417,020k;120e,4,0,1,infeasible,,,1,15,15
E00418,020k;120e,4,1,0,infeasible,,,1,15,15
E00419,020k;120e,4,1,1,infeasible,,,1,15,15
E00420,020k;120e,5,0,0,optimal,1,0,1,16,16
E00421,020k;120e,5,0,1,optimal,4,0;1,1,16,16
E00422,020k;120e,5,0,2,infeasible,,,1,16,16
E00423,020k;120e,5,1,0,infeasible,,,1,16,16
E00424,020k;120e,5,1,1,infeasible,,,1,16,16
E00425,020k;120e,5,1,2,infeasible,,,1,16,16
E00426,020k;120e,6,0,0,optimal,3,1,1,16,16
E00427,020k;120e,6,0,1,infeasible,,,1,16,16
E00428,020k;120e,6,0,2,infeasible,,,1,16,16
E00429,020k;120e,6,1,0,infeasible,,,1,16,16
E00430,020k;120e,6,1,1,infeasible,,,1,16,16
E00431,020k;120e,6,1,2,infeasible,,,1,16,16
E00432,020k;120e,7,0,0,optimal,1,0,1,17,17
E00433,020k;120e,7,0,1,optimal,4,0;2,1,17,17
E00434,020k;120e,7,0,2,infeasible,,,1,17,17
E00435,020k;120e,7,0,3,infeasible,,,1,17,17
E00436,020k;120e,7,1,0,infeasible,,,1,17,17
E00437,020k;120e,7,1,1,infeasible,,,1,17,17
E00438,020k;120e,7,1,2,infeasible,,,1,17,17
E00439,020k;120e,7,1,3,infeasible,,,1,17,17
E00440,020k;121k,0,0,0,infeasible,,,1,14,12
E00441,020k;121k,0,1,0,infeasible,,,1,14,12
E00442,020k;121k,1,0,0,optimal,1,0,1,15,13
E00443,020k;121k,1,0,1,infeasible,,,1,15,13
E00444,020k;121k,1,1,0,infeasible,,,1,15,13
E00445,020k;121k,1,1,1,infeasible,,,1,15,13
E00446,020k;121k,2,0,0,infeasible,,,1,15,13
E00447,020k;121k,2,0,1,infeasible,,,1,15,13
E00448,020k;121k,2,1,0,infeasible,,,1,15,13
E00449,020k;121k,2,1,1,infeasible,,,1,15,13
E00450,020k;121k,3,0,0,optimal,1,0,1,16,14
E00451,020k;121k,3,0,1,infeasible,,,1,16,14
E00452,020k;121k,3,0,2,infeasible,,,1,16,14
E00453,020k;121k,3,1,0,infeasible,,,1,16,14
E00454,020k;121k,3,1,1,infeasible,,,1,16,14
E00455,020k;121k,3,1,2,infeasible,,,1,16,14
E00456,020k;121k,4,0,0,optimal,3,0,1,15,13
E00457,020k;121k,4,0,1,infeasible,,,1,15,13
E00458,020k;121k,4,1,0,infeasible,,,1,15,13
E00459,020k;121k,4,1,1,infeasible,,,1,15,13
E00460,020k;121k,5,0,0,optimal,1,0,1,16,14
E00461,020k;121k,5,0,1,optimal,4,0;1,1,16,14
E00462,020k;121k,5,0,2,infeasible,,,1,16,14
E00463,020k;121k,5,1,0,infeasible,,,1,16,14
E00464,020k;121k,5,1,1,infeasible,,,1,16,14
E00465,020k;121k,5,1,2,infeasible,,,1,16,14
E00466,020k;121k,6,0,0,optimal,3,1,1,16,14
E00467,020k;121k,6,0,1,infeasible,,,1,16,14
E00468,020k;121k,6,0,2,infeasible,,,1,16,14
E00469,020k;121k,6,1,0,infeasible,,,1,16,14
E00470,020k;121k,6,1,1,infeasible,,,1,16,14
E00471,020k;121k,6,1,2,infeasible,,,1,16,14
E00472,020k;121k,7,0,0,optimal,1,0,1,17,15
E00473,020k;121k,7,0,1,optimal,4,0;2,1,17,15
E00474,020k;121k,7,0,2,infeasible,,,1,17,15
E00475,020k;121k,7,0,3,infeasible,,,1,17,15
E00476,020k;121k,7,1,0,infeasible,,,1,17,15
E00477,020k;121k,7,1,1,infeasible,,,1,17,15
E00478,020k;121k,7,1,2,infeasible,,,1,17,15
E00479,020k;121k,7,1,3,infeasible,,,1,17,15
E00480,020k;121r,0,0,0,infeasible,,,1,14,12
E00481,020k;121r,0,1,0,infeasible,,,1,14,12
E00482,020k;121r,1,0,0,optimal,1,0,1,15,13
E00483,020k;121r,1,0,1,infeasible,,,1,15,13
E00484,020k;121r,1,1,0,infeasible,,,1,15,13
E00485,020k;121r,1,1,1,infeasible,,,1,15,13
E00486,020k;121r,2,0,0,infeasible,,,1,15,13
E00487,020k;121r,2,0,1,infeasible,,,1,15,13
E00488,020k;121r,2,1,0,infeasible,,,1,15,13
E00489,020k;121r,2,1,1,infeasible,,,1,15,13
E00490,020k;121r,3,0,0,optimal,1,0,1,16,14
E00491,020k;121r,3,0,1,infeasible,,,1,16,14
E00492,020k;121r,3,0,2,infeasible,,,1,16,14
E00493,020k;121r,3,1,0,infeasible,,,1,16,14
E00494,020k;121r,3,1,1,infeasible,,,1,16,14
E00495,020k;121r,3,1,2,infeasible,,,1,16,14
E00496,020k;121r,4,0,0,optimal,3,0,1,15,13
E00497,020k;121r,4,0,1,infeasible,,,1,15,13
E00498,020k;121r,4,1,0,infeasible,,,1,15,13
E00499,020k;121r,4,1,1,infeasible,,,1,15,13
E00500,020k;121r,5,0,0,optimal,1,0,1,16,14
E00501,020k;121r,5,0,1,optimal,4,0;1,1,16,14
E00502,020k;121r,5,0,2,infeasible,,,1,16,14
E00503,020k;121r,5,1,0,infeasible,,,1,16,14
E00504,020k;121r,5,1,1,infeasible,,,1,16,14
E00505,020k;121r,5,1,2,infeasible,,,1,16,14
E00506,020k;121r,6,0,0,optimal,3,1,1,16,14
E00507,020k;121r,6,0,1,infeasible,,,1,16,14
E00508,020k;121r,6,0,2,infeasible,,,1,16,14
E00509,020k;121r,6,1,0,infeasible,,,1,16,14
E00510,020k;121r,6,1,1,infeasible,,,1,16,14
E00511,020k;121r,6,1,2,infeasible,,,1,16,14
E00512,020k;121r,7,0,0,optimal,1,0,1,17,15
E00513,020k;121r,7,0,1,optimal,4,0;2,1,17,15
E00514,020k;121r,7,0,2,infeasible,,,1,17,15
E00515,020k;121r,7,0,3,infeasible,,,1,17,15
E00516,020k;121r,7,1,0,infeasible,,,1,17,15
E00517,020k;121r,7,1,1,infeasible,,,1,17,15
E00518,020k;121r,7,1,2,infeasible,,,1,17,15
E00519,020k;121r,7,1,3,infeasible,,,1,17,15
E00520,020k;121e,0,0,0,infeasible,,,1,14,13
E00521,020k;121e,0,1,0,infeasible,,,1,14,13
E00522,020k;121e,1,0,0,optimal,1,0,1,15,14
E00523,020k;121e,1,0,1,infeasible,,,1,15,14
E00524,020k;121e,1,1,0,infeasible,,,1,15,14
E00525,020k;121e,1,1,1,infeasible,,,1,15,14
E00526,020k;121e,2,0,0,infeasible,,,1,15,14
E00527,020k;121e,2,0,1,infeasible,,,1,15,14
E00528,020k;121e,2,1,0,infeasible,,,1,15,14
E00529,020k;121e,2,1,1,infeasible,,,1,15,14
E00530,020k;121e,3,0,0,optimal,1,0,1,16,15
E00531,020k;121e,3,0,1,infeasible,,,1,16,15
E00532,020k;121e,3,0,2,infeasible,,,1,16,15
E00533,020k;121e,3,1,0,infeasible,,,1,16,15
E00534,020k;121e,3,1,1,infeasible,,,1,16,15
E00535,020k;121e,3,1,2,infeasible,,,1,16,15
E00536,020k;121e,4,0,0,optimal,3,0,1,15,14
E00537,020k;121e,4,0,1,infeasible,,,1,15,14
E00538,020k;121e,4,1,0,infeasible,,,1,15,14
E00539,020k;121e,4,1,1,infeasible,,,1,15,14
E00540,020k;121e,5,0,0,optimal,1,0,1,16,15
E00541,020k;121e,5,0,1,optimal,4,0;1,1,16,15
E00542,020k;121e,5,0,2,infeasible,,,1,16,15
E00543,020k;121e,5,1,0,infeasible,,,1,16,15
E00544,020k;121e,5,1,1,infeasible,,,1,16,15
E00545,020k;121e,5,1,2,infeasible,,,1,16,15
E00546,020k;121e,6,0,0,optimal,3,1,1,16,15
E00547,020k;121e,6,0,1,infeasible,,,1,16,15
E00548,020k;121e,6,0,2,infeasible,,,1,16,15
E00549,020k;121e,6,1,0,infeasible,,,1,16,15
E00550,020k;121e,6,1,1,infeasible,,,1,16,15
E00551,020k;121e,6,1,2,infeasible,,,1,16,15
E00552,020k;121e,7,0,0,optimal,1,0,1,17,16
E00553,020k;121e,7,0,1,optimal,4,0;2,1,17,16
E00554,020k;121e,7,0,2,infeasible,,,1,17,16
E00555,020k;121e,7,0,3,infeasible,,,1,17,16
E00556,020k;121e,7,1,0,infeasible,,,1,17,16
E00557,020k;121e,7,1,1,infeasible,,,1,17,16
E00558,020k;121e,7,1,2,infeasible,,,1,17,16
E00559,020k;121e,7,1,3,infeasible,,,1,17,16
E00560,020r,0,0,0,infeasible,,,1,14,11
E00561,020r,0,1,0,infeasible,,,1,14,11
E00562,020r,1,0,0,optimal,1,0,1,15,12
E00563,020r,1,0,1,infeasible,,,1,15,12
E00564,020r,1,1,0,infeasible,,,1,15,12
E00565,020r,1,1,1,infeasible,,,1,15,12
E00566,020r,2,0,0,infeasible,,,1,15,12
E00567,020r,2,0,1,infeasible,,,1,15,12
E00568,020r,2,1,0,infeasible,,,1,15,12
E00569,020r,2,1,1,infeasible,,,1,15,12
E00570,020r,3,0,0,optimal,1,0,1,16,13
E00571,020r,3,0,1,infeasible,,,1,16,13
E00572,020r,3,0,2,infeasible,,,1,16,13
E00573,020r,3,1,0,infeasible,,,1,16,13
E00574,020r,3,1,1,infeasible,,,1,16,13
E00575,020r,3,1,2,infeasible,,,1,16,13
E00576,020r,4,0,0,infeasible,,,1,15,12
E00577,020r,4,0,1,infeasible,,,1,15,12
E00578,020r,4,1,0,infeasible,,,1,15,12
E00579,020r,4,1,1,infeasible,,,1,15,12
E00580,020r,5,0,0,optimal,1,0,1,16,13
E00581,020r,5,0,1,infeasible,,,1,16,13
E00582,020r,5,0,2,infeasible,,,1,16,13
E00583,020r,5,1,0,infeasible,,,1,16,13
E00584,020r,5,1,1,infeasible,,,1,16,13
E00585,020r,5,1,2,infeasible,,,1,16,13
E00586,020r,6,0,0,infeasible,,,1,16,13
E00587,020r,6,0,1,infeasible,,,1,16,13
E00588,020r,6,0,2,infeasible,,,1,16,13
E00589,020r,6,1,0,infeasible,,,1,16,13
E00590,020r,6,1,1,infeasible,,,1,16,13
E00591,020r,6,1,2,infeasible,,,1,16,13
E00592,020r,7,0,0,optimal,1,0,1,17,14
E00593,020r,7,0,1,infeasible,,,1,17,14
E00594,020r,7,0,2,infeasible,,,1,17,14
E00595,020r,7,0,3,infeasible,,,1,17,14
E00596,020r,7,1,0,infeasible,,,1,17,14
E00597,020r,7,1,1,infeasible,,,1,17,14
E00598,020r,7,1,2,infeasible,,,1,17,14
E00599,020r,7,1,3,infeasible,,,1,17,14
E00600,020r;120k,0,0,0,infeasible,,,1,14,13
E00601,020r;120k,0,1,0,infeasible,,,1,14,13
E00602,020r;120k,1,0,0,optimal,1,0,1,15,14
E00603,020r;120k,1,0,1,infeasible,,,1,15,14
E00604,020r;120k,1,1,0,infeasible,,,1,15,14
E00605,020r;120k,1,1,1,infeasible,,,1,15,14
E00606,020r;120k,2,0,0,infeasible,,,1,15,14
E00607,020r;120k,2,0,1,infeasible,,,1,15,14
E00608,020r;120k,2,1,0,infeasible,,,1,15,14
E00609,020r;120k,2,1,1,infeasible,,,1,15,14
E00610,020r;120k,3,0,0,optimal,1,0,1,16,15
E00611,020r;120k,3,0,1,infeasible,,,1,16,15
E00612,020r;120k,3,0,2,infeasible,,,1,16,15
E00613,020r;120k,3,1,0,infeasible,,,1,16,15
E00614,020r;120k,3,1,1,infeasible,,,1,16,15
E00615,020r;120k,3,1,2,infeasible,,,1,16,15
E00616,020r;120k,4,0,0,infeasible,,,1,15,14
E00617,020r;120k,4,0,1,infeasible,,,1,15,14
E00618,020r;120k,4,1,0,infeasible,,,1,15,14
E00619,020r;120k,4,1,1,infeasible,,,1,15,14
E00620,020r;120k,5,0,0,optimal,1,0,1,16,15
E00621,020r;120k,5,0,1,infeasible,,,1,16,15
E00622,020r;120k,5,0,2,infeasible,,,1,16,15
E00623,020r;120k,5,1,0,infeasible,,,1,16,15
E00624,020r;120k,5,1,1,infeasible,,,1,16,15
E00625,020r;120k,5,1,2,infeasible,,,1,16,15
E00626,020r;120k,6,0,0,infeasible,,,1,16,15
E00627,020r;120k,6,0,1,infeasible,,,1,16,15
E00628,020r;120k,6,0,2,infeasible,,,1,16,15
E00629,020r;120k,6,1,0,infeasible,,,1,16,15
E00630,020r;120k,6,1,1,infeasible,,,1,16,15
E00631,020r;120k,6,1,2,infeasible,,,1,16,15
E00632,020r;120k,7,0,0,optimal,1,0,1,17,16
E00633,020r;120k,7,0,1,infeasible,,,1,17,16
E00634,020r;120k,7,0,2,infeasible,,,1,17,16
E00635,020r;120k,7,0,3,infeasible,,,1,17,16
E00636,020r;120k,7,1,0,infeasible,,,1,17,16
E00637,020r;120k,7,1,1,infeasible,,,1,17,16
E00638,020r;120k,7,1,2,infeasible,,,1,17,16
E00639,020r;120k,7,1,3,infeasible,,,1,17,16
E00640,020r;120r,0,0,0,infeasible,,,1,14,13
E00641,020r;120r,0,1,0,infeasible,,,1,14,13
E00642,020r;120r,1,0,0,optimal,1,0,1,15,14
E00643,020r;120r,1,0,1,infeasible,,,1,15,14
E00644,020r;120r,1,1,0,infeasible,,,1,15,14
E00645,020r;120r,1,1,1,infeasible,,,1,15,14
E00646,020r;120r,2,0,0,infeasible,,,1,15,14
E00647,020r;120r,2,0,1,infeasible,,,1,15,14
E00648,020r;120r,2,1,0,infeasible,,,1,15,14
E00649,020r;120r,2,1,1,infeasible,,,1,15,14
E00650,020r;120r,3,0,0,optimal,1,0,1,16,15
E00651,020r;120r,3,0,1,infeasible,,,1,16,15
E00652,020r;120r,3,0,2,infeasible,,,1,16,15
E00653,020r;120r,3,1,0,infeasible,,,1,16,15
E00654,020r;120r,3,1,1,infeasible,,,1,16,15
E00655,020r;120r,3,1,2,infeasible,,,1,16,15
E00656,020r;120r,4,0,0,infeasible,,,1,15,14
E00657,020r;120r,4,0,1,infeasible,,,1,15,14
E00658,020r;120r,4,1,0,infeasible,,,1,15,14
E00659,020r;120r,4,1,1,infeasible,,,1,15,14
E00660,020r;120r,5,0,0,optimal,1,0,1,16,15
E00661,020r;120r,5,0,1,infeasible,,,1,16,15
E00662,020r;120r,5,0,2,infeasible,,,1,16,15
E00663,020r;120r,5,1,0,infeasible,,,1,16,15
E00664,020r;120r,5,1,1,infeasible,,,1,16,15
E00665,020r;120r,5,1,2,infeasible,,,1,16,15
E00666,020r;120r,6,0,0,infeasible,,,1,16,15
E00667,020r;120r,6,0,1,infeasible,,,1,16,15
E00668,020r;120r,6,0,2,infeasible,,,1,16,15
E00669,020r;120r,6,1,0,infeasible,,,1,16,15
E00670,020r;120r,6,1,1,infeasible,,,1,16,15
E00671,020r;120r,6,1,2,infeasible,,,1,16,15
E00672,020r;120r,7,0,0,optimal,1,0,1,17,16
E00673,020r;120r,7,0,1,infeasible,,,1,17,16
E00674,020r;120r,7,0,2,infeasible,,,1,17,16
E00675,020r;120r,7,0,3,infeasible,,,1,17,16
E00676,020r;120r,7,1,0,infeasible,,,1,17,16
E00677,020r;120r,7,1,1,infeasible,,,1,17,16
E00678,020r;120r,7,1,2,infeasible,,,1,17,16
E00679,020r;120r,7,1,3,infeasible,,,1,17,16
E00680,020r;120e,0,0,0,infeasible,,,1,14,14
E00681,020r;120e,0,1,0,infeasible,,,1,14,14
E00682,020r;120e,1,0,0,optimal,1,0,1,15,15
E00683,020r;120e,1,0,1,infeasible,,,1,15,15
E00684,020r;120e,1,1,0,infeasible,,,1,15,15
E00685,020r;120e,1,1,1,infeasible,,,1,15,15
E00686,020r;120e,2,0,0,infeasible,,,1,15,15
E00687,020r;120e,2,0,1,infeasible,,,1,15,15
E00688,020r;120e,2,1,0,infeasible,,,1,15,15
E00689,020r;120e,2,1,1,infeasible,,,1,15,15
E00690,020r;120e,3,0,0,optimal,1,0,1,16,16
E00691,020r;120e,3,0,1,infeasible,,,1,16,16
E00692,020r;120e,3,0,2,infeasible,,,1,16,16
E00693,020r;120e,3,1,0,infeasible,,,1,16,16
E00694,020r;120e,3,1,1,infeasible,,,1,16,16
E00695,020r;120e,3,1,2,infeasible,,,1,16,16
E00696,020r;120e,4,0,0,infeasible,,,1,15,15
E00697,020r;120e,4,0,1,infeasible,,,1,15,15
E00698,020r;120e,4,1,0,infeasible,,,1,15,15
E00699,020r;120e,4,1,1,infeasible,,,1,15,15
E00700,020r;120e,5,0,0,optimal,1,0,1,16,16
E00701,020r;120e,5,0,1,infeasible,,,1,16,16
E00702,020r;120e,5,0,2,infeasible,,,1,16,16
E00703,020r;120e,5,1,0,infeasible,,,1,16,16
E00704,020r;120e,5,1,1,infeasible,,,1,16,16
E00705,020r;120e,5,1,2,infeasible,,,1,16,16
E00706,020r;120e,6,0,0,infeasible,,,1,16,16
E00707,020r;120e,6,0,1,infeasible,,,1,16,16
E00708,020r;120e,6,0,2,infeasible,,,1,16,16
E00709,020r;120e,6,1,0,infeasible,,,1,16,16
E00710,020r;120e,6,1,1,infeasible,,,1,16,16
E00711,020r;120e,6,1,2,infeasible,,,1,16,16
E00712,020r;120e,7,0,0,optimal,1,0,1,17,17
E00713,020r;120e,7,0,1,infeasible,,,1,17,17
E00714,020r;120e,7,0,2,infeasible,,,1,17,17
E00715,020r;120e,7,0,3,infeasible,,,1,17,17
E00716,020r;120e,7,1,0,infeasible,,,1,17,17
E00717,020r;120e,7,1,1,infeasible,,,1,17,17
E00718,020r;120e,7,1,2,infeasible,,,1,17,17
E00719,020r;120e,7,1,3,infeasible,,,1,17,17
E00720,020r;121k,0,0,0,infeasible,,,1,14,12
E00721,020r;121k,0,1,0,infeasible,,,1,14,12
E00722,020r;121k,1,0,0,optimal,1,0,1,15,13
E00723,020r;121k,1,0,1,infeasible,,,1,15,13
E00724,020r;121k,1,1,0,infeasible,,,1,15,13
E00725,020r;121k,1,1,1,infeasible,,,1,15,13
E00726,020r;121k,2,0,0,infeasible,,,1,15,13
E00727,020r;121k,2,0,1,infeasible,,,1,15,13
E00728,020r;121k,2,1,0,infeasible,,,1,15,13
E00729,020r;121k,2,1,1,infeasible,,,1,15,13
E00730,020r;121k,3,0,0,optimal,1,0,1,16,14
E00731,020r;121k,3,0,1,infeasible,,,1,16,14
E00732,020r;121k,3,0,2,infeasible,,,1,16,14
E00733,020r;121k,3,1,0,infeasible,,,1,16,14
E00734,020r;121k,3,1,1,infeasible,,,1,16,14
E00735,020r;121k,3,1,2,infeasible,,,1,16,14
E00736,020r;121k,4,0,0,infeasible,,,1,15,13
E00737,020r;121k,4,0,1,infeasible,,,1,15,13
E00738,020r;121k,4,1,0,infeasible,,,1,15,13
E00739,020r;121k,4,1,1,infeasible,,,1,15,13
E00740,020r;121k,5,0,0,optimal,1,0,1,16,14
E00741,020r;121k,5,0,1,infeasible,,,1,16,14
E00742,020r;121k,5,0,2,infeasible,,,1,16,14
E00743,020r;121k,5,1,0,infeasible,,,1,16,14
E00744,020r;121k,5,1,1,infeasible,,,1,16,14
E00745,020r;121k,5,1,2,infeasible,,,1,16,14
E00746,020r;121k,6,0,0,infeasible,,,1,16,14
E00747,020r;121k,6,0,1,infeasible,,,1,16,14
E00748,020r;121k,6,0,2,infeasible,,,1,16,14
E00749,020r;121k,6,1,0,infeasible,,,1,16,14
E00750,020r;121k,6,1,1,infeasible,,,1,16,14
E00751,020r;121k,6,1,2,infeasible,,,1,16,14
E00752,020r;121k,7,0,0,optimal,1,0,1,17,15
E00753,020r;121k,7,0,1,infeasible,,,1,17,15
E00754,020r;121k,7,0,2,infeasible,,,1,17,15
E00755,020r;121k,7,0,3,infeasible,,,1,17,15
E00756,020r;121k,7,1,0,infeasible,,,1,17,15
E00757,020r;121k,7,1,1,infeasible,,,1,17,15
E00758,020r;121k,7,1,2,infeasible,,,1,17,15
E00759,020r;121k,7,1,3,infeasible,,,1,17,15
E00760,020r;121r,0,0,0,infeasible,,,1,14,12
E00761,020r;121r,0,1,0,infeasible,,,1,14,12
E00762,020r;121r,1,0,0,optimal,1,0,1,15,13
E00763,020r;121r,1,0,1,infeasible,,,1,15,13
E00764,020r;121r,1,1,0,infeasible,,,1,15,13
E00765,020r;121r,1,1,1,infeasible,,,1,15,13
E00766,020r;121r,2,0,0,infeasible,,,1,15,13
E00767,020r;121r,2,0,1,infeasible,,,1,15,13
E00768,020r;121r,2,1,0,infeasible,,,1,15,13
E00769,020r;121r,2,1,1,infeasible,,,1,15,13
E00770,020r;121r,3,0,0,optimal,1,0,1,16,14
E00771,020r;121r,3,0,1,infeasible,,,1,16,14
E00772,020r;121r,3,0,2,infeasible,,,1,16,14
E00773,020r;121r,3,1,0,infeasible,,,1,16,14
E00774,020r;121r,3,1,1,infeasible,,,1,16,14
E00775,020r;121r,3,1,2,infeasible,,,1,16,14
E00776,020r;121r,4,0,0,infeasible,,,1,15,13
E00777,020r;121r,4,0,1,infeasible,,,1,15,13
E00778,020r;121r,4,1,0,infeasible,,,1,15,13
E00779,020r;121r,4,1,1,infeasible,,,1,15,13
E00780,020r;121r,5,0,0,optimal,1,0,1,16,14
E00781,020r;121r,5,0,1,infeasible,,,1,16,14
E00782,020r;121r,5,0,2,infeasible,,,1,16,14
E00783,020r;121r,5,1,0,infeasible,,,1,16,14
E00784,020r;121r,5,1,1,infeasible,,,1,16,14
E00785,020r;121r,5,1,2,infeasible,,,1,16,14
E00786,020r;121r,6,0,0,infeasible,,,1,16,14
E00787,020r;121r,6,0,1,infeasible,,,1,16,14
E00788,020r;121r,6,0,2,infeasible,,,1,16,14
E00789,020r;121r,6,1,0,infeasible,,,1,16,14
E00790,020r;121r,6,1,1,infeasible,,,1,16,14
E00791,020r;121r,6,1,2,infeasible,,,1,16,14
E00792,020r;121r,7,0,0,optimal,1,0,1,17,15
E00793,020r;121r,7,0,1,infeasible,,,1,17,15
E00794,020r;121r,7,0,2,infeasible,,,1,17,15
E00795,020r;121r,7,0,3,infeasible,,,1,17,15
E00796,020r;121r,7,1,0,infeasible,,,1,17,15
E00797,020r;121r,7,1,1,infeasible,,,1,17,15
E00798,020r;121r,7,1,2,infeasible,,,1,17,15
E00799,020r;121r,7,1,3,infeasible,,,1,17,15
E00800,020r;121e,0,0,0,infeasible,,,1,14,13
E00801,020r;121e,0,1,0,infeasible,,,1,14,13
E00802,020r;121e,1,0,0,optimal,1,0,1,15,14
E00803,020r;121e,1,0,1,infeasible,,,1,15,14
E00804,020r;121e,1,1,0,infeasible,,,1,15,14
E00805,020r;121e,1,1,1,infeasible,,,1,15,14
E00806,020r;121e,2,0,0,infeasible,,,1,15,14
E00807,020r;121e,2,0,1,infeasible,,,1,15,14
E00808,020r;121e,2,1,0,infeasible,,,1,15,14
E00809,020r;121e,2,1,1,infeasible,,,1,15,14
E00810,020r;121e,3,0,0,optimal,1,0,1,16,15
E00811,020r;121e,3,0,1,infeasible,,,1,16,15
E00812,020r;121e,3,0,2,infeasible,,,1,16,15
E00813,020r;121e,3,1,0,infeasible,,,1,16,15
E00814,020r;121e,3,1,1,infeasible,,,1,16,15
E00815,020r;121e,3,1,2,infeasible,,,1,16,15
E00816,020r;121e,4,0,0,infeasible,,,1,15,14
E00817,020r;121e,4,0,1,infeasible,,,1,15,14
E00818,020r;121e,4,1,0,infeasible,,,1,15,14
E00819,020r;121e,4,1,1,infeasible,,,1,15,14
E00820,020r;121e,5,0,0,optimal,1,0,1,16,15
E00821,020r;121e,5,0,1,infeasible,,,1,16,15
E00822,020r;121e,5,0,2,infeasible,,,1,16,15
E00823,020r;121e,5,1,0,infeasible,,,1,16,15
E00824,020r;121e,5,1,1,infeasible,,,1,16,15
E00825,020r;121e,5,1,2,infeasible,,,1,16,15
E00826,020r;121e,6,0,0,infeasible,,,1,16,15
E00827,020r;121e,6,0,1,infeasible,,,1,16,15
E00828,020r;121e,6,0,2,infeasible,,,1,16,15
E00829,020r;121e,6,1,0,infeasible,,,1,16,15
E00830,020r;121e,6,1,1,infeasible,,,1,16,15
E00831,020r;121e,6,1,2,infeasible,,,1,16,15
E00832,020r;121e,7,0,0,optimal,1,0,1,17,16
E00833,020r;121e,7,0,1,infeasible,,,1,17,16
E00834,020r;121e,7,0,2,infeasible,,,1,17,16
E00835,020r;121e,7,0,3,infeasible,,,1,17,16
E00836,020r;121e,7,1,0,infeasible,,,1,17,16
E00837,020r;121e,7,1,1,infeasible,,,1,17,16
E00838,020r;121e,7,1,2,infeasible,,,1,17,16
E00839,020r;121e,7,1,3,infeasible,,,1,17,16
E00840,020e,0,0,0,infeasible,,,2,14,12
E00841,020e,0,1,0,infeasible,,,1,14,12
E00842,020e,1,0,0,optimal,1,0,2,15,13
E00843,020e,1,0,1,infeasible,,,2,15,13
E00844,020e,1,1,0,infeasible,,,1,15,13
E00845,020e,1,1,1,infeasible,,,1,15,13
E00846,020e,2,0,0,infeasible,,,2,15,13
E00847,020e,2,0,1,infeasible,,,2,15,13
E00848,020e,2,1,0,infeasible,,,1,15,13
E00849,020e,2,1,1,infeasible,,,1,15,13
E00850,020e,3,0,0,optimal,1,0,2,16,14
E00851,020e,3,0,1,infeasible,,,2,16,14
E00852,020e,3,0,2,infeasible,,,2,16,14
E00853,020e,3,1,0,infeasible,,,1,16,14
E00854,020e,3,1,1,infeasible,,,1,16,14
E00855,020e,3,1,2,infeasible,,,1,16,14
E00856,020e,4,0,0,infeasible,,,2,15,13
E00857,020e,4,0,1,infeasible,,,2,15,13
E00858,020e,4,1,0,infeasible,,,1,15,13
E00859,020e,4,1,1,infeasible,,,1,15,13
E00860,020e,5,0,0,optimal,1,0,2,16,14
E00861,020e,5,0,1,infeasible,,,2,16,14
E00862,020e,5,0,2,infeasible,,,2,16,14
E00863,020e,5,1,0,infeasible,,,1,16,14
E00864,020e,5,1,1,infeasible,,,1,16,14
E00865,020e,5,1,2,infeasible,,,1,16,14
E00866,020e,6,0,0,infeasible,,,2,16,14
E00867,020e,6,0,1,infeasible,,,2,16,14
E00868,020e,6,0,2,infeasible,,,2,16,14
E00869,020e,6,1,0,infeasible,,,1,16,14
E00870,020e,6,1,1,infeasible,,,1,16,14
E00871,020e,6,1,2,infeasible,,,1,16,14
E00872,020e,7,0,0,optimal,1,0,2,17,15
E00873,020e,7,0,1,infeasible,,,2,17,15
E00874,020e,7,0,2,infeasible,,,2,17,15
E00875,020e,7,0,3,infeasible,,,2,17,15
E00876,020e,7,1,0,infeasible,,,1,17,15
E00877,020e,7,1,1,infeasible,,,1,17,15
E00878,020e,7,1,2,infeasible,,,1,17,15
E00879,020e,7,1,3,infeasible,,,1,17,15
E00880,020e;120k,0,0,0,infeasible,,,2,14,14
E00881,020e;120k,0,1,0,infeasible,,,1,14,14
E00882,020e;120k,1,0,0,optimal,1,0,2,15,15
E00883,020e;120k,1,0,1,infeasible,,,2,15,15
E00884,020e;120k,1,1,0,infeasible,,,1,15,15
E00885,020e;120k,1,1,1,infeasible,,,1,15,15
E00886,020e;120k,2,0,0,infeasible,,,2,15,15
E00887,020e;120k,2,0,1,infeasible,,,2,15,15
E00888,020e;120k,2,1,0,infeasible,,,1,15,15
E00889,020e;120k,2,1,1,infeasible,,,1,15,15
E00890,020e;120k,3,0,0,optimal,1,0,2,16,16
E00891,020e;120k,3,0,1,infeasible,,,2,16,16
E00892,020e;120k,3,0,2,infeasible,,,2,16,16
E00893,020e;120k,3,1,0,infeasible,,,1,16,16
E00894,020e;120k,3,1,1,infeasible,,,1,16,16
E00895,020e;120k,3,1,2,infeasible,,,1,16,16
E00896,020e;120k,4,0,0,infeasible,,,2,15,15
E00897,020e;120k,4,0,1,infeasible,,,2,15,15
E00898,020e;120k,4,1,0,infeasible,,,1,15,15
E00899,020e;120k,4,1,1,infeasible,,,1,15,15
E00900,020e;120k,5,0,0,optimal,1,0,2,16,16
E00901,020e;120k,5,0,1,infeasible,,,2,16,16
E00902,020e;120k,5,0,2,infeasible,,,2,16,16
E00903,020e;120k,5,1,0,infeasible,,,1,16,16
E00904,020e;120k,5,1,1,infeasible,,,1,16,16
E00905,020e;120k,5,1,2,infeasible,,,1,16,16
E00906,020e;120k,6,0,0,infeasible,,,2,16,16
E00907,020e;120k,6,0,1,infeasible,,,2,16,16
E00908,020e;120k,6,0,2,infeasible,,,2,16,16
E00909,020e;120k,6,1,0,infeasible,,,1,16,16
E00910,020e;120k,6,1,1,infeasible,,,1,16,16
E00911,020e;120k,6,1,2,infeasible,,,1,16,16
E00912,020e;120k,7,0,0,optimal,1,0,2,17,17
E00913,020e;120k,7,0,1,infeasible,,,2,17,17
E00914,020e;120k,7,0,2,infeasible,,,2,17,17
E00915,020e;120k,7,0,3,infeasible,,,2,17,17
E00916,020e;120k,7,1,0,infeasible,,,1,17,17
E00917,020e;120k,7,1,1,infeasible,,,1,17,17
E00918,020e;120k,7,1,2,infeasible,,,1,17,17
E00919,020e;120k,7,1,3,infeasible,,,1,17,17
E00920,020e;120r,0,0,0,infeasible,,,2,14,14
E00921,020e;120r,0,1,0,infeasible,,,1,14,14
E00922,020e;120r,1,0,0,optimal,1,0,2,15,15
E00923,020e;120r,1,0,1,infeasible,,,2,15,15
E00924,020e;120r,1,1,0,infeasible,,,1,15,15
E00925,020e;120r,1,1,1,infeasible,,,1,15,15
E00926,020e;120r,2,0,0,infeasible,,,2,15,15
E00927,020e;120r,2,0,1,infeasible,,,2,15,15
E00928,020e;120r,2,1,0,infeasible,,,1,15,15
E00929,020e;120r,2,1,1,infeasible,,,1,15,15
E00930,020e;120r,3,0,0,optimal,1,0,2,16,16
E00931,020e;120r,3,0,1,infeasible,,,2,16,16
E00932,020e;120r,3,0,2,infeasible,,,2,16,16
E00933,020e;120r,3,1,0,infeasible,,,1,16,16
E00934,020e;120r,3,1,1,infeasible,,,1,16,16
E00935,020e;120r,3,1,2,infeasible,,,1,16,16
E00936,020e;120r,4,0,0,infeasible,,,2,15,15
E00937,020e;120r,4,0,1,infeasible,,,2,15,15
E00938,020e;120r,4,1,0,infeasible,,,1,15,15
E00939,020e;120r,4,1,1,infeasible,,,1,15,15
E00940,020e;120r,5,0,0,optimal,1,0,2,16,16
E00941,020e;120r,5,0,1,infeasible,,,2,16,16
E00942,020e;120r,5,0,2,infeasible,,,2,16,16
E00943,020e;120r,5,1,0,infeasible,,,1,16,16
E00944,020e;120r,5,1,1,infeasible,,,1,16,16
E00945,020e;120r,5,1,2,infeasible,,,1,16,16
E00946,020e;120r,6,0,0,infeasible,,,2,16,16
E00947,020e;120r,6,0,1,infeasible,,,2,16,16
E00948,020e;120r,6,0,2,infeasible,,,2,16,16
E00949,020e;120r,6,1,0,infeasible,,,1,16,16
E00950,020e;120r,6,1,1,infeasible,,,1,16,16
E00951,020e;120r,6,1,2,infeasible,,,1,16,16
E00952,020e;120r,7,0,0,optimal,1,0,2,17,17
E00953,020e;120r,7,0,1,infeasible,,,2,17,17
E00954,020e;120r,7,0,2,infeasible,,,2,17,17
E00955,020e;120r,7,0,3,infeasible,,,2,17,17
E00956,020e;120r,7,1,0,infeasible,,,1,17,17
E00957,020e;120r,7,1,1,infeasible,,,1,17,17
E00958,020e;120r,7,1,2,infeasible,,,1,17,17
E00959,020e;120r,7,1,3,infeasible,,,1,17,17
E00960,020e;120e,0,0,0,infeasible,,,2,14,15
E00961,020e;120e,0,1,0,infeasible,,,1,14,15
E00962,020e;120e,1,0,0,optimal,1,0,2,15,16
E00963,020e;120e,1,0,1,infeasible,,,2,15,16
E00964,020e;120e,1,1,0,infeasible,,,1,15,16
E00965,020e;120e,1,1,1,infeasible,,,1,15,16
E00966,020e;120e,2,0,0,infeasible,,,2,15,16
E00967,020e;120e,2,0,1,infeasible,,,2,15,16
E00968,020e;120e,2,1,0,infeasible,,,1,15,16
E00969,020e;120e,2,1,1,infeasible,,,1,15,16
E00970,020e;120e,3,0,0,optimal,1,0,2,16,17
E00971,020e;120e,3,0,1,infeasible,,,2,16,17
E00972,020e;120e,3,0,2,infeasible,,,2,16,17
E00973,020e;120e,3,1,0,infeasible,,,1,16,17
E00974,020e;120e,3,1,1,infeasible,,,1,16,17
E00975,020e;120e,3,1,2,infeasible,,,1,16,17
E00976,020e;120e,4,0,0,infeasible,,,2,15,16
E00977,020e;120e,4,0,1,infeasible,,,2,15,16
E00978,020e;120e,4,1,0,infeasible,,,1,15,16
E00979,020e;120e,4,1,1,infeasible,,,1,15,16
E00980,020e;120e,5,0,0,optimal,1,0,2,16,17
E00981,020e;120e,5,0,1,infeasible,,,2,16,17
E00982,020e;120e,5,0,2,infeasible,,,2,16,17
E00983,020e;120e,5,1,0,infeasible,,,1,16,17
E00984,020e;120e,5,1,1,infeasible,,,1,16,17
E00985,020e;120e,5,1,2,infeasible,,,1,16,17
E00986,020e;120e,6,0,0,infeasible,,,2,16,17
E00987,020e;120e,6,0,1,infeasible,,,2,16,17
E00988,020e;120e,6,0,2,infeasible,,,2,16,17
E00989,020e;120e,6,1,0,infeasible,,,1,16,17
E00990,020e;120e,6,1,1,infeasible,,,1,16,17
E00991,020e;120e,6,1,2,infeasible,,,1,16,17
E00992,020e;120e,7,0,0,optimal,1,0,2,17,18
E00993,020e;120e,7,0,1,infeasible,,,2,17,18
E00994,020e;120e,7,0,2,infeasible,,,2,17,18
E00995,020e;120e,7,0,3,infeasible,,,2,17,18
E00996,020e;120e,7,1,0,infeasible,,,1,17,18
E00997,020e;120e,7,1,1,infeasible,,,1,17,18
E00998,020e;120e,7,1,2,infeasible,,,1,17,18
E00999,020e;120e,7,1,3,infeasible,,,1,17,18
E01000,020e;121k,0,0,0,infeasible,,,2,14,13
E01001,020e;121k,0,1,0,infeasible,,,1,14,13
E01002,020e;121k,1,0,0,optimal,1,0,2,15,14
E01003,020e;121k,1,0,1,infeasible,,,2,15,14
E01004,020e;121k,1,1,0,infeasible,,,1,15,14
E01005,020e;121k,1,1,1,infeasible,,,1,15,14
E01006,020e;121k,2,0,0,infeasible,,,2,15,14
E01007,020e;121k,2,0,1,infeasible,,,2,15,14
E01008,020e;121k,2,1,0,infeasible,,,1,15,14
E01009,020e;121k,2,1,1,infeasible,,,1,15,14
E01010,020e;121k,3,0,0,optimal,1,0,2,16,15
E01011,020e;121k,3,0,1,infeasible,,,2,16,15
E01012,020e;121k,3,0,2,infeasible,,,2,16,15
E01013,020e;121k,3,1,0,infeasible,,,1,16,15
E01014,020e;121k,3,1,1,infeasible,,,1,16,15
E01015,020e;121k,3,1,2,infeasible,,,1,16,15
E01016,020e;121k,4,0,0,infeasible,,,2,15,14
E01017,020e;121k,4,0,1,infeasible,,,2,15,14
E01018,020e;121k,4,1,0,infeasible,,,1,15,14
E01019,020e;121k,4,1,1,infeasible,,,1,15,14
E01020,020e;121k,5,0,0,optimal,1,0,2,16,15
E01021,020e;121k,5,0,1,infeasible,,,2,16,15
E01022,020e;121k,5,0,2,infeasible,,,2,16,15
E01023,020e;121k,5,1,0,infeasible,,,1,16,15
E01024,020e;121k,5,1,1,infeasible,,,1,16,15
E01025,020e;121k,5,1,2,infeasible,,,1,16,15
E01026,020e;121k,6,0,0,infeasible,,,2,16,15
E01027,020e;121k,6,0,1,infeasible,,,2,16,15
E01028,020e;121k,6,0,2,infeasible,,,2,16,15
E01029,020e;121k,6,1,0,infeasible,,,1,16,15
E01030,020e;121k,6,1,1,infeasible,,,1,16,15
E01031,020e;121k,6,1,2,infeasible,,,1,16,15
E01032,020e;121k,7,0,0,optimal,1,0,2,17,16
E01033,020e;121k,7,0,1,infeasible,,,2,17,16
E01034,020e;121k,7,0,2,infeasible,,,2,17,16
E01035,020e;121k,7,0,3,infeasible,,,2,17,16
E01036,020e;121k,7,1,0,infeasible,,,1,17,16
E01037,020e;121k,7,1,1,infeasible,,,1,17,16
E01038,020e;121k,7,1,2,infeasible,,,1,17,16
E01039,020e;121k,7,1,3,infeasible,,,1,17,16
E01040,020e;121r,0,0,0,infeasible,,,2,14,13
E01041,020e;121r,0,1,0,infeasible,,,1,14,13
E01042,020e;121r,1,0,0,optimal,1,0,2,15,14
E01043,020e;121r,1,0,1,infeasible,,,2,15,14
E01044,020e;121r,1,1,0,infeasible,,,1,15,14
E01045,020e;121r,1,1,1,infeasible,,,1,15,14
E01046,020e;121r,2,0,0,infeasible,,,2,15,14
E01047,020e;121r,2,0,1,infeasible,,,2,15,14
E01048,020e;121r,2,1,0,infeasible,,,1,15,14
E01049,020e;121r,2,1,1,infeasible,,,1,15,14
E01050,020e;121r,3,0,0,optimal,1,0,2,16,15
E01051,020e;121r,3,0,1,infeasible,,,2,16,15
E01052,020e;121r,3,0,2,infeasible,,,2,16,15
E01053,020e;121r,3,1,0,infeasible,,,1,16,15
E01054,020e;121r,3,1,1,infeasible,,,1,16,15
E01055,020e;121r,3,1,2,infeasible,,,1,16,15
E01056,020e;121r,4,0,0,infeasible,,,2,15,14
E01057,020e;121r,4,0,1,infeasible,,,2,15,14
E01058,020e;121r,4,1,0,infeasible,,,1,15,14
E01059,020e;121r,4,1,1,infeasible,,,1,15,14
E01060,020e;121r,5,0,0,optimal,1,0,2,16,15
E01061,020e;121r,5,0,1,infeasible,,,2,16,15
E01062,020e;121r,5,0,2,infeasible,,,2,16,15
E01063,020e;121r,5,1,0,infeasible,,,1,16,15
E01064,020e;121r,5,1,1,infeasible,,,1,16,15
E01065,020e;121r,5,1,2,infeasible,,,1,16,15
E01066,020e;121r,6,0,0,infeasible,,,2,16,15
E01067,020e;121r,6,0,1,infeasible,,,2,16,15
E01068,020e;121r,6,0,2,infeasible,,,2,16,15
E01069,020e;121r,6,1,0,infeasible,,,1,16,15
E01070,020e;121r,6,1,1,infeasible,,,1,16,15
E01071,020e;121r,6,1,2,infeasible,,,1,16,15
E01072,020e;121r,7,0,0,optimal,1,0,2,17,16
E01073,020e;121r,7,0,1,infeasible,,,2,17,16
E01074,020e;121r,7,0,2,infeasible,,,2,17,16
E01075,020e;121r,7,0,3,infeasible,,,2,17,16
E01076,020e;121r,7,1,0,infeasible,,,1,17,16
E01077,020e;121r,7,1,1,infeasible,,,1,17,16
E01078,020e;121r,7,1,2,infeasible,,,1,17,16
E01079,020e;121r,7,1,3,infeasible,,,1,17,16
E01080,020e;121e,0,0,0,infeasible,,,2,14,14
E01081,020e;121e,0,1,0,infeasible,,,1,14,14
E01082,020e;121e,1,0,0,optimal,1,0,2,15,15
E01083,020e;121e,1,0,1,infeasible,,,2,15,15
E01084,020e;121e,1,1,0,infeasible,,,1,15,15
E01085,020e;121e,1,1,1,infeasible,,,1,15,15
E01086,020e;121e,2,0,0,infeasible,,,2,15,15
E01087,020e;121e,2,0,1,infeasible,,,2,15,15
E01088,020e;121e,2,1,0,infeasible,,,1,15,15
E01089,020e;121e,2,1,1,infeasible,,,1,15,15
E01090,020e;121e,3,0,0,optimal,1,0,2,16,16
E01091,020e;121e,3,0,1,infeasible,,,2,16,16
E01092,020e;121e,3,0,2,infeasible,,,2,16,16
E01093,020e;121e,3,1,0,infeasible,,,1,16,16
E01094,020e;121e,3,1,1,infeasible,,,1,16,16
E01095,020e;121e,3,1,2,infeasible,,,1,16,16
E01096,020e;121e,4,0,0,infeasible,,,2,15,15
E01097,020e;121e,4,0,1,infeasible,,,2,15,15
E01098,020e;121e,4,1,0,infeasible,,,1,15,15
E01099,020e;121e,4,1,1,infeasible,,,1,15,15
E01100,020e;121e,5,0,0,optimal,1,0,2,16,16
E01101,020e;121e,5,0,1,infeasible,,,2,16,16
E01102,020e;121e,5,0,2,infeasible,,,2,16,16
E01103,020e;121e,5,1,0,infeasible,,,1,16,16
E01104,020e;121e,5,1,1,infeasible,,,1,16,16
E01105,020e;121e,5,1,2,infeasible,,,1,16,16
E01106,020e;121e,6,0,0,infeasible,,,2,16,16
E01107,020e;121e,6,0,1,infeasible,,,2,16,16
E01108,020e;121e,6,0,2,infeasible,,,2,16,16
E01109,020e;121e,6,1,0,infeasible,,,1,16,16
E01110,020e;121e,6,1,1,infeasible,,,1,16,16
E01111,020e;121e,6,1,2,infeasible,,,1,16,16
E01112,020e;121e,7,0,0,optimal,1,0,2,17,17
E01113,020e;121e,7,0,1,infeasible,,,2,17,17
E01114,020e;121e,7,0,2,infeasible,,,2,17,17
E01115,020e;121e,7,0,3,infeasible,,,2,17,17
E01116,020e;121e,7,1,0,infeasible,,,1,17,17
E01117,020e;121e,7,1,1,infeasible,,,1,17,17
E01118,020e;121e,7,1,2,infeasible,,,1,17,17
E01119,020e;121e,7,1,3,infeasible,,,1,17,17
E01120,021k,0,0,0,infeasible,,,1,14,10
E01121,021k,0,1,0,vacuous,0,,0,14,10
E01122,021k,1,0,0,optimal,1,0,1,15,11
E01123,021k,1,0,1,infeasible,,,1,15,11
E01124,021k,1,1,0,vacuous,0,,0,15,11
E01125,021k,1,1,1,vacuous,0,,0,15,11
E01126,021k,2,0,0,infeasible,,,1,15,11
E01127,021k,2,0,1,infeasible,,,1,15,11
E01128,021k,2,1,0,vacuous,0,,0,15,11
E01129,021k,2,1,1,vacuous,0,,0,15,11
E01130,021k,3,0,0,optimal,1,0,1,16,12
E01131,021k,3,0,1,infeasible,,,1,16,12
E01132,021k,3,0,2,infeasible,,,1,16,12
E01133,021k,3,1,0,vacuous,0,,0,16,12
E01134,021k,3,1,1,vacuous,0,,0,16,12
E01135,021k,3,1,2,vacuous,0,,0,16,12
E01136,021k,4,0,0,optimal,3,0,1,15,11
E01137,021k,4,0,1,infeasible,,,1,15,11
E01138,021k,4,1,0,vacuous,0,,0,15,11
E01139,021k,4,1,1,vacuous,0,,0,15,11
E01140,021k,5,0,0,optimal,1,0,1,16,12
E01141,021k,5,0,1,optimal,4,0;1,1,16,12
E01142,021k,5,0,2,infeasible,,,1,16,12
E01143,021k,5,1,0,vacuous,0,,0,16,12
E01144,021k,5,1,1,vacuous,0,,0,16,12
E01145,021k,5,1,2,vacuous,0,,0,16,12
E01146,021k,6,0,0,optimal,3,1,1,16,12
E01147,021k,6,0,1,infeasible,,,1,16,12
E01148,021k,6,0,2,infeasible,,,1,16,12
E01149,021k,6,1,0,vacuous,0,,0,16,12
E01150,021k,6,1,1,vacuous,0,,0,16,12
E01151,021k,6,1,2,vacuous,0,,0,16,12
E01152,021k,7,0,0,optimal,1,0,1,17,13
E01153,021k,7,0,1,optimal,4,0;2,1,17,13
E01154,021k,7,0,2,infeasible,,,1,17,13
E01155,021k,7,0,3,infeasible,,,1,17,13
E01156,021k,7,1,0,vacuous,0,,0,17,13
E01157,021k,7,1,1,vacuous,0,,0,17,13
E01158,021k,7,1,2,vacuous,0,,0,17,13
E01159,021k,7,1,3,vacuous,0,,0,17,13
E01160,021k;120k,0,0,0,infeasible,,,1,14,12
E01161,021k;120k,0,1,0,vacuous,0,,0,14,12
E01162,021k;120k,1,0,0,optimal,1,0,1,15,13
E01163,021k;120k,1,0,1,infeasible,,,1,15,13
E01164,021k;120k,1,1,0,vacuous,0,,0,15,13
E01165,021k;120k,1,1,1,vacuous,0,,0,15,13
E01166,021k;120k,2,0,0,infeasible,,,1,15,13
E01167,021k;120k,2,0,1,infeasible,,,1,15,13
E01168,021k;120k,2,1,0,vacuous,0,,0,15,13
E01169,021k;120k,2,1,1,vacuous,0,,0,15,13
E01170,021k;120k,3,0,0,optimal,1,0,1,16,14
E01171,021k;120k,3,0,1,infeasible,,,1,16,14
E01172,021k;120k,3,0,2,infeasible,,,1,16,14
E01173,021k;120k,3,1,0,vacuous,0,,0,16,14
E01174,021k;120k,3,1,1,vacuous,0,,0,16,14
E01175,021k;120k,3,1,2,vacuous,0,,0,16,14
E01176,021k;120k,4,0,0,optimal,3,0,1,15,13
E01177,021k;120k,4,0,1,infeasible,,,1,15,13
E01178,021k;120k,4,1,0,vacuous,0,,0,15,13
E01179,021k;120k,4,1,1,vacuous,0,,0,15,13
E01180,021k;120k,5,0,0,optimal,1,0,1,16,14
E01181,021k;120k,5,0,1,optimal,4,0;1,1,16,14
E01182,021k;120k,5,0,2,infeasible,,,1,16,14
E01183,021k;120k,5,1,0,vacuous,0,,0,16,14
E01184,021k;120k,5,1,1,vacuous,0,,0,16,14
E01185,021k;120k,5,1,2,vacuous,0,,0,16,14
E01186,021k;120k,6,0,0,optimal,3,1,1,16,14
E01187,021k;120k,6,0,1,infeasible,,,1,16,14
E01188,021k;120k,6,0,2,infeasible,,,1,16,14
E01189,021k;120k,6,1,0,vacuous,0,,0,16,14
E01190,021k;120k,6,1,1,vacuous,0,,0,16,14
E01191,021k;120k,6,1,2,vacuous,0,,0,16,14
E01192,021k;120k,7,0,0,optimal,1,0,1,17,15
E01193,021k;120k,7,0,1,optimal,4,0;2,1,17,15
E01194,021k;120k,7,0,2,infeasible,,,1,17,15
E01195,021k;120k,7,0,3,infeasible,,,1,17,15
E01196,021k;120k,7,1,0,vacuous,0,,0,17,15
E01197,021k;120k,7,1,1,vacuous,0,,0,17,15
E01198,021k;120k,7,1,2,vacuous,0,,0,17,15
E01199,021k;120k,7,1,3,vacuous,0,,0,17,15
E01200,021k;120r,0,0,0,infeasible,,,1,14,12
E01201,021k;120r,0,1,0,vacuous,0,,0,14,12
E01202,021k;120r,1,0,0,optimal,1,0,1,15,13
E01203,021k;120r,1,0,1,infeasible,,,1,15,13
E01204,021k;120r,1,1,0,vacuous,0,,0,15,13
E01205,021k;120r,1,1,1,vacuous,0,,0,15,13
E01206,021k;120r,2,0,0,infeasible,,,1,15,13
E01207,021k;120r,2,0,1,infeasible,,,1,15,13
E01208,021k;120r,2,1,0,vacuous,0,,0,15,13
E01209,021k;120r,2,1,1,vacuous,0,,0,15,13
E01210,021k;120r,3,0,0,optimal,1,0,1,16,14
E01211,021k;120r,3,0,1,infeasible,,,1,16,14
E01212,021k;120r,3,0,2,infeasible,,,1,16,14
E01213,021k;120r,3,1,0,vacuous,0,,0,16,14
E01214,021k;120r,3,1,1,vacuous,0,,0,16,14
E01215,021k;120r,3,1,2,vacuous,0,,0,16,14
E01216,021k;120r,4,0,0,optimal,3,0,1,15,13
E01217,021k;120r,4,0,1,infeasible,,,1,15,13
E01218,021k;120r,4,1,0,vacuous,0,,0,15,13
E01219,021k;120r,4,1,1,vacuous,0,,0,15,13
E01220,021k;120r,5,0,0,optimal,1,0,1,16,14
E01221,021k;120r,5,0,1,optimal,4,0;1,1,16,14
E01222,021k;120r,5,0,2,infeasible,,,1,16,14
E01223,021k;120r,5,1,0,vacuous,0,,0,16,14
E01224,021k;120r,5,1,1,vacuous,0,,0,16,14
E01225,021k;120r,5,1,2,vacuous,0,,0,16,14
E01226,021k;120r,6,0,0,optimal,3,1,1,16,14
E01227,021k;120r,6,0,1,infeasible,,,1,16,14
E01228,021k;120r,6,0,2,infeasible,,,1,16,14
E01229,021k;120r,6,1,0,vacuous,0,,0,16,14
E01230,021k;120r,6,1,1,vacuous,0,,0,16,14
E01231,021k;120r,6,1,2,vacuous,0,,0,16,14
E01232,021k;120r,7,0,0,optimal,1,0,1,17,15
E01233,021k;120r,7,0,1,optimal,4,0;2,1,17,15
E01234,021k;120r,7,0,2,infeasible,,,1,17,15
E01235,021k;120r,7,0,3,infeasible,,,1,17,15
E01236,021k;120r,7,1,0,vacuous,0,,0,17,15
E01237,021k;120r,7,1,1,vacuous,0,,0,17,15
E01238,021k;120r,7,1,2,vacuous,0,,0,17,15
E01239,021k;120r,7,1,3,vacuous,0,,0,17,15
E01240,021k;120e,0,0,0,infeasible,,,1,14,13
E01241,021k;120e,0,1,0,vacuous,0,,0,14,13
E01242,021k;120e,1,0,0,optimal,1,0,1,15,14
E01243,021k;120e,1,0,1,infeasible,,,1,15,14
E01244,021k;120e,1,1,0,vacuous,0,,0,15,14
E01245,021k;120e,1,1,1,vacuous,0,,0,15,14
E01246,021k;120e,2,0,0,infeasible,,,1,15,14
E01247,021k;120e,2,0,1,infeasible,,,1,15,14
E01248,021k;120e,2,1,0,vacuous,0,,0,15,14
E01249,021k;120e,2,1,1,vacuous,0,,0,15,14
E01250,021k;120e,3,0,0,optimal,1,0,1,16,15
E01251,021k;120e,3,0,1,infeasible,,,1,16,15
E01252,021k;120e,3,0,2,infeasible,,,1,16,15
E01253,021k;120e,3,1,0,vacuous,0,,0,16,15
E01254,021k;120e,3,1,1,vacuous,0,,0,16,15
E01255,021k;120e,3,1,2,vacuous,0,,0,16,15
E01256,021k;120e,4,0,0,optimal,3,0,1,15,14
E01257,021k;120e,4,0,1,infeasible,,,1,15,14
E01258,021k;120e,4,1,0,vacuous,0,,0,15,14
E01259,021k;120e,4,1,1,vacuous,0,,0,15,14
E01260,021k;120e,5,0,0,optimal,1,0,1,16,15
E01261,021k;120e,5,0,1,optimal,4,0;1,1,16,15
E01262,021k;120e,5,0,2,infeasible,,,1,16,15
E01263,021k;120e,5,1,0,vacuous,0,,0,16,15
E01264,021k;120e,5,1,1,vacuous,0,,0,16,15
E01265,021k;120e,5,1,2,vacuous,0,,0,16,15
E01266,021k;120e,6,0,0,optimal,3,1,1,16,15
E01267,021k;120e,6,0,1,infeasible,,,1,16,15
E01268,021k;120e,6,0,2,infeasible,,,1,16,15
E01269,021k;120e,6,1,0,vacuous,0,,0,16,15
E01270,021k;120e,6,1,1,vacuous,0,,0,16,15
E01271,021k;120e,6,1,2,vacuous,0,,0,16,15
E01272,021k;120e,7,0,0,optimal,1,0,1,17,16
E01273,021k;120e,7,0,1,optimal,4,0;2,1,17,16
E01274,021k;120e,7,0,2,infeasible,,,1,17,16
E01275,021k;120e,7,0,3,infeasible,,,1,17,16
E01276,021k;120e,7,1,0,vacuous,0,,0,17,16
E01277,021k;120e,7,1,1,vacuous,0,,0,17,16
E01278,021k;120e,7,1,2,vacuous,0,,0,17,16
E01279,021k;120e,7,1,3,vacuous,0,,0,17,16
E01280,021k;121k,0,0,0,infeasible,,,1,14,11
E01281,021k;121k,0,1,0,vacuous,0,,0,14,11
E01282,021k;121k,1,0,0,optimal,1,0,1,15,12
E01283,021k;121k,1,0,1,infeasible,,,1,15,12
E01284,021k;121k,1,1,0,vacuous,0,,0,15,12
E01285,021k;121k,1,1,1,vacuous,0,,0,15,12
E01286,021k;121k,2,0,0,infeasible,,,1,15,12
E01287,021k;121k,2,0,1,infeasible,,,1,15,12
E01288,021k;121k,2,1,0,vacuous,0,,0,15,12
E01289,021k;121k,2,1,1,vacuous,0,,0,15,12
E01290,021k;121k,3,0,0,optimal,1,0,1,16,13
E01291,021k;121k,3,0,1,infeasible,,,1,16,13
E01292,021k;121k,3,0,2,infeasible,,,1,16,13
E01293,021k;121k,3,1,0,vacuous,0,,0,16,13
E01294,021k;121k,3,1,1,vacuous,0,,0,16,13
E01295,021k;121k,3,1,2,vacuous,0,,0,16,13
E01296,021k;121k,4,0,0,optimal,3,0,1,15,12
E01297,021k;121k,4,0,1,infeasible,,,1,15,12
E01298,021k;121k,4,1,0,vacuous,0,,0,15,12
E01299,021k;121k,4,1,1,vacuous,0,,0,15,12
E01300,021k;121k,5,0,0,optimal,1,0,1,16,13
E01301,021k;121k,5,0,1,optimal,4,0;1,1,16,13
E01302,021k;121k,5,0,2,infeasible,,,1,16,13
E01303,021k;121k,5,1,0,vacuous,0,,0,16,13
E01304,021k;121k,5,1,1,vacuous,0,,0,16,13
E01305,021k;121k,5,1,2,vacuous,0,,0,16,13
E01306,021k;121k,6,0,0,optimal,3,1,1,16,13
E01307,021k;121k,6,0,1,infeasible,,,1,16,13
E01308,021k;121k,6,0,2,infeasible,,,1,16,13
E01309,021k;121k,6,1,0,vacuous,0,,0,16,13
E01310,021k;121k,6,1,1,vacuous,0,,0,16,13
E01311,021k;121k,6,1,2,vacuous,0,,0,16,13
E01312,021k;121k,7,0,0,optimal,1,0,1,17,14
E01313,021k;121k,7,0,1,optimal,4,0;2,1,17,14
E01314,021k;121k,7,0,2,infeasible,,,1,17,14
E01315,021k;121k,7,0,3,infeasible,,,1,17,14
E01316,021k;121k,7,1,0,vacuous,0,,0,17,14
E01317,021k;121k,7,1,1,vacuous,0,,0,17,14
E01318,021k;121k,7,1,2,vacuous,0,,0,17,14
E01319,021k;121k,7,1,3,vacuous,0,,0,17,14
E01320,021k;121r,0,0,0,infeasible,,,1,14,11
E01321,021k;121r,0,1,0,vacuous,0,,0,14,11
E01322,021k;121r,1,0,0,optimal,1,0,1,15,12
E01323,021k;121r,1,0,1,infeasible,,,1,15,12
E01324,021k;121r,1,1,0,vacuous,0,,0,15,12
E01325,021k;121r,1,1,1,vacuous,0,,0,15,12
E01326,021k;121r,2,0,0,infeasible,,,1,15,12
E01327,021k;121r,2,0,1,infeasible,,,1,15,12
E01328,021k;121r,2,1,0,vacuous,0,,0,15,12
E01329,021k;121r,2,1,1,vacuous,0,,0,15,12
E01330,021k;121r,3,0,0,optimal,1,0,1,16,13
E01331,021k;121r,3,0,1,infeasible,,,1,16,13
E01332,021k;121r,3,0,2,infeasible,,,1,16,13
E01333,021k;121r,3,1,0,vacuous,0,,0,16,13
E01334,021k;121r,3,1,1,vacuous,0,,0,16,13
E01335,021k;121r,3,1,2,vacuous,0,,0,16,13
E01336,021k;121r,4,0,0,optimal,3,0,1,15,12
E01337,021k;121r,4,0,1,infeasible,,,1,15,12
E01338,021k;121r,4,1,0,vacuous,0,,0,15,12
E01339,021k;121r,4,1,1,vacuous,0,,0,15,12
E01340,021k;121r,5,0,0,optimal,1,0,1,16,13
E01341,021k;121r,5,0,1,optimal,4,0;1,1,16,13
E01342,021k;121r,5,0,2,infeasible,,,1,16,13
E01343,021k;121r,5,1,0,vacuous,0,,0,16,13
E01344,021k;121r,5,1,1,vacuous,0,,0,16,13
E01345,021k;121r,5,1,2,vacuous,0,,0,16,13
E01346,021k;121r,6,0,0,optimal,3,1,1,16,13
E01347,021k;121r,6,0,1,infeasible,,,1,16,13
E01348,021k;121r,6,0,2,infeasible,,,1,16,13
E01349,021k;121r,6,1,0,vacuous,0,,0,16,13
E01350,021k;121r,6,1,1,vacuous,0,,0,16,13
E01351,021k;121r,6,1,2,vacuous,0,,0,16,13
E01352,021k;121r,7,0,0,optimal,1,0,1,17,14
E01353,021k;121r,7,0,1,optimal,4,0;2,1,17,14
E01354,021k;121r,7,0,2,infeasible,,,1,17,14
E01355,021k;121r,7,0,3,infeasible,,,1,17,14
E01356,021k;121r,7,1,0,vacuous,0,,0,17,14
E01357,021k;121r,7,1,1,vacuous,0,,0,17,14
E01358,021k;121r,7,1,2,vacuous,0,,0,17,14
E01359,021k;121r,7,1,3,vacuous,0,,0,17,14
E01360,021k;121e,0,0,0,infeasible,,,1,14,12
E01361,021k;121e,0,1,0,vacuous,0,,0,14,12
E01362,021k;121e,1,0,0,optimal,1,0,1,15,13
E01363,021k;121e,1,0,1,infeasible,,,1,15,13
E01364,021k;121e,1,1,0,vacuous,0,,0,15,13
E01365,021k;121e,1,1,1,vacuous,0,,0,15,13
E01366,021k;121e,2,0,0,infeasible,,,1,15,13
E01367,021k;121e,2,0,1,infeasible,,,1,15,13
E01368,021k;121e,2,1,0,vacuous,0,,0,15,13
E01369,021k;121e,2,1,1,vacuous,0,,0,15,13
E01370,021k;121e,3,0,0,optimal,1,0,1,16,14
E01371,021k;121e,3,0,1,infeasible,,,1,16,14
E01372,021k;121e,3,0,2,infeasible,,,1,16,14
E01373,021k;121e,3,1,0,vacuous,0,,0,16,14
E01374,021k;121e,3,1,1,vacuous,0,,0,16,14
E01375,021k;121e,3,1,2,vacuous,0,,0,16,14
E01376,021k;121e,4,0,0,optimal,3,0,1,15,13
E01377,021k;121e,4,0,1,infeasible,,,1,15,13
E01378,021k;121e,4,1,0,vacuous,0,,0,15,13
E01379,021k;121e,4,1,1,vacuous,0,,0,15,13
E01380,021k;121e,5,0,0,optimal,1,0,1,16,14
E01381,021k;121e,5,0,1,optimal,4,0;1,1,16,14
E01382,021k;121e,5,0,2,infeasible,,,1,16,14
E01383,021k;121e,5,1,0,vacuous,0,,0,16,14
E01384,021k;121e,5,1,1,vacuous,0,,0,16,14
E01385,021k;121e,5,1,2,vacuous,0,,0,16,14
E01386,021k;121e,6,0,0,optimal,3,1,1,16,14
E01387,021k;121e,6,0,1,infeasible,,,1,16,14
E01388,021k;121e,6,0,2,infeasible,,,1,16,14
E01389,021k;121e,6,1,0,vacuous,0,,0,16,14
E01390,021k;121e,6,1,1,vacuous,0,,0,16,14
E01391,021k;121e,6,1,2,vacuous,0,,0,16,14
E01392,021k;121e,7,0,0,optimal,1,0,1,17,15
E01393,021k;121e,7,0,1,optimal,4,0;2,1,17,15
E01394,021k;121e,7,0,2,infeasible,,,1,17,15
E01395,021k;121e,7,0,3,infeasible,,,1,17,15
E01396,021k;121e,7,1,0,vacuous,0,,0,17,15
E01397,021k;121e,7,1,1,vacuous,0,,0,17,15
E01398,021k;121e,7,1,2,vacuous,0,,0,17,15
E01399,021k;121e,7,1,3,vacuous,0,,0,17,15
E01400,021r,0,0,0,infeasible,,,1,14,10
E01401,021r,0,1,0,vacuous,0,,0,14,10
E01402,021r,1,0,0,optimal,1,0,1,15,11
E01403,021r,1,0,1,infeasible,,,1,15,11
E01404,021r,1,1,0,vacuous,0,,0,15,11
E01405,021r,1,1,1,vacuous,0,,0,15,11
E01406,021r,2,0,0,infeasible,,,1,15,11
E01407,021r,2,0,1,infeasible,,,1,15,11
E01408,021r,2,1,0,vacuous,0,,0,15,11
E01409,021r,2,1,1,vacuous,0,,0,15,11
E01410,021r,3,0,0,optimal,1,0,1,16,12
E01411,021r,3,0,1,infeasible,,,1,16,12
E01412,021r,3,0,2,infeasible,,,1,16,12
E01413,021r,3,1,0,vacuous,0,,0,16,12
E01414,021r,3,1,1,vacuous,0,,0,16,12
E01415,021r,3,1,2,vacuous,0,,0,16,12
E01416,021r,4,0,0,infeasible,,,1,15,11
E01417,021r,4,0,1,infeasible,,,1,15,11
E01418,021r,4,1,0,vacuous,0,,0,15,11
E01419,021r,4,1,1,vacuous,0,,0,15,11
E01420,021r,5,0,0,optimal,1,0,1,16,12
E01421,021r,5,0,1,infeasible,,,1,16,12
E01422,021r,5,0,2,infeasible,,,1,16,12
E01423,021r,5,1,0,vacuous,0,,0,16,12
E01424,021r,5,1,1,vacuous,0,,0,16,12
E01425,021r,5,1,2,vacuous,0,,0,16,12
E01426,021r,6,0,0,infeasible,,,1,16,12
E01427,021r,6,0,1,infeasible,,,1,16,12
E01428,021r,6,0,2,infeasible,,,1,16,12
E01429,021r,6,1,0,vacuous,0,,0,16,12
E01430,021r,6,1,1,vacuous,0,,0,16,12
E01431,021r,6,1,2,vacuous,0,,0,16,12
E01432,021r,7,0,0,optimal,1,0,1,17,13
E01433,021r,7,0,1,infeasible,,,1,17,13
E01434,021r,7,0,2,infeasible,,,1,17,13
E01435,021r,7,0,3,infeasible,,,1,17,13
E01436,021r,7,1,0,vacuous,0,,0,17,13
E01437,021r,7,1,1,vacuous,0,,0,17,13
E01438,021r,7,1,2,vacuous,0,,0,17,13
E01439,021r,7,1,3,vacuous,0,,0,17,13
E01440,021r;120k,0,0,0,infeasible,,,1,14,12
E01441,021r;120k,0,1,0,vacuous,0,,0,14,12
E01442,021r;120k,1,0,0,optimal,1,0,1,15,13
E01443,021r;120k,1,0,1,infeasible,,,1,15,13
E01444,021r;120k,1,1,0,vacuous,0,,0,15,13
E01445,021r;120k,1,1,1,vacuous,0,,0,15,13
E01446,021r;120k,2,0,0,infeasible,,,1,15,13
E01447,021r;120k,2,0,1,infeasible,,,1,15,13
E01448,021r;120k,2,1,0,vacuous,0,,0,15,13
E01449,021r;120k,2,1,1,vacuous,0,,0,15,13
E01450,021r;120k,3,0,0,optimal,1,0,1,16,14
E01451,021r;120k,3,0,1,infeasible,,,1,16,14
E01452,021r;120k,3,0,2,infeasible,,,1,16,14
E01453,021r;120k,3,1,0,vacuous,0,,0,16,14
E01454,021r;120k,3,1,1,vacuous,0,,0,16,14
E01455,021r;120k,3,1,2,vacuous,0,,0,16,14
E01456,021r;120k,4,0,0,infeasible,,,1,15,13
E01457,021r;120k,4,0,1,infeasible,,,1,15,13
E01458,021r;120k,4,1,0,vacuous,0,,0,15,13
E01459,021r;120k,4,1,1,vacuous,0,,0,15,13
E01460,021r;120k,5,0,0,optimal,1,0,1,16,14
E01461,021r;120k,5,0,1,infeasible,,,1,16,14
E01462,021r;120k,5,0,2,infeasible,,,1,16,14
E01463,021r;120k,5,1,0,vacuous,0,,0,16,14
E01464,021r;120k,5,1,1,vacuous,0,,0,16,14
E01465,021r;120k,5,1,2,vacuous,0,,0,16,14
E01466,021r;120k,6,0,0,infeasible,,,1,16,14
E01467,021r;120k,6,0,1,infeasible,,,1,16,14
E01468,021r;120k,6,0,2,infeasible,,,1,16,14
E01469,021r;120k,6,1,0,vacuous,0,,0,16,14
E01470,021r;120k,6,1,1,vacuous,0,,0,16,14
E01471,021r;120k,6,1,2,vacuous,0,,0,16,14
E01472,021r;120k,7,0,0,optimal,1,0,1,17,15
E01473,021r;120k,7,0,1,infeasible,,,1,17,15
E01474,021r;120k,7,0,2,infeasible,,,1,17,15
E01475,021r;120k,7,0,3,infeasible,,,1,17,15
E01476,021r;120k,7,1,0,vacuous,0,,0,17,15
E01477,021r;120k,7,1,1,vacuous,0,,0,17,15
E01478,021r;120k,7,1,2,vacuous,0,,0,17,15
E01479,021r;120k,7,1,3,vacuous,0,,0,17,15
E01480,021r;120r,0,0,0,infeasible,,,1,14,12
E01481,021r;120r,0,1,0,vacuous,0,,0,14,12
E01482,021r;120r,1,0,0,optimal,1,0,1,15,13
E01483,021r;120r,1,0,1,infeasible,,,1,15,13
E01484,021r;120r,1,1,0,vacuous,0,,0,15,13
E01485,021r;120r,1,1,1,vacuous,0,,0,15,13
E01486,021r;120r,2,0,0,infeasible,,,1,15,13
E01487,021r;120r,2,0,1,infeasible,,,1,15,13
E01488,021r;120r,2,1,0,vacuous,0,,0,15,13
E01489,021r;120r,2,1,1,vacuous,0,,0,15,13
E01490,021r;120r,3,0,0,optimal,1,0,1,16,14
E01491,021r;120r,3,0,1,infeasible,,,1,16,14
E01492,021r;120r,3,0,2,infeasible,,,1,16,14
E01493,021r;120r,3,1,0,vacuous,0,,0,16,14
E01494,021r;120r,3,1,1,vacuous,0,,0,16,14
E01495,021r;120r,3,1,2,vacuous,0,,0,16,14
E01496,021r;120r,4,0,0,infeasible,,,1,15,13
E01497,021r;120r,4,0,1,infeasible,,,1,15,13
E01498,021r;120r,4,1,0,vacuous,0,,0,15,13
E01499,021r;120r,4,1,1,vacuous,0,,0,15,13
E01500,021r;120r,5,0,0,optimal,1,0,1,16,14
E01501,021r;120r,5,0,1,infeasible,,,1,16,14
E01502,021r;120r,5,0,2,infeasible,,,1,16,14
E01503,021r;120r,5,1,0,vacuous,0,,0,16,14
E01504,021r;120r,5,1,1,vacuous,0,,0,16,14
E01505,021r;120r,5,1,2,vacuous,0,,0,16,14
E01506,021r;120r,6,0,0,infeasible,,,1,16,14
E01507,021r;120r,6,0,1,infeasible,,,1,16,14
E01508,021r;120r,6,0,2,infeasible,,,1,16,14
E01509,021r;120r,6,1,0,vacuous,0,,0,16,14
E01510,021r;120r,6,1,1,vacuous,0,,0,16,14
E01511,021r;120r,6,1,2,vacuous,0,,0,16,14
E01512,021r;120r,7,0,0,optimal,1,0,1,17,15
E01513,021r;120r,7,0,1,infeasible,,,1,17,15
E01514,021r;120r,7,0,2,infeasible,,,1,17,15
E01515,021r;120r,7,0,3,infeasible,,,1,17,15
E01516,021r;120r,7,1,0,vacuous,0,,0,17,15
E01517,021r;120r,7,1,1,vacuous,0,,0,17,15
E01518,021r;120r,7,1,2,vacuous,0,,0,17,15
E01519,021r;120r,7,1,3,vacuous,0,,0,17,15
E01520,021r;120e,0,0,0,infeasible,,,1,14,13
E01521,021r;120e,0,1,0,vacuous,0,,0,14,13
E01522,021r;120e,1,0,0,optimal,1,0,1,15,14
E01523,021r;120e,1,0,1,infeasible,,,1,15,14
E01524,021r;120e,1,1,0,vacuous,0,,0,15,14
E01525,021r;120e,1,1,1,vacuous,0,,0,15,14
E01526,021r;120e,2,0,0,infeasible,,,1,15,14
E01527,021r;120e,2,0,1,infeasible,,,1,15,14
E01528,021r;120e,2,1,0,vacuous,0,,0,15,14
E01529,021r;120e,2,1,1,vacuous,0,,0,15,14
E01530,021r;120e,3,0,0,optimal,1,0,1,16,15
E01531,021r;120e,3,0,1,infeasible,,,1,16,15
E01532,021r;120e,3,0,2,infeasible,,,1,16,15
E01533,021r;120e,3,1,0,vacuous,0,,0,16,15
E01534,021r;120e,3,1,1,vacuous,0,,0,16,15
E01535,021r;120e,3,1,2,vacuous,0,,0,16,15
E01536,021r;120e,4,0,0,infeasible,,,1,15,14
E01537,021r;120e,4,0,1,infeasible,,,1,15,14
E01538,021r;120e,4,1,0,vacuous,0,,0,15,14
E01539,021r;120e,4,1,1,vacuous,0,,0,15,14
E01540,021r;120e,5,0,0,optimal,1,0,1,16,15
E01541,021r;120e,5,0,1,infeasible,,,1,16,15
E01542,021r;120e,5,0,2,infeasible,,,1,16,15
E01543,021r;120e,5,1,0,vacuous,0,,0,16,15
E01544,021r;120e,5,1,1,vacuous,0,,0,16,15
E01545,021r;120e,5,1,2,vacuous,0,,0,16,15
E01546,021r;120e,6,0,0,infeasible,,,1,16,15
E01547,021r;120e,6,0,1,infeasible,,,1,16,15
E01548,021r;120e,6,0,2,infeasible,,,1,16,15
E01549,021r;120e,6,1,0,vacuous,0,,0,16,15
E01550,021r;120e,6,1,1,vacuous,0,,0,16,15
E01551,021r;120e,6,1,2,vacuous,0,,0,16,15
E01552,021r;120e,7,0,0,optimal,1,0,1,17,16
E01553,021r;120e,7,0,1,infeasible,,,1,17,16
E01554,021r;120e,7,0,2,infeasible,,,1,17,16
E01555,021r;120e,7,0,3,infeasible,,,1,17,16
E01556,021r;120e,7,1,0,vacuous,0,,0,17,16
E01557,021r;120e,7,1,1,vacuous,0,,0,17,16
E01558,021r;120e,7,1,2,vacuous,0,,0,17,16
E01559,021r;120e,7,1,3,vacuous,0,,0,17,16
E01560,021r;121k,0,0,0,infeasible,,,1,14,11
E01561,021r;121k,0,1,0,vacuous,0,,0,14,11
E01562,021r;121k,1,0,0,optimal,1,0,1,15,12
E01563,021r;121k,1,0,1,infeasible,,,1,15,12
E01564,021r;121k,1,1,0,vacuous,0,,0,15,12
E01565,021r;121k,1,1,1,vacuous,0,,0,15,12
E01566,021r;121k,2,0,0,infeasible,,,1,15,12
E01567,021r;121k,2,0,1,infeasible,,,1,15,12
E01568,021r;121k,2,1,0,vacuous,0,,0,15,12
E01569,021r;121k,2,1,1,vacuous,0,,0,15,12
E01570,021r;121k,3,0,0,optimal,1,0,1,16,13
E01571,021r;121k,3,0,1,infeasible,,,1,16,13
E01572,021r;121k,3,0,2,infeasible,,,1,16,13
E01573,021r;121k,3,1,0,vacuous,0,,0,16,13
E01574,021r;121k,3,1,1,vacuous,0,,0,16,13
E01575,021r;121k,3,1,2,vacuous,0,,0,16,13
E01576,021r;121k,4,0,0,infeasible,,,1,15,12
E01577,021r;121k,4,0,1,infeasible,,,1,15,12
E01578,021r;121k,4,1,0,vacuous,0,,0,15,12
E01579,021r;121k,4,1,1,vacuous,0,,0,15,12
E01580,021r;121k,5,0,0,optimal,1,0,1,16,13
E01581,021r;121k,5,0,1,infeasible,,,1,16,13
E01582,021r;121k,5,0,2,infeasible,,,1,16,13
E01583,021r;121k,5,1,0,vacuous,0,,0,16,13
E01584,021r;121k,5,1,1,vacuous,0,,0,16,13
E01585,021r;121k,5,1,2,vacuous,0,,0,16,13
E01586,021r;121k,6,0,0,infeasible,,,1,16,13
E01587,021r;121k,6,0,1,infeasible,,,1,16,13
E01588,021r;121k,6,0,2,infeasible,,,1,16,13
E01589,021r;121k,6,1,0,vacuous,0,,0,16,13
E01590,021r;121k,6,1,1,vacuous,0,,0,16,13
E01591,021r;121k,6,1,2,vacuous,0,,0,16,13
E01592,021r;121k,7,0,0,optimal,1,0,1,17,14
E01593,021r;121k,7,0,1,infeasible,,,1,17,14
E01594,021r;121k,7,0,2,infeasible,,,1,17,14
E01595,021r;121k,7,0,3,infeasible,,,1,17,14
E01596,021r;121k,7,1,0,vacuous,0,,0,17,14
E01597,021r;121k,7,1,1,vacuous,0,,0,17,14
E01598,021r;121k,7,1,2,vacuous,0,,0,17,14
E01599,021r;121k,7,1,3,vacuous,0,,0,17,14
E01600,021r;121r,0,0,0,infeasible,,,1,14,11
E01601,021r;121r,0,1,0,vacuous,0,,0,14,11
E01602,021r;121r,1,0,0,optimal,1,0,1,15,12
E01603,021r;121r,1,0,1,infeasible,,,1,15,12
E01604,021r;121r,1,1,0,vacuous,0,,0,15,12
E01605,021r;121r,1,1,1,vacuous,0,,0,15,12
E01606,021r;121r,2,0,0,infeasible,,,1,15,12
E01607,021r;121r,2,0,1,infeasible,,,1,15,12
E01608,021r;121r,2,1,0,vacuous,0,,0,15,12
E01609,021r;121r,2,1,1,vacuous,0,,0,15,12
E01610,021r;121r,3,0,0,optimal,1,0,1,16,13
E01611,021r;121r,3,0,1,infeasible,,,1,16,13
E01612,021r;121r,3,0,2,infeasible,,,1,16,13
E01613,021r;121r,3,1,0,vacuous,0,,0,16,13
E01614,021r;121r,3,1,1,vacuous,0,,0,16,13
E01615,021r;121r,3,1,2,vacuous,0,,0,16,13
E01616,021r;121r,4,0,0,infeasible,,,1,15,12
E01617,021r;121r,4,0,1,infeasible,,,1,15,12
E01618,021r;121r,4,1,0,vacuous,0,,0,15,12
E01619,021r;121r,4,1,1,vacuous,0,,0,15,12
E01620,021r;121r,5,0,0,optimal,1,0,1,16,13
E01621,021r;121r,5,0,1,infeasible,,,1,16,13
E01622,021r;121r,5,0,2,infeasible,,,1,16,13
E01623,021r;121r,5,1,0,vacuous,0,,0,16,13
E01624,021r;121r,5,1,1,vacuous,0,,0,16,13
E01625,021r;121r,5,1,2,vacuous,0,,0,16,13
E01626,021r;121r,6,0,0,infeasible,,,1,16,13
E01627,021r;121r,6,0,1,infeasible,,,1,16,13
E01628,021r;121r,6,0,2,infeasible,,,1,16,13
E01629,021r;121r,6,1,0,vacuous,0,,0,16,13
E01630,021r;121r,6,1,1,vacuous,0,,0,16,13
E01631,021r;121r,6,1,2,vacuous,0,,0,16,13
E01632,021r;121r,7,0,0,optimal,1,0,1,17,14
E01633,021r;121r,7,0,1,infeasible,,,1,17,14
E01634,021r;121r,7,0,2,infeasible,,,1,17,14
E01635,021r;121r,7,0,3,infeasible,,,1,17,14
E01636,021r;121r,7,1,0,vacuous,0,,0,17,14
E01637,021r;121r,7,1,1,vacuous,0,,0,17,14
E01638,021r;121r,7,1,2,vacuous,0,,0,17,14
E01639,021r;121r,7,1,3,vacuous,0,,0,17,14
E01640,021r;121e,0,0,0,infeasible,,,1,14,12
E01641,021r;121e,0,1,0,vacuous,0,,0,14,12
E01642,021r;121e,1,0,0,optimal,1,0,1,15,13
E01643,021r;121e,1,0,1,infeasible,,,1,15,13
E01644,021r;121e,1,1,0,vacuous,0,,0,15,13
E01645,021r;121e,1,1,1,vacuous,0,,0,15,13
E01646,021r;121e,2,0,0,infeasible,,,1,15,13
E01647,021r;121e,2,0,1,infeasible,,,1,15,13
E01648,021r;121e,2,1,0,vacuous,0,,0,15,13
E01649,021r;121e,2,1,1,vacuous,0,,0,15,13
E01650,021r;121e,3,0,0,optimal,1,0,1,16,14
E01651,021r;121e,3,0,1,infeasible,,,1,16,14
E01652,021r;121e,3,0,2,infeasible,,,1,16,14
E01653,021r;121e,3,1,0,vacuous,0,,0,16,14
E01654,021r;121e,3,1,1,vacuous,0,,0,16,14
E01655,021r;121e,3,1,2,vacuous,0,,0,16,14
E01656,021r;121e,4,0,0,infeasible,,,1,15,13
E01657,021r;121e,4,0,1,infeasible,,,1,15,13
E01658,021r;121e,4,1,0,vacuous,0,,0,15,13
E01659,021r;121e,4,1,1,vacuous,0,,0,15,13
E01660,021r;121e,5,0,0,optimal,1,0,1,16,14
E01661,021r;121e,5,0,1,infeasible,,,1,16,14
E01662,021r;121e,5,0,2,infeasible,,,1,16,14
E01663,021r;121e,5,1,0,vacuous,0,,0,16,14
E01664,021r;121e,5,1,1,vacuous,0,,0,16,14
E01665,021r;121e,5,1,2,vacuous,0,,0,16,14
E01666,021r;121e,6,0,0,infeasible,,,1,16,14
E01667,021r;121e,6,0,1,infeasible,,,1,16,14
E01668,021r;121e,6,0,2,infeasible,,,1,16,14
E01669,021r;121e,6,1,0,vacuous,0,,0,16,14
E01670,021r;121e,6,1,1,vacuous,0,,0,16,14
E01671,021r;121e,6,1,2,vacuous,0,,0,16,14
E01672,021r;121e,7,0,0,optimal,1,0,1,17,15
E01673,021r;121e,7,0,1,infeasible,,,1,17,15
E01674,021r;121e,7,0,2,infeasible,,,1,17,15
E01675,021r;121e,7,0,3,infeasible,,,1,17,15
E01676,021r;121e,7,1,0,vacuous,0,,0,17,15
E01677,021r;121e,7,1,1,vacuous,0,,0,17,15
E01678,021r;121e,7,1,2,vacuous,0,,0,17,15
E01679,021r;121e,7,1,3,vacuous,0,,0,17,15
E01680,021e,0,0,0,infeasible,,,2,14,11
E01681,021e,0,1,0,vacuous,0,,0,14,11
E01682,021e,1,0,0,optimal,1,0,2,15,12
E01683,021e,1,0,1,infeasible,,,2,15,12
E01684,021e,1,1,0,vacuous,0,,0,15,12
E01685,021e,1,1,1,vacuous,0,,0,15,12
E01686,021e,2,0,0,infeasible,,,2,15,12
E01687,021e,2,0,1,infeasible,,,2,15,12
E01688,021e,2,1,0,vacuous,0,,0,15,12
E01689,021e,2,1,1,vacuous,0,,0,15,12
E01690,021e,3,0,0,optimal,1,0,2,16,13
E01691,021e,3,0,1,infeasible,,,2,16,13
E01692,021e,3,0,2,infeasible,,,2,16,13
E01693,021e,3,1,0,vacuous,0,,0,16,13
E01694,021e,3,1,1,vacuous,0,,0,16,13
E01695,021e,3,1,2,vacuous,0,,0,16,13
E01696,021e,4,0,0,infeasible,,,2,15,12
E01697,021e,4,0,1,infeasible,,,2,15,12
E01698,021e,4,1,0,vacuous,0,,0,15,12
E01699,021e,4,1,1,vacuous,0,,0,15,12
E01700,021e,5,0,0,optimal,1,0,2,16,13
E01701,021e,5,0,1,infeasible,,,2,16,13
E01702,021e,5,0,2,infeasible,,,2,16,13
E01703,021e,5,1,0,vacuous,0,,0,16,13
E01704,021e,5,1,1,vacuous,0,,0,16,13
E01705,021e,5,1,2,vacuous,0,,0,16,13
E01706,021e,6,0,0,infeasible,,,2,16,13
E01707,021e,6,0,1,infeasible,,,2,16,13
E01708,021e,6,0,2,infeasible,,,2,16,13
E01709,021e,6,1,0,vacuous,0,,0,16,13
E01710,021e,6,1,1,vacuous,0,,0,16,13
E01711,021e,6,1,2,vacuous,0,,0,16,13
E01712,021e,7,0,0,optimal,1,0,2,17,14
E01713,021e,7,0,1,infeasible,,,2,17,14
E01714,021e,7,0,2,infeasible,,,2,17,14
E01715,021e,7,0,3,infeasible,,,2,17,14
E01716,021e,7,1,0,vacuous,0,,0,17,14
E01717,021e,7,1,1,vacuous,0,,0,17,14
E01718,021e,7,1,2,vacuous,0,,0,17,14
E01719,021e,7,1,3,vacuous,0,,0,17,14
E01720,021e;120k,0,0,0,infeasible,,,2,14,13
E01721,021e;120k,0,1,0,vacuous,0,,0,14,13
E01722,021e;120k,1,0,0,optimal,1,0,2,15,14
E01723,021e;120k,1,0,1,infeasible,,,2,15,14
E01724,021e;120k,1,1,0,vacuous,0,,0,15,14
E01725,021e;120k,1,1,1,vacuous,0,,0,15,14
E01726,021e;120k,2,0,0,infeasible,,,2,15,14
E01727,021e;120k,2,0,1,infeasible,,,2,15,14
E01728,021e;120k,2,1,0,vacuous,0,,0,15,14
E01729,021e;120k,2,1,1,vacuous,0,,0,15,14
E01730,021e;120k,3,0,0,optimal,1,0,2,16,15
E01731,021e;120k,3,0,1,infeasible,,,2,16,15
E01732,021e;120k,3,0,2,infeasible,,,2,16,15
E01733,021e;120k,3,1,0,vacuous,0,,0,16,15
E01734,021e;120k,3,1,1,vacuous,0,,0,16,15
E01735,021e;120k,3,1,2,vacuous,0,,0,16,15
E01736,021e;120k,4,0,0,infeasible,,,2,15,14
E01737,021e;120k,4,0,1,infeasible,,,2,15,14
E01738,021e;120k,4,1,0,vacuous,0,,0,15,14
E01739,021e;120k,4,1,1,vacuous,0,,0,15,14
E01740,021e;120k,5,0,0,optimal,1,0,2,16,15
E01741,021e;120k,5,0,1,infeasible,,,2,16,15
E01742,021e;120k,5,0,2,infeasible,,,2,16,15
E01743,021e;120k,5,1,0,vacuous,0,,0,16,15
E01744,021e;120k,5,1,1,vacuous,0,,0,16,15
E01745,021e;120k,5,1,2,vacuous,0,,0,16,15
E01746,021e;120k,6,0,0,infeasible,,,2,16,15
E01747,021e;120k,6,0,1,infeasible,,,2,16,15
E01748,021e;120k,6,0,2,infeasible,,,2,16,15
E01749,021e;120k,6,1,0,vacuous,0,,0,16,15
E01750,021e;120k,6,1,1,vacuous,0,,0,16,15
E01751,021e;120k,6,1,2,vacuous,0,,0,16,15
E01752,021e;120k,7,0,0,optimal,1,0,2,17,16
E01753,021e;120k,7,0,1,infeasible,,,2,17,16
E01754,021e;120k,7,0,2,infeasible,,,2,17,16
E01755,021e;120k,7,0,3,infeasible,,,2,17,16
E01756,021e;120k,7,1,0,vacuous,0,,0,17,16
E01757,021e;120k,7,1,1,vacuous,0,,0,17,16
E01758,021e;120k,7,1,2,vacuous,0,,0,17,16
E01759,021e;120k,7,1,3,vacuous,0,,0,17,16
E01760,021e;120r,0,0,0,infeasible,,,2,14,13
E01761,021e;120r,0,1,0,vacuous,0,,0,14,13
E01762,021e;120r,1,0,0,optimal,1,0,2,15,14
E01763,021e;120r,1,0,1,infeasible,,,2,15,14
E01764,021e;120r,1,1,0,vacuous,0,,0,15,14
E01765,021e;120r,1,1,1,vacuous,0,,0,15,14
E01766,021e;120r,2,0,0,infeasible,,,2,15,14
E01767,021e;120r,2,0,1,infeasible,,,2,15,14
E01768,021e;120r,2,1,0,vacuous,0,,0,15,14
E01769,021e;120r,2,1,1,vacuous,0,,0,15,14
E01770,021e;120r,3,0,0,optimal,1,0,2,16,15
E01771,021e;120r,3,0,1,infeasible,,,2,16,15
E01772,021e;120r,3,0,2,infeasible,,,2,16,15
E01773,021e;120r,3,1,0,vacuous,0,,0,16,15
E01774,021e;120r,3,1,1,vacuous,0,,0,16,15
E01775,021e;120r,3,1,2,vacuous,0,,0,16,15
E01776,021e;120r,4,0,0,infeasible,,,2,15,14
E01777,021e;120r,4,0,1,infeasible,,,2,15,14
E01778,021e;120r,4,1,0,vacuous,0,,0,15,14
E01779,021e;120r,4,1,1,vacuous,0,,0,15,14
E01780,021e;120r,5,0,0,optimal,1,0,2,16,15
E01781,021e;120r,5,0,1,infeasible,,,2,16,15
E01782,021e;120r,5,0,2,infeasible,,,2,16,15
E01783,021e;120r,5,1,0,vacuous,0,,0,16,15
E01784,021e;120r,5,1,1,vacuous,0,,0,16,15
E01785,021e;120r,5,1,2,vacuous,0,,0,16,15
E01786,021e;120r,6,0,0,infeasible,,,2,16,15
E01787,021e;120r,6,0,1,infeasible,,,2,16,15
E01788,021e;120r,6,0,2,infeasible,,,2,16,15
E01789,021e;120r,6,1,0,vacuous,0,,0,16,15
E01790,021e;120r,6,1,1,vacuous,0,,0,16,15
E01791,021e;120r,6,1,2,vacuous,0,,0,16,15
E01792,021e;120r,7,0,0,optimal,1,0,2,17,16
E01793,021e;120r,7,0,1,infeasible,,,2,17,16
E01794,021e;120r,7,0,2,infeasible,,,2,17,16
E01795,021e;120r,7,0,3,infeasible,,,2,17,16
E01796,021e;120r,7,1,0,vacuous,0,,0,17,16
E01797,021e;120r,7,1,1,vacuous,0,,0,17,16
E01798,021e;120r,7,1,2,vacuous,0,,0,17,16
E01799,021e;120r,7,1,3,vacuous,0,,0,17,16
E01800,021e;120e,0,0,0,infeasible,,,2,14,14
E01801,021e;120e,0,1,0,vacuous,0,,0,14,14
E01802,021e;120e,1,0,0,optimal,1,0,2,15,15
E01803,021e;120e,1,0,1,infeasible,,,2,15,15
E01804,021e;120e,1,1,0,vacuous,0,,0,15,15
E01805,021e;120e,1,1,1,vacuous,0,,0,15,15
E01806,021e;120e,2,0,0,infeasible,,,2,15,15
E01807,021e;120e,2,0,1,infeasible,,,2,15,15
E01808,021e;120e,2,1,0,vacuous,0,,0,15,15
E01809,021e;120e,2,1,1,vacuous,0,,0,15,15
E01810,021e;120e,3,0,0,optimal,1,0,2,16,16
E01811,021e;120e,3,0,1,infeasible,,,2,16,16
E01812,021e;120e,3,0,2,infeasible,,,2,16,16
E01813,021e;120e,3,1,0,vacuous,0,,0,16,16
E01814,021e;120e,3,1,1,vacuous,0,,0,16,16
E01815,021e;120e,3,1,2,vacuous,0,,0,16,16
E01816,021e;120e,4,0,0,infeasible,,,2,15,15
E01817,021e;120e,4,0,1,infeasible,,,2,15,15
E01818,021e;120e,4,1,0,vacuous,0,,0,15,15
E01819,021e;120e,4,1,1,vacuous,0,,0,15,15
E01820,021e;120e,5,0,0,optimal,1,0,2,16,16
E01821,021e;120e,5,0,1,infeasible,,,2,16,16
E01822,021e;120e,5,0,2,infeasible,,,2,16,16
E01823,021e;120e,5,1,0,vacuous,0,,0,16,16
E01824,021e;120e,5,1,1,vacuous,0,,0,16,16
E01825,021e;120e,5,1,2,vacuous,0,,0,16,16
E01826,021e;120e,6,0,0,infeasible,,,2,16,16
E01827,021e;120e,6,0,1,infeasible,,,2,16,16
E01828,021e;120e,6,0,2,infeasible,,,2,16,16
E01829,021e;120e,6,1,0,vacuous,0,,0,16,16
E01830,021e;120e,6,1,1,vacuous,0,,0,16,16
E01831,021e;120e,6,1,2,vacuous,0,,0,16,16
E01832,021e;120e,7,0,0,optimal,1,0,2,17,17
E01833,021e;120e,7,0,1,infeasible,,,2,17,17
E01834,021e;120e,7,0,2,infeasible,,,2,17,17
E01835,021e;120e,7,0,3,infeasible,,,2,17,17
E01836,021e;120e,7,1,0,vacuous,0,,0,17,17
E01837,021e;120e,7,1,1,vacuous,0,,0,17,17
E01838,021e;120e,7,1,2,vacuous,0,,0,17,17
E01839,021e;120e,7,1,3,vacuous,0,,0,17,17
E01840,021e;121k,0,0,0,infeasible,,,2,14,12
E01841,021e;121k,0,1,0,vacuous,0,,0,14,12
E01842,021e;121k,1,0,0,optimal,1,0,2,15,13
E01843,021e;121k,1,0,1,infeasible,,,2,15,13
E01844,021e;121k,1,1,0,vacuous,0,,0,15,13
E01845,021e;121k,1,1,1,vacuous,0,,0,15,13
E01846,021e;121k,2,0,0,infeasible,,,2,15,13
E01847,021e;121k,2,0,1,infeasible,,,2,15,13
E01848,021e;121k,2,1,0,vacuous,0,,0,15,13
E01849,021e;121k,2,1,1,vacuous,0,,0,15,13
E01850,021e;121k,3,0,0,optimal,1,0,2,16,14
E01851,021e;121k,3,0,1,infeasible,,,2,16,14
E01852,021e;121k,3,0,2,infeasible,,,2,16,14
E01853,021e;121k,3,1,0,vacuous,0,,0,16,14
E01854,021e;121k,3,1,1,vacuous,0,,0,16,14
E01855,021e;121k,3,1,2,vacuous,0,,0,16,14
E01856,021e;121k,4,0,0,infeasible,,,2,15,13
E01857,021e;121k,4,0,1,infeasible,,,2,15,13
E01858,021e;121k,4,1,0,vacuous,0,,0,15,13
E01859,021e;121k,4,1,1,vacuous,0,,0,15,13
E01860,021e;121k,5,0,0,optimal,1,0,2,16,14
E01861,021e;121k,5,0,1,infeasible,,,2,16,14
E01862,021e;121k,5,0,2,infeasible,,,2,16,14
E01863,021e;121k,5,1,0,vacuous,0,,0,16,14
E01864,021e;121k,5,1,1,vacuous,0,,0,16,14
E01865,021e;121k,5,1,2,vacuous,0,,0,16,14
E01866,021e;121k,6,0,0,infeasible,,,2,16,14
E01867,021e;121k,6,0,1,infeasible,,,2,16,14
E01868,021e;121k,6,0,2,infeasible,,,2,16,14
E01869,021e;121k,6,1,0,vacuous,0,,0,16,14
E01870,021e;121k,6,1,1,vacuous,0,,0,16,14
E01871,021e;121k,6,1,2,vacuous,0,,0,16,14
E01872,021e;121k,7,0,0,optimal,1,0,2,17,15
E01873,021e;121k,7,0,1,infeasible,,,2,17,15
E01874,021e;121k,7,0,2,infeasible,,,2,17,15
E01875,021e;121k,7,0,3,infeasible,,,2,17,15
E01876,021e;121k,7,1,0,vacuous,0,,0,17,15
E01877,021e;121k,7,1,1,vacuous,0,,0,17,15
E01878,021e;121k,7,1,2,vacuous,0,,0,17,15
E01879,021e;121k,7,1,3,vacuous,0,,0,17,15
E01880,021e;121r,0,0,0,infeasible,,,2,14,12
E01881,021e;121r,0,1,0,vacuous,0,,0,14,12
E01882,021e;121r,1,0,0,optimal,1,0,2,15,13
E01883,021e;121r,1,0,1,infeasible,,,2,15,13
E01884,021e;121r,1,1,0,vacuous,0,,0,15,13
E01885,021e;121r,1,1,1,vacuous,0,,0,15,13
E01886,021e;121r,2,0,0,infeasible,,,2,15,13
E01887,021e;121r,2,0,1,infeasible,,,2,15,13
E01888,021e;121r,2,1,0,vacuous,0,,0,15,13
E01889,021e;121r,2,1,1,vacuous,0,,0,15,13
E01890,021e;121r,3,0,0,optimal,1,0,2,16,14
E01891,021e;121r,3,0,1,infeasible,,,2,16,14
E01892,021e;121r,3,0,2,infeasible,,,2,16,14
E01893,021e;121r,3,1,0,vacuous,0,,0,16,14
E01894,021e;121r,3,1,1,vacuous,0,,0,16,14
E01895,021e;121r,3,1,2,vacuous,0,,0,16,14
E01896,021e;121r,4,0,0,infeasible,,,2,15,13
E01897,021e;121r,4,0,1,infeasible,,,2,15,13
E01898,021e;121r,4,1,0,vacuous,0,,0,15,13
E01899,021e;121r,4,1,1,vacuous,0,,0,15,13
E01900,021e;121r,5,0,0,optimal,1,0,2,16,14
E01901,021e;121r,5,0,1,infeasible,,,2,16,14
E01902,021e;121r,5,0,2,infeasible,,,2,16,14
E01903,021e;121r,5,1,0,vacuous,0,,0,16,14
E01904,021e;121r,5,1,1,vacuous,0,,0,16,14
E01905,021e;121r,5,1,2,vacuous,0,,0,16,14
E01906,021e;121r,6,0,0,infeasible,,,2,16,14
E01907,021e;121r,6,0,1,infeasible,,,2,16,14
E01908,021e;121r,6,0,2,infeasible,,,2,16,14
E01909,021e;121r,6,1,0,vacuous,0,,0,16,14
E01910,021e;121r,6,1,1,vacuous,0,,0,16,14
E01911,021e;121r,6,1,2,vacuous,0,,0,16,14
E01912,021e;121r,7,0,0,optimal,1,0,2,17,15
E01913,021e;121r,7,0,1,infeasible,,,2,17,15
E01914,021e;121r,7,0,2,infeasible,,,2,17,15
E01915,021e;121r,7,0,3,infeasible,,,2,17,15
E01916,021e;121r,7,1,0,vacuous,0,,0,17,15
E01917,021e;121r,7,1,1,vacuous,0,,0,17,15
E01918,021e;121r,7,1,2,vacuous,0,,0,17,15
E01919,021e;121r,7,1,3,vacuous,0,,0,17,15
E01920,021e;121e,0,0,0,infeasible,,,2,14,13
E01921,021e;121e,0,1,0,vacuous,0,,0,14,13
E01922,021e;121e,1,0,0,optimal,1,0,2,15,14
E01923,021e;121e,1,0,1,infeasible,,,2,15,14
E01924,021e;121e,1,1,0,vacuous,0,,0,15,14
E01925,021e;121e,1,1,1,vacuous,0,,0,15,14
E01926,021e;121e,2,0,0,infeasible,,,2,15,14
E01927,021e;121e,2,0,1,infeasible,,,2,15,14
E01928,021e;121e,2,1,0,vacuous,0,,0,15,14
E01929,021e;121e,2,1,1,vacuous,0,,0,15,14
E01930,021e;121e,3,0,0,optimal,1,0,2,16,15
E01931,021e;121e,3,0,1,infeasible,,,2,16,15
E01932,021e;121e,3,0,2,infeasible,,,2,16,15
E01933,021e;121e,3,1,0,vacuous,0,,0,16,15
E01934,021e;121e,3,1,1,vacuous,0,,0,16,15
E01935,021e;121e,3,1,2,vacuous,0,,0,16,15
E01936,021e;121e,4,0,0,infeasible,,,2,15,14
E01937,021e;121e,4,0,1,infeasible,,,2,15,14
E01938,021e;121e,4,1,0,vacuous,0,,0,15,14
E01939,021e;121e,4,1,1,vacuous,0,,0,15,14
E01940,021e;121e,5,0,0,optimal,1,0,2,16,15
E01941,021e;121e,5,0,1,infeasible,,,2,16,15
E01942,021e;121e,5,0,2,infeasible,,,2,16,15
E01943,021e;121e,5,1,0,vacuous,0,,0,16,15
E01944,021e;121e,5,1,1,vacuous,0,,0,16,15
E01945,021e;121e,5,1,2,vacuous,0,,0,16,15
E01946,021e;121e,6,0,0,infeasible,,,2,16,15
E01947,021e;121e,6,0,1,infeasible,,,2,16,15
E01948,021e;121e,6,0,2,infeasible,,,2,16,15
E01949,021e;121e,6,1,0,vacuous,0,,0,16,15
E01950,021e;121e,6,1,1,vacuous,0,,0,16,15
E01951,021e;121e,6,1,2,vacuous,0,,0,16,15
E01952,021e;121e,7,0,0,optimal,1,0,2,17,16
E01953,021e;121e,7,0,1,infeasible,,,2,17,16
E01954,021e;121e,7,0,2,infeasible,,,2,17,16
E01955,021e;121e,7,0,3,infeasible,,,2,17,16
E01956,021e;121e,7,1,0,vacuous,0,,0,17,16
E01957,021e;121e,7,1,1,vacuous,0,,0,17,16
E01958,021e;121e,7,1,2,vacuous,0,,0,17,16
E01959,021e;121e,7,1,3,vacuous,0,,0,17,16
E01960,010k,0,0,0,vacuous,0,,0,14,11
E01961,010k,0,1,0,vacuous,0,,0,14,11
E01962,010k,1,0,0,vacuous,0,,0,15,12
E01963,010k,1,0,1,vacuous,0,,0,15,12
E01964,010k,1,1,0,vacuous,0,,0,15,12
E01965,010k,1,1,1,vacuous,0,,0,15,12
E01966,010k,2,0,0,vacuous,0,,0,15,12
E01967,010k,2,0,1,vacuous,0,,0,15,12
E01968,010k,2,1,0,vacuous,0,,0,15,12
E01969,010k,2,1,1,vacuous,0,,0,15,12
E01970,010k,3,0,0,vacuous,0,,0,16,13
E01971,010k,3,0,1,vacuous,0,,0,16,13
E01972,010k,3,0,2,vacuous,0,,0,16,13
E01973,010k,3,1,0,vacuous,0,,0,16,13
E01974,010k,3,1,1,vacuous,0,,0,16,13
E01975,010k,3,1,2,vacuous,0,,0,16,13
E01976,010k,4,0,0,vacuous,0,,0,15,12
E01977,010k,4,0,1,vacuous,0,,0,15,12
E01978,010k,4,1,0,vacuous,0,,0,15,12
E01979,010k,4,1,1,vacuous,0,,0,15,12
E01980,010k,5,0,0,vacuous,0,,0,16,13
E01981,010k,5,0,1,vacuous,0,,0,16,13
E01982,010k,5,0,2,vacuous,0,,0,16,13
E01983,010k,5,1,0,vacuous,0,,0,16,13
E01984,010k,5,1,1,vacuous,0,,0,16,13
E01985,010k,5,1,2,vacuous,0,,0,16,13
E01986,010k,6,0,0,vacuous,0,,0,16,13
E01987,010k,6,0,1,vacuous,0,,0,16,13
E01988,010k,6,0,2,vacuous,0,,0,16,13
E01989,010k,6,1,0,vacuous,0,,0,16,13
E01990,010k,6,1,1,vacuous,0,,0,16,13
E01991,010k,6,1,2,vacuous,0,,0,16,13
E01992,010k,7,0,0,vacuous,0,,0,17,14
E01993,010k,7,0,1,vacuous,0,,0,17,14
E01994,010k,7,0,2,vacuous,0,,0,17,14
E01995,010k,7,0,3,vacuous,0,,0,17,14
E01996,010k,7,1,0,vacuous,0,,0,17,14
E01997,010k,7,1,1,vacuous,0,,0,17,14
E01998,010k,7,1,2,vacuous,0,,0,17,14
E01999,010k,7,1,3,vacuous,0,,0,17,14
E02000,010k;120k,0,0,0,infeasible,,,1,14,13
E02001,010k;120k,0,1,0,infeasible,,,1,14,13
E02002,010k;120k,1,0,0,optimal,1,0,1,15,14
E02003,010k;120k,1,0,1,infeasible,,,1,15,14
E02004,010k;120k,1,1,0,infeasible,,,1,15,14
E02005,010k;120k,1,1,1,infeasible,,,1,15,14
E02006,010k;120k,2,0,0,optimal,2,0,1,15,14
E02007,010k;120k,2,0,1,infeasible,,,1,15,14
E02008,010k;120k,2,1,0,infeasible,,,1,15,14
E02009,010k;120k,2,1,1,infeasible,,,1,15,14
E02010,010k;120k,3,0,0,optimal,1,0,1,16,15
E02011,010k;120k,3,0,1,optimal,3,0;1,1,16,15
E02012,010k;120k,3,0,2,infeasible,,,1,16,15
E02013,010k;120k,3,1,0,infeasible,,,1,16,15
E02014,010k;120k,3,1,1,infeasible,,,1,16,15
E02015,010k;120k,3,1,2,infeasible,,,1,16,15
E02016,010k;120k,4,0,0,optimal,3,0,1,15,14
E02017,010k;120k,4,0,1,infeasible,,,1,15,14
E02018,010k;120k,4,1,0,infeasible,,,1,15,14
E02019,010k;120k,4,1,1,infeasible,,,1,15,14
E02020,010k;120k,5,0,0,optimal,1,0,1,16,15
E02021,010k;120k,5,0,1,optimal,4,0;1,1,16,15
E02022,010k;120k,5,0,2,infeasible,,,1,16,15
E02023,010k;120k,5,1,0,infeasible,,,1,16,15
E02024,010k;120k,5,1,1,infeasible,,,1,16,15
E02025,010k;120k,5,1,2,infeasible,,,1,16,15
E02026,010k;120k,6,0,0,optimal,2,0,1,16,15
E02027,010k;120k,6,0,1,optimal,5,0;1,1,16,15
E02028,010k;120k,6,0,2,infeasible,,,1,16,15
E02029,010k;120k,6,1,0,infeasible,,,1,16,15
E02030,010k;120k,6,1,1,infeasible,,,1,16,15
E02031,010k;120k,6,1,2,infeasible,,,1,16,15
E02032,010k;120k,7,0,0,optimal,1,0,1,17,16
E02033,010k;120k,7,0,1,optimal,3,0;1,1,17,16
E02034,010k;120k,7,0,2,optimal,6,0;1;2,1,17,16
E02035,010k;120k,7,0,3,infeasible,,,1,17,16
E02036,010k;120k,7,1,0,infeasible,,,1,17,16
E02037,010k;120k,7,1,1,infeasible,,,1,17,16
E02038,010k;120k,7,1,2,infeasible,,,1,17,16
E02039,010k;120k,7,1,3,infeasible,,,1,17,16
E02040,010k;120r,0,0,0,infeasible,,,1,14,13
E02041,010k;120r,0,1,0,infeasible,,,1,14,13
E02042,010k;120r,1,0,0,optimal,1,0,1,15,14
E02043,010k;120r,1,0,1,infeasible,,,1,15,14
E02044,010k;120r,1,1,0,infeasible,,,1,15,14
E02045,010k;120r,1,1,1,infeasible,,,1,15,14
E02046,010k;120r,2,0,0,optimal,2,0,1,15,14
E02047,010k;120r,2,0,1,infeasible,,,1,15,14
E02048,010k;120r,2,1,0,infeasible,,,1,15,14
E02049,010k;120r,2,1,1,infeasible,,,1,15,14
E02050,010k;120r,3,0,0,optimal,1,0,1,16,15
E02051,010k;120r,3,0,1,optimal,3,0;1,1,16,15
E02052,010k;120r,3,0,2,infeasible,,,1,16,15
E02053,010k;120r,3,1,0,infeasible,,,1,16,15
E02054,010k;120r,3,1,1,infeasible,,,1,16,15
E02055,010k;120r,3,1,2,infeasible,,,1,16,15
E02056,010k;120r,4,0,0,infeasible,,,1,15,14
E02057,010k;120r,4,0,1,infeasible,,,1,15,14
E02058,010k;120r,4,1,0,infeasible,,,1,15,14
E02059,010k;120r,4,1,1,infeasible,,,1,15,14
E02060,010k;120r,5,0,0,optimal,1,0,1,16,15
E02061,010k;120r,5,0,1,infeasible,,,1,16,15
E02062,010k;120r,5,0,2,infeasible,,,1,16,15
E02063,010k;120r,5,1,0,infeasible,,,1,16,15
E02064,010k;120r,5,1,1,infeasible,,,1,16,15
E02065,010k;120r,5,1,2,infeasible,,,1,16,15
E02066,010k;120r,6,0,0,optimal,2,0,1,16,15
E02067,010k;120r,6,0,1,infeasible,,,1,16,15
E02068,010k;120r,6,0,2,infeasible,,,1,16,15
E02069,010k;120r,6,1,0,infeasible,,,1,16,15
E02070,010k;120r,6,1,1,infeasible,,,1,16,15
E02071,010k;120r,6,1,2,infeasible,,,1,16,15
E02072,010k;120r,7,0,0,optimal,1,0,1,17,16
E02073,010k;120r,7,0,1,optimal,3,0;1,1,17,16
E02074,010k;120r,7,0,2,infeasible,,,1,17,16
E02075,010k;120r,7,0,3,infeasible,,,1,17,16
E02076,010k;120r,7,1,0,infeasible,,,1,17,16
E02077,010k;120r,7,1,1,infeasible,,,1,17,16
E02078,010k;120r,7,1,2,infeasible,,,1,17,16
E02079,010k;120r,7,1,3,infeasible,,,1,17,16
E02080,010k;120e,0,0,0,infeasible,,,2,14,14
E02081,010k;120e,0,1,0,infeasible,,,1,14,14
E02082,010k;120e,1,0,0,optimal,1,0,2,15,15
E02083,010k;120e,1,0,1,infeasible,,,2,15,15
E02084,010k;120e,1,1,0,infeasible,,,1,15,15
E02085,010k;120e,1,1,1,infeasible,,,1,15,15
E02086,010k;120e,2,0,0,optimal,2,0,2,15,15
E02087,010k;120e,2,0,1,infeasible,,,2,15,15
E02088,010k;120e,2,1,0,infeasible,,,1,15,15
E02089,010k;120e,2,1,1,infeasible,,,1,15,15
E02090,010k;120e,3,0,0,optimal,1,0,2,16,16
E02091,010k;120e,3,0,1,optimal,3,0;1,2,16,16
E02092,010k;120e,3,0,2,infeasible,,,2,16,16
E02093,010k;120e,3,1,0,infeasible,,,1,16,16
E02094,010k;120e,3,1,1,infeasible,,,1,16,16
E02095,010k;120e,3,1,2,infeasible,,,1,16,16
E02096,010k;120e,4,0,0,infeasible,,,2,15,15
E02097,010k;120e,4,0,1,infeasible,,,2,15,15
E02098,010k;120e,4,1,0,infeasible,,,1,15,15
E02099,010k;120e,4,1,1,infeasible,,,1,15,15
E02100,010k;120e,5,0,0,optimal,1,0,2,16,16
E02101,010k;120e,5,0,1,infeasible,,,2,16,16
E02102,010k;120e,5,0,2,infeasible,,,2,16,16
E02103,010k;120e,5,1,0,infeasible,,,1,16,16
E02104,010k;120e,5,1,1,infeasible,,,1,16,16
E02105,010k;120e,5,1,2,infeasible,,,1,16,16
E02106,010k;120e,6,0,0,optimal,2,0,2,16,16
E02107,010k;120e,6,0,1,infeasible,,,2,16,16
E02108,010k;120e,6,0,2,infeasible,,,2,16,16
E02109,010k;120e,6,1,0,infeasible,,,1,16,16
E02110,010k;120e,6,1,1,infeasible,,,1,16,16
E02111,010k;120e,6,1,2,infeasible,,,1,16,16
E02112,010k;120e,7,0,0,optimal,1,0,2,17,17
E02113,010k;120e,7,0,1,optimal,3,0;1,2,17,17
E02114,010k;120e,7,0,2,infeasible,,,2,17,17
E02115,010k;120e,7,0,3,infeasible,,,2,17,17
E02116,010k;120e,7,1,0,infeasible,,,1,17,17
E02117,010k;120e,7,1,1,infeasible,,,1,17,17
E02118,010k;120e,7,1,2,infeasible,,,1,17,17
E02119,010k;120e,7,1,3,infeasible,,,1,17,17
E02120,010k;121k,0,0,0,infeasible,,,1,14,12
E02121,010k;121k,0,1,0,vacuous,0,,0,14,12
E02122,010k;121k,1,0,0,optimal,1,0,1,15,13
E02123,010k;121k,1,0,1,infeasible,,,1,15,13
E02124,010k;121k,1,1,0,vacuous,0,,0,15,13
E02125,010k;121k,1,1,1,vacuous,0,,0,15,13
E02126,010k;121k,2,0,0,optimal,2,0,1,15,13
E02127,010k;121k,2,0,1,infeasible,,,1,15,13
E02128,010k;121k,2,1,0,vacuous,0,,0,15,13
E02129,010k;121k,2,1,1,vacuous,0,,0,15,13
E02130,010k;121k,3,0,0,optimal,1,0,1,16,14
E02131,010k;121k,3,0,1,optimal,3,0;1,1,16,14
E02132,010k;121k,3,0,2,infeasible,,,1,16,14
E02133,010k;121k,3,1,0,vacuous,0,,0,16,14
E02134,010k;121k,3,1,1,vacuous,0,,0,16,14
E02135,010k;121k,3,1,2,vacuous,0,,0,16,14
E02136,010k;121k,4,0,0,optimal,3,0,1,15,13
E02137,010k;121k,4,0,1,infeasible,,,1,15,13
E02138,010k;121k,4,1,0,vacuous,0,,0,15,13
E02139,010k;121k,4,1,1,vacuous,0,,0,15,13
E02140,010k;121k,5,0,0,optimal,1,0,1,16,14
E02141,010k;121k,5,0,1,optimal,4,0;1,1,16,14
E02142,010k;121k,5,0,2,infeasible,,,1,16,14
E02143,010k;121k,5,1,0,vacuous,0,,0,16,14
E02144,010k;121k,5,1,1,vacuous,0,,0,16,14
E02145,010k;121k,5,1,2,vacuous,0,,0,16,14
E02146,010k;121k,6,0,0,optimal,2,0,1,16,14
E02147,010k;121k,6,0,1,optimal,5,0;1,1,16,14
E02148,010k;121k,6,0,2,infeasible,,,1,16,14
E02149,010k;121k,6,1,0,vacuous,0,,0,16,14
E02150,010k;121k,6,1,1,vacuous,0,,0,16,14
E02151,010k;121k,6,1,2,vacuous,0,,0,16,14
E02152,010k;121k,7,0,0,optimal,1,0,1,17,15
E02153,010k;121k,7,0,1,optimal,3,0;1,1,17,15
E02154,010k;121k,7,0,2,optimal,6,0;1;2,1,17,15
E02155,010k;121k,7,0,3,infeasible,,,1,17,15
E02156,010k;121k,7,1,0,vacuous,0,,0,17,15
E02157,010k;121k,7,1,1,vacuous,0,,0,17,15
E02158,010k;121k,7,1,2,vacuous,0,,0,17,15
E02159,010k;121k,7,1,3,vacuous,0,,0,17,15
E02160,010k;121r,0,0,0,infeasible,,,1,14,12
E02161,010k;121r,0,1,0,vacuous,0,,0,14,12
E02162,010k;121r,1,0,0,optimal,1,0,1,15,13
E02163,010k;121r,1,0,1,infeasible,,,1,15,13
E02164,010k;121r,1,1,0,vacuous,0,,0,15,13
E02165,010k;121r,1,1,1,vacuous,0,,0,15,13
E02166,010k;121r,2,0,0,optimal,2,0,1,15,13
E02167,010k;121r,2,0,1,infeasible,,,1,15,13
E02168,010k;121r,2,1,0,vacuous,0,,0,15,13
E02169,010k;121r,2,1,1,vacuous,0,,0,15,13
E02170,010k;121r,3,0,0,optimal,1,0,1,16,14
E02171,010k;121r,3,0,1,optimal,3,0;1,1,16,14
E02172,010k;121r,3,0,2,infeasible,,,1,16,14
E02173,010k;121r,3,1,0,vacuous,0,,0,16,14
E02174,010k;121r,3,1,1,vacuous,0,,0,16,14
E02175,010k;121r,3,1,2,vacuous,0,,0,16,14
E02176,010k;121r,4,0,0,infeasible,,,1,15,13
E02177,010k;121r,4,0,1,infeasible,,,1,15,13
E02178,010k;121r,4,1,0,vacuous,0,,0,15,13
E02179,010k;121r,4,1,1,vacuous,0,,0,15,13
E02180,010k;121r,5,0,0,optimal,1,0,1,16,14
E02181,010k;121r,5,0,1,infeasible,,,1,16,14
E02182,010k;121r,5,0,2,infeasible,,,1,16,14
E02183,010k;121r,5,1,0,vacuous,0,,0,16,14
E02184,010k;121r,5,1,1,vacuous,0,,0,16,14
E02185,010k;121r,5,1,2,vacuous,0,,0,16,14
E02186,010k;121r,6,0,0,optimal,2,0,1,16,14
E02187,010k;121r,6,0,1,infeasible,,,1,16,14
E02188,010k;121r,6,0,2,infeasible,,,1,16,14
E02189,010k;121r,6,1,0,vacuous,0,,0,16,14
E02190,010k;121r,6,1,1,vacuous,0,,0,16,14
E02191,010k;121r,6,1,2,vacuous,0,,0,16,14
E02192,010k;121r,7,0,0,optimal,1,0,1,17,15
E02193,010k;121r,7,0,1,optimal,3,0;1,1,17,15
E02194,010k;121r,7,0,2,infeasible,,,1,17,15
E02195,010k;121r,7,0,3,infeasible,,,1,17,15
E02196,010k;121r,7,1,0,vacuous,0,,0,17,15
E02197,010k;121r,7,1,1,vacuous,0,,0,17,15
E02198,010k;121r,7,1,2,vacuous,0,,0,17,15
E02199,010k;121r,7,1,3,vacuous,0,,0,17,15
E02200,010k;121e,0,0,0,infeasible,,,2,14,13
E02201,010k;121e,0,1,0,vacuous,0,,0,14,13
E02202,010k;121e,1,0,0,optimal,1,0,2,15,14
E02203,010k;121e,1,0,1,infeasible,,,2,15,14
E02204,010k;121e,1,1,0,vacuous,0,,0,15,14
E02205,010k;121e,1,1,1,vacuous,0,,0,15,14
E02206,010k;121e,2,0,0,optimal,2,0,2,15,14
E02207,010k;121e,2,0,1,infeasible,,,2,15,14
E02208,010k;121e,2,1,0,vacuous,0,,0,15,14
E02209,010k;121e,2,1,1,vacuous,0,,0,15,14
E02210,010k;121e,3,0,0,optimal,1,0,2,16,15
E02211,010k;121e,3,0,1,optimal,3,0;1,2,16,15
E02212,010k;121e,3,0,2,infeasible,,,2,16,15
E02213,010k;121e,3,1,0,vacuous,0,,0,16,15
E02214,010k;121e,3,1,1,vacuous,0,,0,16,15
E02215,010k;121e,3,1,2,vacuous,0,,0,16,15
E02216,010k;121e,4,0,0,infeasible,,,2,15,14
E02217,010k;121e,4,0,1,infeasible,,,2,15,14
E02218,010k;121e,4,1,0,vacuous,0,,0,15,14
E02219,010k;121e,4,1,1,vacuous,0,,0,15,14
E02220,010k;121e,5,0,0,optimal,1,0,2,16,15
E02221,010k;121e,5,0,1,infeasible,,,2,16,15
E02222,010k;121e,5,0,2,infeasible,,,2,16,15
E02223,010k;121e,5,1,0,vacuous,0,,0,16,15
E02224,010k;121e,5,1,1,vacuous,0,,0,16,15
E02225,010k;121e,5,1,2,vacuous,0,,0,16,15
E02226,010k;121e,6,0,0,optimal,2,0,2,16,15
E02227,010k;121e,6,0,1,infeasible,,,2,16,15
E02228,010k;121e,6,0,2,infeasible,,,2,16,15
E02229,010k;121e,6,1,0,vacuous,0,,0,16,15
E02230,010k;121e,6,1,1,vacuous,0,,0,16,15
E02231,010k;121e,6,1,2,vacuous,0,,0,16,15
E02232,010k;121e,7,0,0,optimal,1,0,2,17,16
E02233,010k;121e,7,0,1,optimal,3,0;1,2,17,16
E02234,010k;121e,7,0,2,infeasible,,,2,17,16
E02235,010k;121e,7,0,3,infeasible,,,2,17,16
E02236,010k;121e,7,1,0,vacuous,0,,0,17,16
E02237,010k;121e,7,1,1,vacuous,0,,0,17,16
E02238,010k;121e,7,1,2,vacuous,0,,0,17,16
E02239,010k;121e,7,1,3,vacuous,0,,0,17,16
E02240,010k;020k,0,0,0,infeasible,,,1,14,13
E02241,010k;020k,0,1,0,infeasible,,,1,14,13
E02242,010k;020k,1,0,0,optimal,1,0,1,15,14
E02243,010k;020k,1,0,1,infeasible,,,1,15,14
E02244,010k;020k,1,1,0,infeasible,,,1,15,14
E02245,010k;020k,1,1,1,infeasible,,,1,15,14
E02246,010k;020k,2,0,0,infeasible,,,1,15,14
E02247,010k;020k,2,0,1,infeasible,,,1,15,14
E02248,010k;020k,2,1,0,infeasible,,,1,15,14
E02249,010k;020k,2,1,1,infeasible,,,1,15,14
E02250,010k;020k,3,0,0,optimal,1,0,1,16,15
E02251,010k;020k,3,0,1,infeasible,,,1,16,15
E02252,010k;020k,3,0,2,infeasible,,,1,16,15
E02253,010k;020k,3,1,0,infeasible,,,1,16,15
E02254,010k;020k,3,1,1,infeasible,,,1,16,15
E02255,010k;020k,3,1,2,infeasible,,,1,16,15
E02256,010k;020k,4,0,0,optimal,3,0,1,15,14
E02257,010k;020k,4,0,1,infeasible,,,1,15,14
E02258,010k;020k,4,1,0,infeasible,,,1,15,14
E02259,010k;020k,4,1,1,infeasible,,,1,15,14
E02260,010k;020k,5,0,0,optimal,1,0,1,16,15
E02261,010k;020k,5,0,1,optimal,4,0;1,1,16,15
E02262,010k;020k,5,0,2,infeasible,,,1,16,15
E02263,010k;020k,5,1,0,infeasible,,,1,16,15
E02264,010k;020k,5,1,1,infeasible,,,1,16,15
E02265,010k;020k,5,1,2,infeasible,,,1,16,15
E02266,010k;020k,6,0,0,optimal,3,1,1,16,15
E02267,010k;020k,6,0,1,infeasible,,,1,16,15
E02268,010k;020k,6,0,2,infeasible,,,1,16,15
E02269,010k;020k,6,1,0,infeasible,,,1,16,15
E02270,010k;020k,6,1,1,infeasible,,,1,16,15
E02271,010k;020k,6,1,2,infeasible,,,1,16,15
E02272,010k;020k,7,0,0,optimal,1,0,1,17,16
E02273,010k;020k,7,0,1,optimal,4,0;2,1,17,16
E02274,010k;020k,7,0,2,infeasible,,,1,17,16
E02275,010k;020k,7,0,3,infeasible,,,1,17,16
E02276,010k;020k,7,1,0,infeasible,,,1,17,16
E02277,010k;020k,7,1,1,infeasible,,,1,17,16
E02278,010k;020k,7,1,2,infeasible,,,1,17,16
E02279,010k;020k,7,1,3,infeasible,,,1,17,16
E02280,010k;020k;120k,0,0,0,infeasible,,,2,14,15
E02281,010k;020k;120k,0,1,0,infeasible,,,2,14,15
E02282,010k;020k;120k,1,0,0,optimal,1,0,2,15,16
E02283,010k;020k;120k,1,0,1,infeasible,,,2,15,16
E02284,010k;020k;120k,1,1,0,infeasible,,,2,15,16
E02285,010k;020k;120k,1,1,1,infeasible,,,2,15,16
E02286,010k;020k;120k,2,0,0,infeasible,,,2,15,16
E02287,010k;020k;120k,2,0,1,infeasible,,,2,15,16
E02288,010k;020k;120k,2,1,0,infeasible,,,2,15,16
E02289,010k;020k;120k,2,1,1,infeasible,,,2,15,16
E02290,010k;020k;120k,3,0,0,optimal,1,0,2,16,17
E02291,010k;020k;120k,3,0,1,infeasible,,,2,16,17
E02292,010k;020k;120k,3,0,2,infeasible,,,2,16,17
E02293,010k;020k;120k,3,1,0,infeasible,,,2,16,17
E02294,010k;020k;120k,3,1,1,infeasible,,,2,16,17
E02295,010k;020k;120k,3,1,2,infeasible,,,2,16,17
E02296,010k;020k;120k,4,0,0,optimal,3,0,2,15,16
E02297,010k;020k;120k,4,0,1,infeasible,,,2,15,16
E02298,010k;020k;120k,4,1,0,infeasible,,,2,15,16
E02299,010k;020k;120k,4,1,1,infeasible,,,2,15,16
E02300,010k;020k;120k,5,0,0,optimal,1,0,2,16,17
E02301,010k;020k;120k,5,0,1,optimal,4,0;1,2,16,17
E02302,010k;020k;120k,5,0,2,infeasible,,,2,16,17
E02303,010k;020k;120k,5,1,0,infeasible,,,2,16,17
E02304,010k;020k;120k,5,1,1,infeasible,,,2,16,17
E02305,010k;020k;120k,5,1,2,infeasible,,,2,16,17
E02306,010k;020k;120k,6,0,0,optimal,3,1,2,16,17
E02307,010k;020k;120k,6,0,1,infeasible,,,2,16,17
E02308,010k;020k;120k,6,0,2,infeasible,,,2,16,17
E02309,010k;020k;120k,6,1,0,infeasible,,,2,16,17
E02310,010k;020k;120k,6,1,1,infeasible,,,2,16,17
E02311,010k;020k;120k,6,1,2,infeasible,,,2,16,17
E02312,010k;020k;120k,7,0,0,optimal,1,0,2,17,18
E02313,010k;020k;120k,7,0,1,optimal,4,0;2,2,17,18
E02314,010k;020k;120k,7,0,2,infeasible,,,2,17,18
E02315,010k;020k;120k,7,0,3,infeasible,,,2,17,18
E02316,010k;020k;120k,7,1,0,infeasible,,,2,17,18
E02317,010k;020k;120k,7,1,1,infeasible,,,2,17,18
E02318,010k;020k;120k,7,1,2,infeasible,,,2,17,18
E02319,010k;020k;120k,7,1,3,infeasible,,,2,17,18
E02320,010k;020k;120r,0,0,0,infeasible,,,2,14,15
E02321,010k;020k;120r,0,1,0,infeasible,,,2,14,15
E02322,010k;020k;120r,1,0,0,optimal,1,0,2,15,16
E02323,010k;020k;120r,1,0,1,infeasible,,,2,15,16
E02324,010k;020k;120r,1,1,0,infeasible,,,2,15,16
E02325,010k;020k;120r,1,1,1,infeasible,,,2,15,16
E02326,010k;020k;120r,2,0,0,infeasible,,,2,15,16
E02327,010k;020k;120r,2,0,1,infeasible,,,2,15,16
E02328,010k;020k;120r,2,1,0,infeasible,,,2,15,16
E02329,010k;020k;120r,2,1,1,infeasible,,,2,15,16
E02330,010k;020k;120r,3,0,0,optimal,1,0,2,16,17
E02331,010k;020k;120r,3,0,1,infeasible,,,2,16,17
E02332,010k;020k;120r,3,0,2,infeasible,,,2,16,17
E02333,010k;020k;120r,3,1,0,infeasible,,,2,16,17
E02334,010k;020k;120r,3,1,1,infeasible,,,2,16,17
E02335,010k;020k;120r,3,1,2,infeasible,,,2,16,17
E02336,010k;020k;120r,4,0,0,infeasible,,,2,15,16
E02337,010k;020k;120r,4,0,1,infeasible,,,2,15,16
E02338,010k;020k;120r,4,1,0,infeasible,,,2,15,16
E02339,010k;020k;120r,4,1,1,infeasible,,,2,15,16
E02340,010k;020k;120r,5,0,0,optimal,1,0,2,16,17
E02341,010k;020k;120r,5,0,1,infeasible,,,2,16,17
E02342,010k;020k;120r,5,0,2,infeasible,,,2,16,17
E02343,010k;020k;120r,5,1,0,infeasible,,,2,16,17
E02344,010k;020k;120r,5,1,1,infeasible,,,2,16,17
E02345,010k;020k;120r,5,1,2,infeasible,,,2,16,17
E02346,010k;020k;120r,6,0,0,optimal,5,0;1,2,16,17
E02347,010k;020k;120r,6,0,1,infeasible,,,2,16,17
E02348,010k;020k;120r,6,0,2,infeasible,,,2,16,17
E02349,010k;020k;120r,6,1,0,infeasible,,,2,16,17
E02350,010k;020k;120r,6,1,1,infeasible,,,2,16,17
E02351,010k;020k;120r,6,1,2,infeasible,,,2,16,17
E02352,010k;020k;120r,7,0,0,optimal,1,0,2,17,18
E02353,010k;020k;120r,7,0,1,optimal,6,0;1;2,2,17,18
E02354,010k;020k;120r,7,0,2,infeasible,,,2,17,18
E02355,010k;020k;120r,7,0,3,infeasible,,,2,17,18
E02356,010k;020k;120r,7,1,0,infeasible,,,2,17,18
E02357,010k;020k;120r,7,1,1,infeasible,,,2,17,18
E02358,010k;020k;120r,7,1,2,infeasible,,,2,17,18
E02359,010k;020k;120r,7,1,3,infeasible,,,2,17,18
E02360,010k;020k;120e,0,0,0,infeasible,,,3,14,16
E02361,010k;020k;120e,0,1,0,infeasible,,,2,14,16
E02362,010k;020k;120e,1,0,0,optimal,1,0,3,15,17
E02363,010k;020k;120e,1,0,1,infeasible,,,3,15,17
E02364,010k;020k;120e,1,1,0,infeasible,,,2,15,17
E02365,010k;020k;120e,1,1,1,infeasible,,,2,15,17
E02366,010k;020k;120e,2,0,0,infeasible,,,3,15,17
E02367,010k;020k;120e,2,0,1,infeasible,,,3,15,17
E02368,010k;020k;120e,2,1,0,infeasible,,,2,15,17
E02369,010k;020k;120e,2,1,1,infeasible,,,2,15,17
E02370,010k;020k;120e,3,0,0,optimal,1,0,3,16,18
E02371,010k;020k;120e,3,0,1,infeasible,,,3,16,18
E02372,010k;020k;120e,3,0,2,infeasible,,,3,16,18
E02373,010k;020k;120e,3,1,0,infeasible,,,2,16,18
E02374,010k;020k;120e,3,1,1,infeasible,,,2,16,18
E02375,010k;020k;120e,3,1,2,infeasible,,,2,16,18
E02376,010k;020k;120e,4,0,0,infeasible,,,3,15,17
E02377,010k;020k;120e,4,0,1,infeasible,,,3,15,17
E02378,010k;020k;120e,4,1,0,infeasible,,,2,15,17
E02379,010k;020k;120e,4,1,1,infeasible,,,2,15,17
E02380,010k;020k;120e,5,0,0,optimal,1,0,3,16,18
E02381,010k;020k;120e,5,0,1,infeasible,,,3,16,18
E02382,010k;020k;120e,5,0,2,infeasible,,,3,16,18
E02383,010k;020k;120e,5,1,0,infeasible,,,2,16,18
E02384,010k;020k;120e,5,1,1,infeasible,,,2,16,18
E02385,010k;020k;120e,5,1,2,infeasible,,,2,16,18
E02386,010k;020k;120e,6,0,0,optimal,5,0;1,3,16,18
E02387,010k;020k;120e,6,0,1,infeasible,,,3,16,18
E02388,010k;020k;120e,6,0,2,infeasible,,,3,16,18
E02389,010k;020k;120e,6,1,0,infeasible,,,2,16,18
E02390,010k;020k;120e,6,1,1,infeasible,,,2,16,18
E02391,010k;020k;120e,6,1,2,infeasible,,,2,16,18
E02392,010k;020k;120e,7,0,0,optimal,1,0,3,17,19
E02393,010k;020k;120e,7,0,1,optimal,6,0;1;2,3,17,19
E02394,010k;020k;120e,7,0,2,infeasible,,,3,17,19
E02395,010k;020k;120e,7,0,3,infeasible,,,3,17,19
E02396,010k;020k;120e,7,1,0,infeasible,,,2,17,19
E02397,010k;020k;120e,7,1,1,infeasible,,,2,17,19
E02398,010k;020k;120e,7,1,2,infeasible,,,2,17,19
E02399,010k;020k;120e,7,1,3,infeasible,,,2,17,19
E02400,010k;020k;121k,0,0,0,infeasible,,,2,14,14
E02401,010k;020k;121k,0,1,0,infeasible,,,1,14,14
E02402,010k;020k;121k,1,0,0,optimal,1,0,2,15,15
E02403,010k;020k;121k,1,0,1,infeasible,,,2,15,15
E02404,010k;020k;121k,1,1,0,infeasible,,,1,15,15
E02405,010k;020k;121k,1,1,1,infeasible,,,1,15,15
E02406,010k;020k;121k,2,0,0,infeasible,,,2,15,15
E02407,010k;020k;121k,2,0,1,infeasible,,,2,15,15
E02408,010k;020k;121k,2,1,0,infeasible,,,1,15,15
E02409,010k;020k;121k,2,1,1,infeasible,,,1,15,15
E02410,010k;020k;121k,3,0,0,optimal,1,0,2,16,16
E02411,010k;020k;121k,3,0,1,infeasible,,,2,16,16
E02412,010k;020k;121k,3,0,2,infeasible,,,2,16,16
E02413,010k;020k;121k,3,1,0,infeasible,,,1,16,16
E02414,010k;020k;121k,3,1,1,infeasible,,,1,16,16
E02415,010k;020k;121k,3,1,2,infeasible,,,1,16,16
E02416,010k;020k;121k,4,0,0,optimal,3,0,2,15,15
E02417,010k;020k;121k,4,0,1,infeasible,,,2,15,15
E02418,010k;020k;121k,4,1,0,infeasible,,,1,15,15
E02419,010k;020k;121k,4,1,1,infeasible,,,1,15,15
E02420,010k;020k;121k,5,0,0,optimal,1,0,2,16,16
E02421,010k;020k;121k,5,0,1,optimal,4,0;1,2,16,16
E02422,010k;020k;121k,5,0,2,infeasible,,,2,16,16
E02423,010k;020k;121k,5,1,0,infeasible,,,1,16,16
E02424,010k;020k;121k,5,1,1,infeasible,,,1,16,16
E02425,010k;020k;121k,5,1,2,infeasible,,,1,16,16
E02426,010k;020k;121k,6,0,0,optimal,3,1,2,16,16
E02427,010k;020k;121k,6,0,1,infeasible,,,2,16,16
E02428,010k;020k;121k,6,0,2,infeasible,,,2,16,16
E02429,010k;020k;121k,6,1,0,infeasible,,,1,16,16
E02430,010k;020k;121k,6,1,1,infeasible,,,1,16,16
E02431,010k;020k;121k,6,1,2,infeasible,,,1,16,16
E02432,010k;020k;121k,7,0,0,optimal,1,0,2,17,17
E02433,010k;020k;121k,7,0,1,optimal,4,0;2,2,17,17
E02434,010k;020k;121k,7,0,2,infeasible,,,2,17,17
E02435,010k;020k;121k,7,0,3,infeasible,,,2,17,17
E02436,010k;020k;121k,7,1,0,infeasible,,,1,17,17
E02437,010k;020k;121k,7,1,1,infeasible,,,1,17,17
E02438,010k;020k;121k,7,1,2,infeasible,,,1,17,17
E02439,010k;020k;121k,7,1,3,infeasible,,,1,17,17
E02440,010k;020k;121r,0,0,0,infeasible,,,2,14,14
E02441,010k;020k;121r,0,1,0,infeasible,,,1,14,14
E02442,010k;020k;121r,1,0,0,optimal,1,0,2,15,15
E02443,010k;020k;121r,1,0,1,infeasible,,,2,15,15
E02444,010k;020k;121r,1,1,0,infeasible,,,1,15,15
E02445,010k;020k;121r,1,1,1,infeasible,,,1,15,15
E02446,010k;020k;121r,2,0,0,infeasible,,,2,15,15
E02447,010k;020k;121r,2,0,1,infeasible,,,2,15,15
E02448,010k;020k;121r,2,1,0,infeasible,,,1,15,15
E02449,010k;020k;121r,2,1,1,infeasible,,,1,15,15
E02450,010k;020k;121r,3,0,0,optimal,1,0,2,16,16
E02451,010k;020k;121r,3,0,1,infeasible,,,2,16,16
E02452,010k;020k;121r,3,0,2,infeasible,,,2,16,16
E02453,010k;020k;121r,3,1,0,infeasible,,,1,16,16
E02454,010k;020k;121r,3,1,1,infeasible,,,1,16,16
E02455,010k;020k;121r,3,1,2,infeasible,,,1,16,16
E02456,010k;020k;121r,4,0,0,infeasible,,,2,15,15
E02457,010k;020k;121r,4,0,1,infeasible,,,2,15,15
E02458,010k;020k;121r,4,1,0,infeasible,,,1,15,15
E02459,010k;020k;121r,4,1,1,infeasible,,,1,15,15
E02460,010k;020k;121r,5,0,0,optimal,1,0,2,16,16
E02461,010k;020k;121r,5,0,1,infeasible,,,2,16,16
E02462,010k;020k;121r,5,0,2,infeasible,,,2,16,16
E02463,010k;020k;121r,5,1,0,infeasible,,,1,16,16
E02464,010k;020k;121r,5,1,1,infeasible,,,1,16,16
E02465,010k;020k;121r,5,1,2,infeasible,,,1,16,16
E02466,010k;020k;121r,6,0,0,optimal,5,0;1,2,16,16
E02467,010k;020k;121r,6,0,1,infeasible,,,2,16,16
E02468,010k;020k;121r,6,0,2,infeasible,,,2,16,16
E02469,010k;020k;121r,6,1,0,infeasible,,,1,16,16
E02470,010k;020k;121r,6,1,1,infeasible,,,1,16,16
E02471,010k;020k;121r,6,1,2,infeasible,,,1,16,16
E02472,010k;020k;121r,7,0,0,optimal,1,0,2,17,17
E02473,010k;020k;121r,7,0,1,optimal,6,0;1;2,2,17,17
E02474,010k;020k;121r,7,0,2,infeasible,,,2,17,17
E02475,010k;020k;121r,7,0,3,infeasible,,,2,17,17
E02476,010k;020k;121r,7,1,0,infeasible,,,1,17,17
E02477,010k;020k;121r,7,1,1,infeasible,,,1,17,17
E02478,010k;020k;121r,7,1,2,infeasible,,,1,17,17
E02479,010k;020k;121r,7,1,3,infeasible,,,1,17,17
E02480,010k;020k;121e,0,0,0,infeasible,,,3,14,15
E02481,010k;020k;121e,0,1,0,infeasible,,,1,14,15
E02482,010k;020k;121e,1,0,0,optimal,1,0,3,15,16
E02483,010k;020k;121e,1,0,1,infeasible,,,3,15,16
E02484,010k;020k;121e,1,1,0,infeasible,,,1,15,16
E02485,010k;020k;121e,1,1,1,infeasible,,,1,15,16
E02486,010k;020k;121e,2,0,0,infeasible,,,3,15,16
E02487,010k;020k;121e,2,0,1,infeasible,,,3,15,16
E02488,010k;020k;121e,2,1,0,infeasible,,,1,15,16
E02489,010k;020k;121e,2,1,1,infeasible,,,1,15,16
E02490,010k;020k;121e,3,0,0,optimal,1,0,3,16,17
E02491,010k;020k;121e,3,0,1,infeasible,,,3,16,17
E02492,010k;020k;121e,3,0,2,infeasible,,,3,16,17
E02493,010k;020k;121e,3,1,0,infeasible,,,1,16,17
E02494,010k;020k;121e,3,1,1,infeasible,,,1,16,17
E02495,010k;020k;121e,3,1,2,infeasible,,,1,16,17
E02496,010k;020k;121e,4,0,0,infeasible,,,3,15,16
E02497,010k;020k;121e,4,0,1,infeasible,,,3,15,16
E02498,010k;020k;121e,4,1,0,infeasible,,,1,15,16
E02499,010k;020k;121e,4,1,1,infeasible,,,1,15,16
E02500,010k;020k;121e,5,0,0,optimal,1,0,3,16,17
E02501,010k;020k;121e,5,0,1,infeasible,,,3,16,17
E02502,010k;020k;121e,5,0,2,infeasible,,,3,16,17
E02503,010k;020k;121e,5,1,0,infeasible,,,1,16,17
E02504,010k;020k;121e,5,1,1,infeasible,,,1,16,17
E02505,010k;020k;121e,5,1,2,infeasible,,,1,16,17
E02506,010k;020k;121e,6,0,0,optimal,5,0;1,3,16,17
E02507,010k;020k;121e,6,0,1,infeasible,,,3,16,17
E02508,010k;020k;121e,6,0,2,infeasible,,,3,16,17
E02509,010k;020k;121e,6,1,0,infeasible,,,1,16,17
E02510,010k;020k;121e,6,1,1,infeasible,,,1,16,17
E02511,010k;020k;121e,6,1,2,infeasible,,,1,16,17
E02512,010k;020k;121e,7,0,0,optimal,1,0,3,17,18
E02513,010k;020k;121e,7,0,1,optimal,6,0;1;2,3,17,18
E02514,010k;020k;121e,7,0,2,infeasible,,,3,17,18
E02515,010k;020k;121e,7,0,3,infeasible,,,3,17,18
E02516,010k;020k;121e,7,1,0,infeasible,,,1,17,18
E02517,010k;020k;121e,7,1,1,infeasible,,,1,17,18
E02518,010k;020k;121e,7,1,2,infeasible,,,1,17,18
E02519,010k;020k;121e,7,1,3,infeasible,,,1,17,18
E02520,010k;020r,0,0,0,infeasible,,,1,14,13
E02521,010k;020r,0,1,0,infeasible,,,1,14,13
E02522,010k;020r,1,0,0,optimal,1,0,1,15,14
E02523,010k;020r,1,0,1,infeasible,,,1,15,14
E02524,010k;020r,1,1,0,infeasible,,,1,15,14
E02525,010k;020r,1,1,1,infeasible,,,1,15,14
E02526,010k;020r,2,0,0,infeasible,,,1,15,14
E02527,010k;020r,2,0,1,infeasible,,,1,15,14
E02528,010k;020r,2,1,0,infeasible,,,1,15,14
E02529,010k;020r,2,1,1,infeasible,,,1,15,14
E02530,010k;020r,3,0,0,optimal,1,0,1,16,15
E02531,010k;020r,3,0,1,infeasible,,,1,16,15
E02532,010k;020r,3,0,2,infeasible,,,1,16,15
E02533,010k;020r,3,1,0,infeasible,,,1,16,15
E02534,010k;020r,3,1,1,infeasible,,,1,16,15
E02535,010k;020r,3,1,2,infeasible,,,1,16,15
E02536,010k;020r,4,0,0,infeasible,,,1,15,14
E02537,010k;020r,4,0,1,infeasible,,,1,15,14
E02538,010k;020r,4,1,0,infeasible,,,1,15,14
E02539,010k;020r,4,1,1,infeasible,,,1,15,14
E02540,010k;020r,5,0,0,optimal,1,0,1,16,15
E02541,010k;020r,5,0,1,infeasible,,,1,16,15
E02542,010k;020r,5,0,2,infeasible,,,1,16,15
E02543,010k;020r,5,1,0,infeasible,,,1,16,15
E02544,010k;020r,5,1,1,infeasible,,,1,16,15
E02545,010k;020r,5,1,2,infeasible,,,1,16,15
E02546,010k;020r,6,0,0,infeasible,,,1,16,15
E02547,010k;020r,6,0,1,infeasible,,,1,16,15
E02548,010k;020r,6,0,2,infeasible,,,1,16,15
E02549,010k;020r,6,1,0,infeasible,,,1,16,15
E02550,010k;020r,6,1,1,infeasible,,,1,16,15
E02551,010k;020r,6,1,2,infeasible,,,1,16,15
E02552,010k;020r,7,0,0,optimal,1,0,1,17,16
E02553,010k;020r,7,0,1,infeasible,,,1,17,16
E02554,010k;020r,7,0,2,infeasible,,,1,17,16
E02555,010k;020r,7,0,3,infeasible,,,1,17,16
E02556,010k;020r,7,1,0,infeasible,,,1,17,16
E02557,010k;020r,7,1,1,infeasible,,,1,17,16
E02558,010k;020r,7,1,2,infeasible,,,1,17,16
E02559,010k;020r,7,1,3,infeasible,,,1,17,16
E02560,010k;020r;120k,0,0,0,infeasible,,,2,14,15
E02561,010k;020r;120k,0,1,0,infeasible,,,2,14,15
E02562,010k;020r;120k,1,0,0,optimal,1,0,2,15,16
E02563,010k;020r;120k,1,0,1,infeasible,,,2,15,16
E02564,010k;020r;120k,1,1,0,infeasible,,,2,15,16
E02565,010k;020r;120k,1,1,1,infeasible,,,2,15,16
E02566,010k;020r;120k,2,0,0,infeasible,,,2,15,16
E02567,010k;020r;120k,2,0,1,infeasible,,,2,15,16
E02568,010k;020r;120k,2,1,0,infeasible,,,2,15,16
E02569,010k;020r;120k,2,1,1,infeasible,,,2,15,16
E02570,010k;020r;120k,3,0,0,optimal,1,0,2,16,17
E02571,010k;020r;120k,3,0,1,infeasible,,,2,16,17
E02572,010k;020r;120k,3,0,2,infeasible,,,2,16,17
E02573,010k;020r;120k,3,1,0,infeasible,,,2,16,17
E02574,010k;020r;120k,3,1,1,infeasible,,,2,16,17
E02575,010k;020r;120k,3,1,2,infeasible,,,2,16,17
E02576,010k;020r;120k,4,0,0,infeasible,,,2,15,16
E02577,010k;020r;120k,4,0,1,infeasible,,,2,15,16
E02578,010k;020r;120k,4,1,0,infeasible,,,2,15,16
E02579,010k;020r;120k,4,1,1,infeasible,,,2,15,16
E02580,010k;020r;120k,5,0,0,optimal,1,0,2,16,17
E02581,010k;020r;120k,5,0,1,infeasible,,,2,16,17
E02582,010k;020r;120k,5,0,2,infeasible,,,2,16,17
E02583,010k;020r;120k,5,1,0,infeasible,,,2,16,17
E02584,010k;020r;120k,5,1,1,infeasible,,,2,16,17
E02585,010k;020r;120k,5,1,2,infeasible,,,2,16,17
E02586,010k;020r;120k,6,0,0,infeasible,,,2,16,17
E02587,010k;020r;120k,6,0,1,infeasible,,,2,16,17
E02588,010k;020r;120k,6,0,2,infeasible,,,2,16,17
E02589,010k;020r;120k,6,1,0,infeasible,,,2,16,17
E02590,010k;020r;120k,6,1,1,infeasible,,,2,16,17
E02591,010k;020r;120k,6,1,2,infeasible,,,2,16,17
E02592,010k;020r;120k,7,0,0,optimal,1,0,2,17,18
E02593,010k;020r;120k,7,0,1,infeasible,,,2,17,18
E02594,010k;020r;120k,7,0,2,infeasible,,,2,17,18
E02595,010k;020r;120k,7,0,3,infeasible,,,2,17,18
E02596,010k;020r;120k,7,1,0,infeasible,,,2,17,18
E02597,010k;020r;120k,7,1,1,infeasible,,,2,17,18
E02598,010k;020r;120k,7,1,2,infeasible,,,2,17,18
E02599,010k;020r;120k,7,1,3,infeasible,,,2,17,18
E02600,010k;020r;120r,0,0,0,infeasible,,,2,14,15
E02601,010k;020r;120r,0,1,0,infeasible,,,2,14,15
E02602,010k;020r;120r,1,0,0,optimal,1,0,2,15,16
E02603,010k;020r;120r,1,0,1,infeasible,,,2,15,16
E02604,010k;020r;120r,1,1,0,infeasible,,,2,15,16
E02605,010k;020r;120r,1,1,1,infeasible,,,2,15,16
E02606,010k;020r;120r,2,0,0,infeasible,,,2,15,16
E02607,010k;020r;120r,2,0,1,infeasible,,,2,15,16
E02608,010k;020r;120r,2,1,0,infeasible,,,2,15,16
E02609,010k;020r;120r,2,1,1,infeasible,,,2,15,16
E02610,010k;020r;120r,3,0,0,optimal,1,0,2,16,17
E02611,010k;020r;120r,3,0,1,infeasible,,,2,16,17
E02612,010k;020r;120r,3,0,2,infeasible,,,2,16,17
E02613,010k;020r;120r,3,1,0,infeasible,,,2,16,17
E02614,010k;020r;120r,3,1,1,infeasible,,,2,16,17
E02615,010k;020r;120r,3,1,2,infeasible,,,2,16,17
E02616,010k;020r;120r,4,0,0,infeasible,,,2,15,16
E02617,010k;020r;120r,4,0,1,infeasible,,,2,15,16
E02618,010k;020r;120r,4,1,0,infeasible,,,2,15,16
E02619,010k;020r;120r,4,1,1,infeasible,,,2,15,16
E02620,010k;020r;120r,5,0,0,optimal,1,0,2,16,17
E02621,010k;020r;120r,5,0,1,infeasible,,,2,16,17
E02622,010k;020r;120r,5,0,2,infeasible,,,2,16,17
E02623,010k;020r;120r,5,1,0,infeasible,,,2,16,17
E02624,010k;020r;120r,5,1,1,infeasible,,,2,16,17
E02625,010k;020r;120r,5,1,2,infeasible,,,2,16,17
E02626,010k;020r;120r,6,0,0,infeasible,,,2,16,17
E02627,010k;020r;120r,6,0,1,infeasible,,,2,16,17
E02628,010k;020r;120r,6,0,2,infeasible,,,2,16,17
E02629,010k;020r;120r,6,1,0,infeasible,,,2,16,17
E02630,010k;020r;120r,6,1,1,infeasible,,,2,16,17
E02631,010k;020r;120r,6,1,2,infeasible,,,2,16,17
E02632,010k;020r;120r,7,0,0,optimal,1,0,2,17,18
E02633,010k;020r;120r,7,0,1,infeasible,,,2,17,18
E02634,010k;020r;120r,7,0,2,infeasible,,,2,17,18
E02635,010k;020r;120r,7,0,3,infeasible,,,2,17,18
E02636,010k;020r;120r,7,1,0,infeasible,,,2,17,18
E02637,010k;020r;120r,7,1,1,infeasible,,,2,17,18
E02638,010k;020r;120r,7,1,2,infeasible,,,2,17,18
E02639,010k;020r;120r,7,1,3,infeasible,,,2,17,18
E02640,010k;020r;120e,0,0,0,infeasible,,,3,14,16
E02641,010k;020r;120e,0,1,0,infeasible,,,2,14,16
E02642,010k;020r;120e,1,0,0,optimal,1,0,3,15,17
E02643,010k;020r;120e,1,0,1,infeasible,,,3,15,17
E02644,010k;020r;120e,1,1,0,infeasible,,,2,15,17
E02645,010k;020r;120e,1,1,1,infeasible,,,2,15,17
E02646,010k;020r;120e,2,0,0,infeasible,,,3,15,17
E02647,010k;020r;120e,2,0,1,infeasible,,,3,15,17
E02648,010k;020r;120e,2,1,0,infeasible,,,2,15,17
E02649,010k;020r;120e,2,1,1,infeasible,,,2,15,17
E02650,010k;020r;120e,3,0,0,optimal,1,0,3,16,18
E02651,010k;020r;120e,3,0,1,infeasible,,,3,16,18
E02652,010k;020r;120e,3,0,2,infeasible,,,3,16,18
E02653,010k;020r;120e,3,1,0,infeasible,,,2,16,18
E02654,010k;020r;120e,3,1,1,infeasible,,,2,16,18
E02655,010k;020r;120e,3,1,2,infeasible,,,2,16,18
E02656,010k;020r;120e,4,0,0,infeasible,,,3,15,17
E02657,010k;020r;120e,4,0,1,infeasible,,,3,15,17
E02658,010k;020r;120e,4,1,0,infeasible,,,2,15,17
E02659,010k;020r;120e,4,1,1,infeasible,,,2,15,17
E02660,010k;020r;120e,5,0,0,optimal,1,0,3,16,18
E02661,010k;020r;120e,5,0,1,infeasible,,,3,16,18
E02662,010k;020r;120e,5,0,2,infeasible,,,3,16,18
E02663,010k;020r;120e,5,1,0,infeasible,,,2,16,18
E02664,010k;020r;120e,5,1,1,infeasible,,,2,16,18
E02665,010k;020r;120e,5,1,2,infeasible,,,2,16,18
E02666,010k;020r;120e,6,0,0,infeasible,,,3,16,18
E02667,010k;020r;120e,6,0,1,infeasible,,,3,16,18
E02668,010k;020r;120e,6,0,2,infeasible,,,3,16,18
E02669,010k;020r;120e,6,1,0,infeasible,,,2,16,18
E02670,010k;020r;120e,6,1,1,infeasible,,,2,16,18
E02671,010k;020r;120e,6,1,2,infeasible,,,2,16,18
E02672,010k;020r;120e,7,0,0,optimal,1,0,3,17,19
E02673,010k;020r;120e,7,0,1,infeasible,,,3,17,19
E02674,010k;020r;120e,7,0,2,infeasible,,,3,17,19
E02675,010k;020r;120e,7,0,3,infeasible,,,3,17,19
E02676,010k;020r;120e,7,1,0,infeasible,,,2,17,19
E02677,010k;020r;120e,7,1,1,infeasible,,,2,17,19
E02678,010k;020r;120e,7,1,2,infeasible,,,2,17,19
E02679,010k;020r;120e,7,1,3,infeasible,,,2,17,19
E02680,010k;020r;121k,0,0,0,infeasible,,,2,14,14
E02681,010k;020r;121k,0,1,0,infeasible,,,1,14,14
E02682,010k;020r;121k,1,0,0,optimal,1,0,2,15,15
E02683,010k;020r;121k,1,0,1,infeasible,,,2,15,15
E02684,010k;020r;121k,1,1,0,infeasible,,,1,15,15
E02685,010k;020r;121k,1,1,1,infeasible,,,1,15,15
E02686,010k;020r;121k,2,0,0,infeasible,,,2,15,15
E02687,010k;020r;121k,2,0,1,infeasible,,,2,15,15
E02688,010k;020r;121k,2,1,0,infeasible,,,1,15,15
E02689,010k;020r;121k,2,1,1,infeasible,,,1,15,15
E02690,010k;020r;121k,3,0,0,optimal,1,0,2,16,16
E02691,010k;020r;121k,3,0,1,infeasible,,,2,16,16
E02692,010k;020r;121k,3,0,2,infeasible,,,2,16,16
E02693,010k;020r;121k,3,1,0,infeasible,,,1,16,16
E02694,010k;020r;121k,3,1,1,infeasible,,,1,16,16
E02695,010k;020r;121k,3,1,2,infeasible,,,1,16,16
E02696,010k;020r;121k,4,0,0,infeasible,,,2,15,15
E02697,010k;020r;121k,4,0,1,infeasible,,,2,15,15
E02698,010k;020r;121k,4,1,0,infeasible,,,1,15,15
E02699,010k;020r;121k,4,1,1,infeasible,,,1,15,15
E02700,010k;020r;121k,5,0,0,optimal,1,0,2,16,16
E02701,010k;020r;121k,5,0,1,infeasible,,,2,16,16
E02702,010k;020r;121k,5,0,2,infeasible,,,2,16,16
E02703,010k;020r;121k,5,1,0,infeasible,,,1,16,16
E02704,010k;020r;121k,5,1,1,infeasible,,,1,16,16
E02705,010k;020r;121k,5,1,2,infeasible,,,1,16,16
E02706,010k;020r;121k,6,0,0,infeasible,,,2,16,16
E02707,010k;020r;121k,6,0,1,infeasible,,,2,16,16
E02708,010k;020r;121k,6,0,2,infeasible,,,2,16,16
E02709,010k;020r;121k,6,1,0,infeasible,,,1,16,16
E02710,010k;020r;121k,6,1,1,infeasible,,,1,16,16
E02711,010k;020r;121k,6,1,2,infeasible,,,1,16,16
E02712,010k;020r;121k,7,0,0,optimal,1,0,2,17,17
E02713,010k;020r;121k,7,0,1,infeasible,,,2,17,17
E02714,010k;020r;121k,7,0,2,infeasible,,,2,17,17
E02715,010k;020r;121k,7,0,3,infeasible,,,2,17,17
E02716,010k;020r;121k,7,1,0,infeasible,,,1,17,17
E02717,010k;020r;121k,7,1,1,infeasible,,,1,17,17
E02718,010k;020r;121k,7,1,2,infeasible,,,1,17,17
E02719,010k;020r;121k,7,1,3,infeasible,,,1,17,17
E02720,010k;020r;121r,0,0,0,infeasible,,,2,14,14
E02721,010k;020r;121r,0,1,0,infeasible,,,1,14,14
E02722,010k;020r;121r,1,0,0,optimal,1,0,2,15,15
E02723,010k;020r;121r,1,0,1,infeasible,,,2,15,15
E02724,010k;020r;121r,1,1,0,infeasible,,,1,15,15
E02725,010k;020r;121r,1,1,1,infeasible,,,1,15,15
E02726,010k;020r;121r,2,0,0,infeasible,,,2,15,15
E02727,010k;020r;121r,2,0,1,infeasible,,,2,15,15
E02728,010k;020r;121r,2,1,0,infeasible,,,1,15,15
E02729,010k;020r;121r,2,1,1,infeasible,,,1,15,15
E02730,010k;020r;121r,3,0,0,optimal,1,0,2,16,16
E02731,010k;020r;121r,3,0,1,infeasible,,,2,16,16
E02732,010k;020r;121r,3,0,2,infeasible,,,2,16,16
E02733,010k;020r;121r,3,1,0,infeasible,,,1,16,16
E02734,010k;020r;121r,3,1,1,infeasible,,,1,16,16
E02735,010k;020r;121r,3,1,2,infeasible,,,1,16,16
E02736,010k;020r;121r,4,0,0,infeasible,,,2,15,15
E02737,010k;020r;121r,4,0,1,infeasible,,,2,15,15
E02738,010k;020r;121r,4,1,0,infeasible,,,1,15,15
E02739,010k;020r;121r,4,1,1,infeasible,,,1,15,15
E02740,010k;020r;121r,5,0,0,optimal,1,0,2,16,16
E02741,010k;020r;121r,5,0,1,infeasible,,,2,16,16
E02742,010k;020r;121r,5,0,2,infeasible,,,2,16,16
E02743,010k;020r;121r,5,1,0,infeasible,,,1,16,16
E02744,010k;020r;121r,5,1,1,infeasible,,,1,16,16
E02745,010k;020r;121r,5,1,2,infeasible,,,1,16,16
E02746,010k;020r;121r,6,0,0,infeasible,,,2,16,16
E02747,010k;020r;121r,6,0,1,infeasible,,,2,16,16
E02748,010k;020r;121r,6,0,2,infeasible,,,2,16,16
E02749,010k;020r;121r,6,1,0,infeasible,,,1,16,16
E02750,010k;020r;121r,6,1,1,infeasible,,,1,16,16
E02751,010k;020r;121r,6,1,2,infeasible,,,1,16,16
E02752,010k;020r;121r,7,0,0,optimal,1,0,2,17,17
E02753,010k;020r;121r,7,0,1,infeasible,,,2,17,17
E02754,010k;020r;121r,7,0,2,infeasible,,,2,17,17
E02755,010k;020r;121r,7,0,3,infeasible,,,2,17,17
E02756,010k;020r;121r,7,1,0,infeasible,,,1,17,17
E02757,010k;020r;121r,7,1,1,infeasible,,,1,17,17
E02758,010k;020r;121r,7,1,2,infeasible,,,1,17,17
E02759,010k;020r;121r,7,1,3,infeasible,,,1,17,17
E02760,010k;020r;121e,0,0,0,infeasible,,,3,14,15
E02761,010k;020r;121e,0,1,0,infeasible,,,1,14,15
E02762,010k;020r;121e,1,0,0,optimal,1,0,3,15,16
E02763,010k;020r;121e,1,0,1,infeasible,,,3,15,16
E02764,010k;020r;121e,1,1,0,infeasible,,,1,15,16
E02765,010k;020r;121e,1,1,1,infeasible,,,1,15,16
E02766,010k;020r;121e,2,0,0,infeasible,,,3,15,16
E02767,010k;020r;121e,2,0,1,infeasible,,,3,15,16
E02768,010k;020r;121e,2,1,0,infeasible,,,1,15,16
E02769,010k;020r;121e,2,1,1,infeasible,,,1,15,16
E02770,010k;020r;121e,3,0,0,optimal,1,0,3,16,17
E02771,010k;020r;121e,3,0,1,infeasible,,,3,16,17
E02772,010k;020r;121e,3,0,2,infeasible,,,3,16,17
E02773,010k;020r;121e,3,1,0,infeasible,,,1,16,17
E02774,010k;020r;121e,3,1,1,infeasible,,,1,16,17
E02775,010k;020r;121e,3,1,2,infeasible,,,1,16,17
E02776,010k;020r;121e,4,0,0,infeasible,,,3,15,16
E02777,010k;020r;121e,4,0,1,infeasible,,,3,15,16
E02778,010k;020r;121e,4,1,0,infeasible,,,1,15,16
E02779,010k;020r;121e,4,1,1,infeasible,,,1,15,16
E02780,010k;020r;121e,5,0,0,optimal,1,0,3,16,17
E02781,010k;020r;121e,5,0,1,infeasible,,,3,16,17
E02782,010k;020r;121e,5,0,2,infeasible,,,3,16,17
E02783,010k;020r;121e,5,1,0,infeasible,,,1,16,17
E02784,010k;020r;121e,5,1,1,infeasible,,,1,16,17
E02785,010k;020r;121e,5,1,2,infeasible,,,1,16,17
E02786,010k;020r;121e,6,0,0,infeasible,,,3,16,17
E02787,010k;020r;121e,6,0,1,infeasible,,,3,16,17
E02788,010k;020r;121e,6,0,2,infeasible,,,3,16,17
E02789,010k;020r;121e,6,1,0,infeasible,,,1,16,17
E02790,010k;020r;121e,6,1,1,infeasible,,,1,16,17
E02791,010k;020r;121e,6,1,2,infeasible,,,1,16,17
E02792,010k;020r;121e,7,0,0,optimal,1,0,3,17,18
E02793,010k;020r;121e,7,0,1,infeasible,,,3,17,18
E02794,010k;020r;121e,7,0,2,infeasible,,,3,17,18
E02795,010k;020r;121e,7,0,3,infeasible,,,3,17,18
E02796,010k;020r;121e,7,1,0,infeasible,,,1,17,18
E02797,010k;020r;121e,7,1,1,infeasible,,,1,17,18
E02798,010k;020r;121e,7,1,2,infeasible,,,1,17,18
E02799,010k;020r;121e,7,1,3,infeasible,,,1,17,18
E02800,010k;020e,0,0,0,infeasible,,,2,14,14
E02801,010k;020e,0,1,0,infeasible,,,1,14,14
E02802,010k;020e,1,0,0,optimal,1,0,2,15,15
E02803,010k;020e,1,0,1,infeasible,,,2,15,15
E02804,010k;020e,1,1,0,infeasible,,,1,15,15
E02805,010k;020e,1,1,1,infeasible,,,1,15,15
E02806,010k;020e,2,0,0,infeasible,,,2,15,15
E02807,010k;020e,2,0,1,infeasible,,,2,15,15
E02808,010k;020e,2,1,0,infeasible,,,1,15,15
E02809,010k;020e,2,1,1,infeasible,,,1,15,15
E02810,010k;020e,3,0,0,optimal,1,0,2,16,16
E02811,010k;020e,3,0,1,infeasible,,,2,16,16
E02812,010k;020e,3,0,2,infeasible,,,2,16,16
E02813,010k;020e,3,1,0,infeasible,,,1,16,16
E02814,010k;020e,3,1,1,infeasible,,,1,16,16
E02815,010k;020e,3,1,2,infeasible,,,1,16,16
E02816,010k;020e,4,0,0,infeasible,,,2,15,15
E02817,010k;020e,4,0,1,infeasible,,,2,15,15
E02818,010k;020e,4,1,0,infeasible,,,1,15,15
E02819,010k;020e,4,1,1,infeasible,,,1,15,15
E02820,010k;020e,5,0,0,optimal,1,0,2,16,16
E02821,010k;020e,5,0,1,infeasible,,,2,16,16
E02822,010k;020e,5,0,2,infeasible,,,2,16,16
E02823,010k;020e,5,1,0,infeasible,,,1,16,16
E02824,010k;020e,5,1,1,infeasible,,,1,16,16
E02825,010k;020e,5,1,2,infeasible,,,1,16,16
E02826,010k;020e,6,0,0,infeasible,,,2,16,16
E02827,010k;020e,6,0,1,infeasible,,,2,16,16
E02828,010k;020e,6,0,2,infeasible,,,2,16,16
E02829,010k;020e,6,1,0,infeasible,,,1,16,16
E02830,010k;020e,6,1,1,infeasible,,,1,16,16
E02831,010k;020e,6,1,2,infeasible,,,1,16,16
E02832,010k;020e,7,0,0,optimal,1,0,2,17,17
E02833,010k;020e,7,0,1,infeasible,,,2,17,17
E02834,010k;020e,7,0,2,infeasible,,,2,17,17
E02835,010k;020e,7,0,3,infeasible,,,2,17,17
E02836,010k;020e,7,1,0,infeasible,,,1,17,17
E02837,010k;020e,7,1,1,infeasible,,,1,17,17
E02838,010k;020e,7,1,2,infeasible,,,1,17,17
E02839,010k;020e,7,1,3,infeasible,,,1,17,17
E02840,010k;020e;120k,0,0,0,infeasible,,,3,14,16
E02841,010k;020e;120k,0,1,0,infeasible,,,2,14,16
E02842,010k;020e;120k,1,0,0,optimal,1,0,3,15,17
E02843,010k;020e;120k,1,0,1,infeasible,,,3,15,17
E02844,010k;020e;120k,1,1,0,infeasible,,,2,15,17
E02845,010k;020e;120k,1,1,1,infeasible,,,2,15,17
E02846,010k;020e;120k,2,0,0,infeasible,,,3,15,17
E02847,010k;020e;120k,2,0,1,infeasible,,,3,15,17
E02848,010k;020e;120k,2,1,0,infeasible,,,2,15,17
E02849,010k;020e;120k,2,1,1,infeasible,,,2,15,17
E02850,010k;020e;120k,3,0,0,optimal,1,0,3,16,18
E02851,010k;020e;120k,3,0,1,infeasible,,,3,16,18
E02852,010k;020e;120k,3,0,2,infeasible,,,3,16,18
E02853,010k;020e;120k,3,1,0,infeasible,,,2,16,18
E02854,010k;020e;120k,3,1,1,infeasible,,,2,16,18
E02855,010k;020e;120k,3,1,2,infeasible,,,2,16,18
E02856,010k;020e;120k,4,0,0,infeasible,,,3,15,17
E02857,010k;020e;120k,4,0,1,infeasible,,,3,15,17
E02858,010k;020e;120k,4,1,0,infeasible,,,2,15,17
E02859,010k;020e;120k,4,1,1,infeasible,,,2,15,17
E02860,010k;020e;120k,5,0,0,optimal,1,0,3,16,18
E02861,010k;020e;120k,5,0,1,infeasible,,,3,16,18
E02862,010k;020e;120k,5,0,2,infeasible,,,3,16,18
E02863,010k;020e;120k,5,1,0,infeasible,,,2,16,18
E02864,010k;020e;120k,5,1,1,infeasible,,,2,16,18
E02865,010k;020e;120k,5,1,2,infeasible,,,2,16,18
E02866,010k;020e;120k,6,0,0,infeasible,,,3,16,18
E02867,010k;020e;120k,6,0,1,infeasible,,,3,16,18
E02868,010k;020e;120k,6,0,2,infeasible,,,3,16,18
E02869,010k;020e;120k,6,1,0,infeasible,,,2,16,18
E02870,010k;020e;120k,6,1,1,infeasible,,,2,16,18
E02871,010k;020e;120k,6,1,2,infeasible,,,2,16,18
E02872,010k;020e;120k,7,0,0,optimal,1,0,3,17,19
E02873,010k;020e;120k,7,0,1,infeasible,,,3,17,19
E02874,010k;020e;120k,7,0,2,infeasible,,,3,17,19
E02875,010k;020e;120k,7,0,3,infeasible,,,3,17,19
E02876,010k;020e;120k,7,1,0,infeasible,,,2,17,19
E02877,010k;020e;120k,7,1,1,infeasible,,,2,17,19
E02878,010k;020e;120k,7,1,2,infeasible,,,2,17,19
E02879,010k;020e;120k,7,1,3,infeasible,,,2,17,19
E02880,010k;020e;120r,0,0,0,infeasible,,,3,14,16
E02881,010k;020e;120r,0,1,0,infeasible,,,2,14,16
E02882,010k;020e;120r,1,0,0,optimal,1,0,3,15,17
E02883,010k;020e;120r,1,0,1,infeasible,,,3,15,17
E02884,010k;020e;120r,1,1,0,infeasible,,,2,15,17
E02885,010k;020e;120r,1,1,1,infeasible,,,2,15,17
E02886,010k;020e;120r,2,0,0,infeasible,,,3,15,17
E02887,010k;020e;120r,2,0,1,infeasible,,,3,15,17
E02888,010k;020e;120r,2,1,0,infeasible,,,2,15,17
E02889,010k;020e;120r,2,1,1,infeasible,,,2,15,17
E02890,010k;020e;120r,3,0,0,optimal,1,0,3,16,18
E02891,010k;020e;120r,3,0,1,infeasible,,,3,16,18
E02892,010k;020e;120r,3,0,2,infeasible,,,3,16,18
E02893,010k;020e;120r,3,1,0,infeasible,,,2,16,18
E02894,010k;020e;120r,3,1,1,infeasible,,,2,16,18
E02895,010k;020e;120r,3,1,2,infeasible,,,2,16,18
E02896,010k;020e;120r,4,0,0,infeasible,,,3,15,17
E02897,010k;020e;120r,4,0,1,infeasible,,,3,15,17
E02898,010k;020e;120r,4,1,0,infeasible,,,2,15,17
E02899,010k;020e;120r,4,1,1,infeasible,,,2,15,17
E02900,010k;020e;120r,5,0,0,optimal,1,0,3,16,18
E02901,010k;020e;120r,5,0,1,infeasible,,,3,16,18
E02902,010k;020e;120r,5,0,2,infeasible,,,3,16,18
E02903,010k;020e;120r,5,1,0,infeasible,,,2,16,18
E02904,010k;020e;120r,5,1,1,infeasible,,,2,16,18
E02905,010k;020e;120r,5,1,2,infeasible,,,2,16,18
E02906,010k;020e;120r,6,0,0,infeasible,,,3,16,18
E02907,010k;020e;120r,6,0,1,infeasible,,,3,16,18
E02908,010k;020e;120r,6,0,2,infeasible,,,3,16,18
E02909,010k;020e;120r,6,1,0,infeasible,,,2,16,18
E02910,010k;020e;120r,6,1,1,infeasible,,,2,16,18
E02911,010k;020e;120r,6,1,2,infeasible,,,2,16,18
E02912,010k;020e;120r,7,0,0,optimal,1,0,3,17,19
E02913,010k;020e;120r,7,0,1,infeasible,,,3,17,19
E02914,010k;020e;120r,7,0,2,infeasible,,,3,17,19
E02915,010k;020e;120r,7,0,3,infeasible,,,3,17,19
E02916,010k;020e;120r,7,1,0,infeasible,,,2,17,19
E02917,010k;020e;120r,7,1,1,infeasible,,,2,17,19
E02918,010k;020e;120r,7,1,2,infeasible,,,2,17,19
E02919,010k;020e;120r,7,1,3,infeasible,,,2,17,19
E02920,010k;020e;120e,0,0,0,infeasible,,,4,14,17
E02921,010k;020e;120e,0,1,0,infeasible,,,2,14,17
E02922,010k;020e;120e,1,0,0,optimal,1,0,4,15,18
E02923,010k;020e;120e,1,0,1,infeasible,,,4,15,18
E02924,010k;020e;120e,1,1,0,infeasible,,,2,15,18
E02925,010k;020e;120e,1,1,1,infeasible,,,2,15,18
E02926,010k;020e;120e,2,0,0,infeasible,,,4,15,18
E02927,010k;020e;120e,2,0,1,infeasible,,,4,15,18
E02928,010k;020e;120e,2,1,0,infeasible,,,2,15,18
E02929,010k;020e;120e,2,1,1,infeasible,,,2,15,18
E02930,010k;020e;120e,3,0,0,optimal,1,0,4,16,19
E02931,010k;020e;120e,3,0,1,infeasible,,,4,16,19
E02932,010k;020e;120e,3,0,2,infeasible,,,4,16,19
E02933,010k;020e;120e,3,1,0,infeasible,,,2,16,19
E02934,010k;020e;120e,3,1,1,infeasible,,,2,16,19
E02935,010k;020e;120e,3,1,2,infeasible,,,2,16,19
E02936,010k;020e;120e,4,0,0,infeasible,,,4,15,18
E02937,010k;020e;120e,4,0,1,infeasible,,,4,15,18
E02938,010k;020e;120e,4,1,0,infeasible,,,2,15,18
E02939,010k;020e;120e,4,1,1,infeasible,,,2,15,18
E02940,010k;020e;120e,5,0,0,optimal,1,0,4,16,19
E02941,010k;020e;120e,5,0,1,infeasible,,,4,16,19
E02942,010k;020e;120e,5,0,2,infeasible,,,4,16,19
E02943,010k;020e;120e,5,1,0,infeasible,,,2,16,19
E02944,010k;020e;120e,5,1,1,infeasible,,,2,16,19
E02945,010k;020e;120e,5,1,2,infeasible,,,2,16,19
E02946,010k;020e;120e,6,0,0,infeasible,,,4,16,19
E02947,010k;020e;120e,6,0,1,infeasible,,,4,16,19
E02948,010k;020e;120e,6,0,2,infeasible,,,4,16,19
E02949,010k;020e;120e,6,1,0,infeasible,,,2,16,19
E02950,010k;020e;120e,6,1,1,infeasible,,,2,16,19
E02951,010k;020e;120e,6,1,2,infeasible,,,2,16,19
E02952,010k;020e;120e,7,0,0,optimal,1,0,4,17,20
E02953,010k;020e;120e,7,0,1,infeasible,,,4,17,20
E02954,010k;020e;120e,7,0,2,infeasible,,,4,17,20
E02955,010k;020e;120e,7,0,3,infeasible,,,4,17,20
E02956,010k;020e;120e,7,1,0,infeasible,,,2,17,20
E02957,010k;020e;120e,7,1,1,infeasible,,,2,17,20
E02958,010k;020e;120e,7,1,2,infeasible,,,2,17,20
E02959,010k;020e;120e,7,1,3,infeasible,,,2,17,20
E02960,010k;020e;121k,0,0,0,infeasible,,,3,14,15
E02961,010k;020e;121k,0,1,0,infeasible,,,1,14,15
E02962,010k;020e;121k,1,0,0,optimal,1,0,3,15,16
E02963,010k;020e;121k,1,0,1,infeasible,,,3,15,16
E02964,010k;020e;121k,1,1,0,infeasible,,,1,15,16
E02965,010k;020e;121k,1,1,1,infeasible,,,1,15,16
E02966,010k;020e;121k,2,0,0,infeasible,,,3,15,16
E02967,010k;020e;121k,2,0,1,infeasible,,,3,15,16
E02968,010k;020e;121k,2,1,0,infeasible,,,1,15,16
E02969,010k;020e;121k,2,1,1,infeasible,,,1,15,16
E02970,010k;020e;121k,3,0,0,optimal,1,0,3,16,17
E02971,010k;020e;121k,3,0,1,infeasible,,,3,16,17
E02972,010k;020e;121k,3,0,2,infeasible,,,3,16,17
E02973,010k;020e;121k,3,1,0,infeasible,,,1,16,17
E02974,010k;020e;121k,3,1,1,infeasible,,,1,16,17
E02975,010k;020e;121k,3,1,2,infeasible,,,1,16,17
E02976,010k;020e;121k,4,0,0,infeasible,,,3,15,16
E02977,010k;020e;121k,4,0,1,infeasible,,,3,15,16
E02978,010k;020e;121k,4,1,0,infeasible,,,1,15,16
E02979,010k;020e;121k,4,1,1,infeasible,,,1,15,16
E02980,010k;020e;121k,5,0,0,optimal,1,0,3,16,17
E02981,010k;020e;121k,5,0,1,infeasible,,,3,16,17
E02982,010k;020e;121k,5,0,2,infeasible,,,3,16,17
E02983,010k;020e;121k,5,1,0,infeasible,,,1,16,17
E02984,010k;020e;121k,5,1,1,infeasible,,,1,16,17
E02985,010k;020e;121k,5,1,2,infeasible,,,1,16,17
E02986,010k;020e;121k,6,0,0,infeasible,,,3,16,17
E02987,010k;020e;121k,6,0,1,infeasible,,,3,16,17
E02988,010k;020e;121k,6,0,2,infeasible,,,3,16,17
E02989,010k;020e;121k,6,1,0,infeasible,,,1,16,17
E02990,010k;020e;121k,6,1,1,infeasible,,,1,16,17
E02991,010k;020e;121k,6,1,2,infeasible,,,1,16,17
E02992,010k;020e;121k,7,0,0,optimal,1,0,3,17,18
E02993,010k;020e;121k,7,0,1,infeasible,,,3,17,18
E02994,010k;020e;121k,7,0,2,infeasible,,,3,17,18
E02995,010k;020e;121k,7,0,3,infeasible,,,3,17,18
E02996,010k;020e;121k,7,1,0,infeasible,,,1,17,18
E02997,010k;020e;121k,7,1,1,infeasible,,,1,17,18
E02998,010k;020e;121k,7,1,2,infeasible,,,1,17,18
E02999,010k;020e;121k,7,1,3,infeasible,,,1,17,18
E03000,010k;020e;121r,0,0,0,infeasible,,,3,14,15
E03001,010k;020e;121r,0,1,0,infeasible,,,1,14,15
E03002,010k;020e;121r,1,0,0,optimal,1,0,3,15,16
E03003,010k;020e;121r,1,0,1,infeasible,,,3,15,16
E03004,010k;020e;121r,1,1,0,infeasible,,,1,15,16
E03005,010k;020e;121r,1,1,1,infeasible,,,1,15,16
E03006,010k;020e;121r,2,0,0,infeasible,,,3,15,16
E03007,010k;020e;121r,2,0,1,infeasible,,,3,15,16
E03008,010k;020e;121r,2,1,0,infeasible,,,1,15,16
E03009,010k;020e;121r,2,1,1,infeasible,,,1,15,16
E03010,010k;020e;121r,3,0,0,optimal,1,0,3,16,17
E03011,010k;020e;121r,3,0,1,infeasible,,,3,16,17
E03012,010k;020e;121r,3,0,2,infeasible,,,3,16,17
E03013,010k;020e;121r,3,1,0,infeasible,,,1,16,17
E03014,010k;020e;121r,3,1,1,infeasible,,,1,16,17
E03015,010k;020e;121r,3,1,2,infeasible,,,1,16,17
E03016,010k;020e;121r,4,0,0,infeasible,,,3,15,16
E03017,010k;020e;121r,4,0,1,infeasible,,,3,15,16
E03018,010k;020e;121r,4,1,0,infeasible,,,1,15,16
E03019,010k;020e;121r,4,1,1,infeasible,,,1,15,16
E03020,010k;020e;121r,5,0,0,optimal,1,0,3,16,17
E03021,010k;020e;121r,5,0,1,infeasible,,,3,16,17
E03022,010k;020e;121r,5,0,2,infeasible,,,3,16,17
E03023,010k;020e;121r,5,1,0,infeasible,,,1,16,17
E03024,010k;020e;121r,5,1,1,infeasible,,,1,16,17
E03025,010k;020e;121r,5,1,2,infeasible,,,1,16,17
E03026,010k;020e;121r,6,0,0,infeasible,,,3,16,17
E03027,010k;020e;121r,6,0,1,infeasible,,,3,16,17
E03028,010k;020e;121r,6,0,2,infeasible,,,3,16,17
E03029,010k;020e;121r,6,1,0,infeasible,,,1,16,17
E03030,010k;020e;121r,6,1,1,infeasible,,,1,16,17
E03031,010k;020e;121r,6,1,2,infeasible,,,1,16,17
E03032,010k;020e;121r,7,0,0,optimal,1,0,3,17,18
E03033,010k;020e;121r,7,0,1,infeasible,,,3,17,18
E03034,010k;020e;121r,7,0,2,infeasible,,,3,17,18
E03035,010k;020e;121r,7,0,3,infeasible,,,3,17,18
E03036,010k;020e;121r,7,1,0,infeasible,,,1,17,18
E03037,010k;020e;121r,7,1,1,infeasible,,,1,17,18
E03038,010k;020e;121r,7,1,2,infeasible,,,1,17,18
E03039,010k;020e;121r,7,1,3,infeasible,,,1,17,18
E03040,010k;020e;121e,0,0,0,infeasible,,,4,14,16
E03041,010k;020e;121e,0,1,0,infeasible,,,1,14,16
E03042,010k;020e;121e,1,0,0,optimal,1,0,4,15,17
E03043,010k;020e;121e,1,0,1,infeasible,,,4,15,17
E03044,010k;020e;121e,1,1,0,infeasible,,,1,15,17
E03045,010k;020e;121e,1,1,1,infeasible,,,1,15,17
E03046,010k;020e;121e,2,0,0,infeasible,,,4,15,17
E03047,010k;020e;121e,2,0,1,infeasible,,,4,15,17
E03048,010k;020e;121e,2,1,0,infeasible,,,1,15,17
E03049,010k;020e;121e,2,1,1,infeasible,,,1,15,17
E03050,010k;020e;121e,3,0,0,optimal,1,0,4,16,18
E03051,010k;020e;121e,3,0,1,infeasible,,,4,16,18
E03052,010k;020e;121e,3,0,2,infeasible,,,4,16,18
E03053,010k;020e;121e,3,1,0,infeasible,,,1,16,18
E03054,010k;020e;121e,3,1,1,infeasible,,,1,16,18
E03055,010k;020e;121e,3,1,2,infeasible,,,1,16,18
E03056,010k;020e;121e,4,0,0,infeasible,,,4,15,17
E03057,010k;020e;121e,4,0,1,infeasible,,,4,15,17
E03058,010k;020e;121e,4,1,0,infeasible,,,1,15,17
E03059,010k;020e;121e,4,1,1,infeasible,,,1,15,17
E03060,010k;020e;121e,5,0,0,optimal,1,0,4,16,18
E03061,010k;020e;121e,5,0,1,infeasible,,,4,16,18
E03062,010k;020e;121e,5,0,2,infeasible,,,4,16,18
E03063,010k;020e;121e,5,1,0,infeasible,,,1,16,18
E03064,010k;020e;121e,5,1,1,infeasible,,,1,16,18
E03065,010k;020e;121e,5,1,2,infeasible,,,1,16,18
E03066,010k;020e;121e,6,0,0,infeasible,,,4,16,18
E03067,010k;020e;121e,6,0,1,infeasible,,,4,16,18
E03068,010k;020e;121e,6,0,2,infeasible,,,4,16,18
E03069,010k;020e;121e,6,1,0,infeasible,,,1,16,18
E03070,010k;020e;121e,6,1,1,infeasible,,,1,16,18
E03071,010k;020e;121e,6,1,2,infeasible,,,1,16,18
E03072,010k;020e;121e,7,0,0,optimal,1,0,4,17,19
E03073,010k;020e;121e,7,0,1,infeasible,,,4,17,19
E03074,010k;020e;121e,7,0,2,infeasible,,,4,17,19
E03075,010k;020e;121e,7,0,3,infeasible,,,4,17,19
E03076,010k;020e;121e,7,1,0,infeasible,,,1,17,19
E03077,010k;020e;121e,7,1,1,infeasible,,,1,17,19
E03078,010k;020e;121e,7,1,2,infeasible,,,1,17,19
E03079,010k;020e;121e,7,1,3,infeasible,,,1,17,19
E03080,010k;021k,0,0,0,infeasible,,,1,14,12
E03081,010k;021k,0,1,0,vacuous,0,,0,14,12
E03082,010k;021k,1,0,0,optimal,1,0,1,15,13
E03083,010k;021k,1,0,1,infeasible,,,1,15,13
E03084,010k;021k,1,1,0,vacuous,0,,0,15,13
E03085,010k;021k,1,1,1,vacuous,0,,0,15,13
E03086,010k;021k,2,0,0,infeasible,,,1,15,13
E03087,010k;021k,2,0,1,infeasible,,,1,15,13
E03088,010k;021k,2,1,0,vacuous,0,,0,15,13
E03089,010k;021k,2,1,1,vacuous,0,,0,15,13
E03090,010k;021k,3,0,0,optimal,1,0,1,16,14
E03091,010k;021k,3,0,1,infeasible,,,1,16,14
E03092,010k;021k,3,0,2,infeasible,,,1,16,14
E03093,010k;021k,3,1,0,vacuous,0,,0,16,14
E03094,010k;021k,3,1,1,vacuous,0,,0,16,14
E03095,010k;021k,3,1,2,vacuous,0,,0,16,14
E03096,010k;021k,4,0,0,optimal,3,0,1,15,13
E03097,010k;021k,4,0,1,infeasible,,,1,15,13
E03098,010k;021k,4,1,0,vacuous,0,,0,15,13
E03099,010k;021k,4,1,1,vacuous,0,,0,15,13
E03100,010k;021k,5,0,0,optimal,1,0,1,16,14
E03101,010k;021k,5,0,1,optimal,4,0;1,1,16,14
E03102,010k;021k,5,0,2,infeasible,,,1,16,14
E03103,010k;021k,5,1,0,vacuous,0,,0,16,14
E03104,010k;021k,5,1,1,vacuous,0,,0,16,14
E03105,010k;021k,5,1,2,vacuous,0,,0,16,14
E03106,010k;021k,6,0,0,optimal,3,1,1,16,14
E03107,010k;021k,6,0,1,infeasible,,,1,16,14
E03108,010k;021k,6,0,2,infeasible,,,1,16,14
E03109,010k;021k,6,1,0,vacuous,0,,0,16,14
E03110,010k;021k,6,1,1,vacuous,0,,0,16,14
E03111,010k;021k,6,1,2,vacuous,0,,0,16,14
E03112,010k;021k,7,0,0,optimal,1,0,1,17,15
E03113,010k;021k,7,0,1,optimal,4,0;2,1,17,15
E03114,010k;021k,7,0,2,infeasible,,,1,17,15
E03115,010k;021k,7,0,3,infeasible,,,1,17,15
E03116,010k;021k,7,1,0,vacuous,0,,0,17,15
E03117,010k;021k,7,1,1,vacuous,0,,0,17,15
E03118,010k;021k,7,1,2,vacuous,0,,0,17,15
E03119,010k;021k,7,1,3,vacuous,0,,0,17,15
E03120,010k;021k;120k,0,0,0,infeasible,,,2,14,14
E03121,010k;021k;120k,0,1,0,infeasible,,,1,14,14
E03122,010k;021k;120k,1,0,0,optimal,1,0,2,15,15
E03123,010k;021k;120k,1,0,1,infeasible,,,2,15,15
E03124,010k;021k;120k,1,1,0,infeasible,,,1,15,15
E03125,010k;021k;120k,1,1,1,infeasible,,,1,15,15
E03126,010k;021k;120k,2,0,0,infeasible,,,2,15,15
E03127,010k;021k;120k,2,0,1,infeasible,,,2,15,15
E03128,010k;021k;120k,2,1,0,infeasible,,,1,15,15
E03129,010k;021k;120k,2,1,1,infeasible,,,1,15,15
E03130,010k;021k;120k,3,0,0,optimal,1,0,2,16,16
E03131,010k;021k;120k,3,0,1,infeasible,,,2,16,16
E03132,010k;021k;120k,3,0,2,infeasible,,,2,16,16
E03133,010k;021k;120k,3,1,0,infeasible,,,1,16,16
E03134,010k;021k;120k,3,1,1,infeasible,,,1,16,16
E03135,010k;021k;120k,3,1,2,infeasible,,,1,16,16
E03136,010k;021k;120k,4,0,0,optimal,3,0,2,15,15
E03137,010k;021k;120k,4,0,1,infeasible,,,2,15,15
E03138,010k;021k;120k,4,1,0,infeasible,,,1,15,15
E03139,010k;021k;120k,4,1,1,infeasible,,,1,15,15
E03140,010k;021k;120k,5,0,0,optimal,1,0,2,16,16
E03141,010k;021k;120k,5,0,1,optimal,4,0;1,2,16,16
E03142,010k;021k;120k,5,0,2,infeasible,,,2,16,16
E03143,010k;021k;120k,5,1,0,infeasible,,,1,16,16
E03144,010k;021k;120k,5,1,1,infeasible,,,1,16,16
E03145,010k;021k;120k,5,1,2,infeasible,,,1,16,16
E03146,010k;021k;120k,6,0,0,optimal,3,1,2,16,16
E03147,010k;021k;120k,6,0,1,infeasible,,,2,16,16
E03148,010k;021k;120k,6,0,2,infeasible,,,2,16,16
E03149,010k;021k;120k,6,1,0,infeasible,,,1,16,16
E03150,010k;021k;120k,6,1,1,infeasible,,,1,16,16
E03151,010k;021k;120k,6,1,2,infeasible,,,1,16,16
E03152,010k;021k;120k,7,0,0,optimal,1,0,2,17,17
E03153,010k;021k;120k,7,0,1,optimal,4,0;2,2,17,17
E03154,010k;021k;120k,7,0,2,infeasible,,,2,17,17
E03155,010k;021k;120k,7,0,3,infeasible,,,2,17,17
E03156,010k;021k;120k,7,1,0,infeasible,,,1,17,17
E03157,010k;021k;120k,7,1,1,infeasible,,,1,17,17
E03158,010k;021k;120k,7,1,2,infeasible,,,1,17,17
E03159,010k;021k;120k,7,1,3,infeasible,,,1,17,17
E03160,010k;021k;120r,0,0,0,infeasible,,,2,14,14
E03161,010k;021k;120r,0,1,0,infeasible,,,1,14,14
E03162,010k;021k;120r,1,0,0,optimal,1,0,2,15,15
E03163,010k;021k;120r,1,0,1,infeasible,,,2,15,15
E03164,010k;021k;120r,1,1,0,infeasible,,,1,15,15
E03165,010k;021k;120r,1,1,1,infeasible,,,1,15,15
E03166,010k;021k;120r,2,0,0,infeasible,,,2,15,15
E03167,010k;021k;120r,2,0,1,infeasible,,,2,15,15
E03168,010k;021k;120r,2,1,0,infeasible,,,1,15,15
E03169,010k;021k;120r,2,1,1,infeasible,,,1,15,15
E03170,010k;021k;120r,3,0,0,optimal,1,0,2,16,16
E03171,010k;021k;120r,3,0,1,infeasible,,,2,16,16
E03172,010k;021k;120r,3,0,2,infeasible,,,2,16,16
E03173,010k;021k;120r,3,1,0,infeasible,,,1,16,16
E03174,010k;021k;120r,3,1,1,infeasible,,,1,16,16
E03175,010k;021k;120r,3,1,2,infeasible,,,1,16,16
E03176,010k;021k;120r,4,0,0,infeasible,,,2,15,15
E03177,010k;021k;120r,4,0,1,infeasible,,,2,15,15
E03178,010k;021k;120r,4,1,0,infeasible,,,1,15,15
E03179,010k;021k;120r,4,1,1,infeasible,,,1,15,15
E03180,010k;021k;120r,5,0,0,optimal,1,0,2,16,16
E03181,010k;021k;120r,5,0,1,infeasible,,,2,16,16
E03182,010k;021k;120r,5,0,2,infeasible,,,2,16,16
E03183,010k;021k;120r,5,1,0,infeasible,,,1,16,16
E03184,010k;021k;120r,5,1,1,infeasible,,,1,16,16
E03185,010k;021k;120r,5,1,2,infeasible,,,1,16,16
E03186,010k;021k;120r,6,0,0,optimal,5,0;1,2,16,16
E03187,010k;021k;120r,6,0,1,infeasible,,,2,16,16
E03188,010k;021k;120r,6,0,2,infeasible,,,2,16,16
E03189,010k;021k;120r,6,1,0,infeasible,,,1,16,16
E03190,010k;021k;120r,6,1,1,infeasible,,,1,16,16
E03191,010k;021k;120r,6,1,2,infeasible,,,1,16,16
E03192,010k;021k;120r,7,0,0,optimal,1,0,2,17,17
E03193,010k;021k;120r,7,0,1,optimal,6,0;1;2,2,17,17
E03194,010k;021k;120r,7,0,2,infeasible,,,2,17,17
E03195,010k;021k;120r,7,0,3,infeasible,,,2,17,17
E03196,010k;021k;120r,7,1,0,infeasible,,,1,17,17
E03197,010k;021k;120r,7,1,1,infeasible,,,1,17,17
E03198,010k;021k;120r,7,1,2,infeasible,,,1,17,17
E03199,010k;021k;120r,7,1,3,infeasible,,,1,17,17
E03200,010k;021k;120e,0,0,0,infeasible,,,3,14,15
E03201,010k;021k;120e,0,1,0,infeasible,,,1,14,15
E03202,010k;021k;120e,1,0,0,optimal,1,0,3,15,16
E03203,010k;021k;120e,1,0,1,infeasible,,,3,15,16
E03204,010k;021k;120e,1,1,0,infeasible,,,1,15,16
E03205,010k;021k;120e,1,1,1,infeasible,,,1,15,16
E03206,010k;021k;120e,2,0,0,infeasible,,,3,15,16
E03207,010k;021k;120e,2,0,1,infeasible,,,3,15,16
E03208,010k;021k;120e,2,1,0,infeasible,,,1,15,16
E03209,010k;021k;120e,2,1,1,infeasible,,,1,15,16
E03210,010k;021k;120e,3,0,0,optimal,1,0,3,16,17
E03211,010k;021k;120e,3,0,1,infeasible,,,3,16,17
E03212,010k;021k;120e,3,0,2,infeasible,,,3,16,17
E03213,010k;021k;120e,3,1,0,infeasible,,,1,16,17
E03214,010k;021k;120e,3,1,1,infeasible,,,1,16,17
E03215,010k;021k;120e,3,1,2,infeasible,,,1,16,17
E03216,010k;021k;120e,4,0,0,infeasible,,,3,15,16
E03217,010k;021k;120e,4,0,1,infeasible,,,3,15,16
E03218,010k;021k;120e,4,1,0,infeasible,,,1,15,16
E03219,010k;021k;120e,4,1,1,infeasible,,,1,15,16
E03220,010k;021k;120e,5,0,0,optimal,1,0,3,16,17
E03221,010k;021k;120e,5,0,1,infeasible,,,3,16,17
E03222,010k;021k;120e,5,0,2,infeasible,,,3,16,17
E03223,010k;021k;120e,5,1,0,infeasible,,,1,16,17
E03224,010k;021k;120e,5,1,1,infeasible,,,1,16,17
E03225,010k;021k;120e,5,1,2,infeasible,,,1,16,17
E03226,010k;021k;120e,6,0,0,optimal,5,0;1,3,16,17
E03227,010k;021k;120e,6,0,1,infeasible,,,3,16,17
E03228,010k;021k;120e,6,0,2,infeasible,,,3,16,17
E03229,010k;021k;120e,6,1,0,infeasible,,,1,16,17
E03230,010k;021k;120e,6,1,1,infeasible,,,1,16,17
E03231,010k;021k;120e,6,1,2,infeasible,,,1,16,17
E03232,010k;021k;120e,7,0,0,optimal,1,0,3,17,18
E03233,010k;021k;120e,7,0,1,optimal,6,0;1;2,3,17,18
E03234,010k;021k;120e,7,0,2,infeasible,,,3,17,18
E03235,010k;021k;120e,7,0,3,infeasible,,,3,17,18
E03236,010k;021k;120e,7,1,0,infeasible,,,1,17,18
E03237,010k;021k;120e,7,1,1,infeasible,,,1,17,18
E03238,010k;021k;120e,7,1,2,infeasible,,,1,17,18
E03239,010k;021k;120e,7,1,3,infeasible,,,1,17,18
E03240,010k;021k;121k,0,0,0,infeasible,,,2,14,13
E03241,010k;021k;121k,0,1,0,vacuous,0,,0,14,13
E03242,010k;021k;121k,1,0,0,optimal,1,0,2,15,14
E03243,010k;021k;121k,1,0,1,infeasible,,,2,15,14
E03244,010k;021k;121k,1,1,0,vacuous,0,,0,15,14
E03245,010k;021k;121k,1,1,1,vacuous,0,,0,15,14
E03246,010k;021k;121k,2,0,0,infeasible,,,2,15,14
E03247,010k;021k;121k,2,0,1,infeasible,,,2,15,14
E03248,010k;021k;121k,2,1,0,vacuous,0,,0,15,14
E03249,010k;021k;121k,2,1,1,vacuous,0,,0,15,14
E03250,010k;021k;121k,3,0,0,optimal,1,0,2,16,15
E03251,010k;021k;121k,3,0,1,infeasible,,,2,16,15
E03252,010k;021k;121k,3,0,2,infeasible,,,2,16,15
E03253,010k;021k;121k,3,1,0,vacuous,0,,0,16,15
E03254,010k;021k;121k,3,1,1,vacuous,0,,0,16,15
E03255,010k;021k;121k,3,1,2,vacuous,0,,0,16,15
E03256,010k;021k;121k,4,0,0,optimal,3,0,2,15,14
E03257,010k;021k;121k,4,0,1,infeasible,,,2,15,14
E03258,010k;021k;121k,4,1,0,vacuous,0,,0,15,14
E03259,010k;021k;121k,4,1,1,vacuous,0,,0,15,14
E03260,010k;021k;121k,5,0,0,optimal,1,0,2,16,15
E03261,010k;021k;121k,5,0,1,optimal,4,0;1,2,16,15
E03262,010k;021k;121k,5,0,2,infeasible,,,2,16,15
E03263,010k;021k;121k,5,1,0,vacuous,0,,0,16,15
E03264,010k;021k;121k,5,1,1,vacuous,0,,0,16,15
E03265,010k;021k;121k,5,1,2,vacuous,0,,0,16,15
E03266,010k;021k;121k,6,0,0,optimal,3,1,2,16,15
E03267,010k;021k;121k,6,0,1,infeasible,,,2,16,15
E03268,010k;021k;121k,6,0,2,infeasible,,,2,16,15
E03269,010k;021k;121k,6,1,0,vacuous,0,,0,16,15
E03270,010k;021k;121k,6,1,1,vacuous,0,,0,16,15
E03271,010k;021k;121k,6,1,2,vacuous,0,,0,16,15
E03272,010k;021k;121k,7,0,0,optimal,1,0,2,17,16
E03273,010k;021k;121k,7,0,1,optimal,4,0;2,2,17,16
E03274,010k;021k;121k,7,0,2,infeasible,,,2,17,16
E03275,010k;021k;121k,7,0,3,infeasible,,,2,17,16
E03276,010k;021k;121k,7,1,0,vacuous,0,,0,17,16
E03277,010k;021k;121k,7,1,1,vacuous,0,,0,17,16
E03278,010k;021k;121k,7,1,2,vacuous,0,,0,17,16
E03279,010k;021k;121k,7,1,3,vacuous,0,,0,17,16
E03280,010k;021k;121r,0,0,0,infeasible,,,2,14,13
E03281,010k;021k;121r,0,1,0,vacuous,0,,0,14,13
E03282,010k;021k;121r,1,0,0,optimal,1,0,2,15,14
E03283,010k;021k;121r,1,0,1,infeasible,,,2,15,14
E03284,010k;021k;121r,1,1,0,vacuous,0,,0,15,14
E03285,010k;021k;121r,1,1,1,vacuous,0,,0,15,14
E03286,010k;021k;121r,2,0,0,infeasible,,,2,15,14
E03287,010k;021k;121r,2,0,1,infeasible,,,2,15,14
E03288,010k;021k;121r,2,1,0,vacuous,0,,0,15,14
E03289,010k;021k;121r,2,1,1,vacuous,0,,0,15,14
E03290,010k;021k;121r,3,0,0,optimal,1,0,2,16,15
E03291,010k;021k;121r,3,0,1,infeasible,,,2,16,15
E03292,010k;021k;121r,3,0,2,infeasible,,,2,16,15
E03293,010k;021k;121r,3,1,0,vacuous,0,,0,16,15
E03294,010k;021k;121r,3,1,1,vacuous,0,,0,16,15
E03295,010k;021k;121r,3,1,2,vacuous,0,,0,16,15
E03296,010k;021k;121r,4,0,0,infeasible,,,2,15,14
E03297,010k;021k;121r,4,0,1,infeasible,,,2,15,14
E03298,010k;021k;121r,4,1,0,vacuous,0,,0,15,14
E03299,010k;021k;121r,4,1,1,vacuous,0,,0,15,14
E03300,010k;021k;121r,5,0,0,optimal,1,0,2,16,15
E03301,010k;021k;121r,5,0,1,infeasible,,,2,16,15
E03302,010k;021k;121r,5,0,2,infeasible,,,2,16,15
E03303,010k;021k;121r,5,1,0,vacuous,0,,0,16,15
E03304,010k;021k;121r,5,1,1,vacuous,0,,0,16,15
E03305,010k;021k;121r,5,1,2,vacuous,0,,0,16,15
E03306,010k;021k;121r,6,0,0,optimal,5,0;1,2,16,15
E03307,010k;021k;121r,6,0,1,infeasible,,,2,16,15
E03308,010k;021k;121r,6,0,2,infeasible,,,2,16,15
E03309,010k;021k;121r,6,1,0,vacuous,0,,0,16,15
E03310,010k;021k;121r,6,1,1,vacuous,0,,0,16,15
E03311,010k;021k;121r,6,1,2,vacuous,0,,0,16,15
E03312,010k;021k;121r,7,0,0,optimal,1,0,2,17,16
E03313,010k;021k;121r,7,0,1,optimal,6,0;1;2,2,17,16
E03314,010k;021k;121r,7,0,2,infeasible,,,2,17,16
E03315,010k;021k;121r,7,0,3,infeasible,,,2,17,16
E03316,010k;021k;121r,7,1,0,vacuous,0,,0,17,16
E03317,010k;021k;121r,7,1,1,vacuous,0,,0,17,16
E03318,010k;021k;121r,7,1,2,vacuous,0,,0,17,16
E03319,010k;021k;121r,7,1,3,vacuous,0,,0,17,16
E03320,010k;021k;121e,0,0,0,infeasible,,,3,14,14
E03321,010k;021k;121e,0,1,0,vacuous,0,,0,14,14
E03322,010k;021k;121e,1,0,0,optimal,1,0,3,15,15
E03323,010k;021k;121e,1,0,1,infeasible,,,3,15,15
E03324,010k;021k;121e,1,1,0,vacuous,0,,0,15,15
E03325,010k;021k;121e,1,1,1,vacuous,0,,0,15,15
E03326,010k;021k;121e,2,0,0,infeasible,,,3,15,15
E03327,010k;021k;121e,2,0,1,infeasible,,,3,15,15
E03328,010k;021k;121e,2,1,0,vacuous,0,,0,15,15
E03329,010k;021k;121e,2,1,1,vacuous,0,,0,15,15
E03330,010k;021k;121e,3,0,0,optimal,1,0,3,16,16
E03331,010k;021k;121e,3,0,1,infeasible,,,3,16,16
E03332,010k;021k;121e,3,0,2,infeasible,,,3,16,16
E03333,010k;021k;121e,3,1,0,vacuous,0,,0,16,16
E03334,010k;021k;121e,3,1,1,vacuous,0,,0,16,16
E03335,010k;021k;121e,3,1,2,vacuous,0,,0,16,16
E03336,010k;021k;121e,4,0,0,infeasible,,,3,15,15
E03337,010k;021k;121e,4,0,1,infeasible,,,3,15,15
E03338,010k;021k;121e,4,1,0,vacuous,0,,0,15,15
E03339,010k;021k;121e,4,1,1,vacuous,0,,0,15,15
E03340,010k;021k;121e,5,0,0,optimal,1,0,3,16,16
E03341,010k;021k;121e,5,0,1,infeasible,,,3,16,16
E03342,010k;021k;121e,5,0,2,infeasible,,,3,16,16
E03343,010k;021k;121e,5,1,0,vacuous,0,,0,16,16
E03344,010k;021k;121e,5,1,1,vacuous,0,,0,16,16
E03345,010k;021k;121e,5,1,2,vacuous,0,,0,16,16
E03346,010k;021k;121e,6,0,0,optimal,5,0;1,3,16,16
E03347,010k;021k;121e,6,0,1,infeasible,,,3,16,16
E03348,010k;021k;121e,6,0,2,infeasible,,,3,16,16
E03349,010k;021k;121e,6,1,0,vacuous,0,,0,16,16
E03350,010k;021k;121e,6,1,1,vacuous,0,,0,16,16
E03351,010k;021k;121e,6,1,2,vacuous,0,,0,16,16
E03352,010k;021k;121e,7,0,0,optimal,1,0,3,17,17
E03353,010k;021k;121e,7,0,1,optimal,6,0;1;2,3,17,17
E03354,010k;021k;121e,7,0,2,infeasible,,,3,17,17
E03355,010k;021k;121e,7,0,3,infeasible,,,3,17,17
E03356,010k;021k;121e,7,1,0,vacuous,0,,0,17,17
E03357,010k;021k;121e,7,1,1,vacuous,0,,0,17,17
E03358,010k;021k;121e,7,1,2,vacuous,0,,0,17,17
E03359,010k;021k;121e,7,1,3,vacuous,0,,0,17,17
E03360,010k;021r,0,0,0,infeasible,,,1,14,12
E03361,010k;021r,0,1,0,vacuous,0,,0,14,12
E03362,010k;021r,1,0,0,optimal,1,0,1,15,13
E03363,010k;021r,1,0,1,infeasible,,,1,15,13
E03364,010k;021r,1,1,0,vacuous,0,,0,15,13
E03365,010k;021r,1,1,1,vacuous,0,,0,15,13
E03366,010k;021r,2,0,0,infeasible,,,1,15,13
E03367,010k;021r,2,0,1,infeasible,,,1,15,13
E03368,010k;021r,2,1,0,vacuous,0,,0,15,13
E03369,010k;021r,2,1,1,vacuous,0,,0,15,13
E03370,010k;021r,3,0,0,optimal,1,0,1,16,14
E03371,010k;021r,3,0,1,infeasible,,,1,16,14
E03372,010k;021r,3,0,2,infeasible,,,1,16,14
E03373,010k;021r,3,1,0,vacuous,0,,0,16,14
E03374,010k;021r,3,1,1,vacuous,0,,0,16,14
E03375,010k;021r,3,1,2,vacuous,0,,0,16,14
E03376,010k;021r,4,0,0,infeasible,,,1,15,13
E03377,010k;021r,4,0,1,infeasible,,,1,15,13
E03378,010k;021r,4,1,0,vacuous,0,,0,15,13
E03379,010k;021r,4,1,1,vacuous,0,,0,15,13
E03380,010k;021r,5,0,0,optimal,1,0,1,16,14
E03381,010k;021r,5,0,1,infeasible,,,1,16,14
E03382,010k;021r,5,0,2,infeasible,,,1,16,14
E03383,010k;021r,5,1,0,vacuous,0,,0,16,14
E03384,010k;021r,5,1,1,vacuous,0,,0,16,14
E03385,010k;021r,5,1,2,vacuous,0,,0,16,14
E03386,010k;021r,6,0,0,infeasible,,,1,16,14
E03387,010k;021r,6,0,1,infeasible,,,1,16,14
E03388,010k;021r,6,0,2,infeasible,,,1,16,14
E03389,010k;021r,6,1,0,vacuous,0,,0,16,14
E03390,010k;021r,6,1,1,vacuous,0,,0,16,14
E03391,010k;021r,6,1,2,vacuous,0,,0,16,14
E03392,010k;021r,7,0,0,optimal,1,0,1,17,15
E03393,010k;021r,7,0,1,infeasible,,,1,17,15
E03394,010k;021r,7,0,2,infeasible,,,1,17,15
E03395,010k;021r,7,0,3,infeasible,,,1,17,15
E03396,010k;021r,7,1,0,vacuous,0,,0,17,15
E03397,010k;021r,7,1,1,vacuous,0,,0,17,15
E03398,010k;021r,7,1,2,vacuous,0,,0,17,15
E03399,010k;021r,7,1,3,vacuous,0,,0,17,15
E03400,010k;021r;120k,0,0,0,infeasible,,,2,14,14
E03401,010k;021r;120k,0,1,0,infeasible,,,1,14,14
E03402,010k;021r;120k,1,0,0,optimal,1,0,2,15,15
E03403,010k;021r;120k,1,0,1,infeasible,,,2,15,15
E03404,010k;021r;120k,1,1,0,infeasible,,,1,15,15
E03405,010k;021r;120k,1,1,1,infeasible,,,1,15,15
E03406,010k;021r;120k,2,0,0,infeasible,,,2,15,15
E03407,010k;021r;120k,2,0,1,infeasible,,,2,15,15
E03408,010k;021r;120k,2,1,0,infeasible,,,1,15,15
E03409,010k;021r;120k,2,1,1,infeasible,,,1,15,15
E03410,010k;021r;120k,3,0,0,optimal,1,0,2,16,16
E03411,010k;021r;120k,3,0,1,infeasible,,,2,16,16
E03412,010k;021r;120k,3,0,2,infeasible,,,2,16,16
E03413,010k;021r;120k,3,1,0,infeasible,,,1,16,16
E03414,010k;021r;120k,3,1,1,infeasible,,,1,16,16
E03415,010k;021r;120k,3,1,2,infeasible,,,1,16,16
E03416,010k;021r;120k,4,0,0,infeasible,,,2,15,15
E03417,010k;021r;120k,4,0,1,infeasible,,,2,15,15
E03418,010k;021r;120k,4,1,0,infeasible,,,1,15,15
E03419,010k;021r;120k,4,1,1,infeasible,,,1,15,15
E03420,010k;021r;120k,5,0,0,optimal,1,0,2,16,16
E03421,010k;021r;120k,5,0,1,infeasible,,,2,16,16
E03422,010k;021r;120k,5,0,2,infeasible,,,2,16,16
E03423,010k;021r;120k,5,1,0,infeasible,,,1,16,16
E03424,010k;021r;120k,5,1,1,infeasible,,,1,16,16
E03425,010k;021r;120k,5,1,2,infeasible,,,1,16,16
E03426,010k;021r;120k,6,0,0,infeasible,,,2,16,16
E03427,010k;021r;120k,6,0,1,infeasible,,,2,16,16
E03428,010k;021r;120k,6,0,2,infeasible,,,2,16,16
E03429,010k;021r;120k,6,1,0,infeasible,,,1,16,16
E03430,010k;021r;120k,6,1,1,infeasible,,,1,16,16
E03431,010k;021r;120k,6,1,2,infeasible,,,1,16,16
E03432,010k;021r;120k,7,0,0,optimal,1,0,2,17,17
E03433,010k;021r;120k,7,0,1,infeasible,,,2,17,17
E03434,010k;021r;120k,7,0,2,infeasible,,,2,17,17
E03435,010k;021r;120k,7,0,3,infeasible,,,2,17,17
E03436,010k;021r;120k,7,1,0,infeasible,,,1,17,17
E03437,010k;021r;120k,7,1,1,infeasible,,,1,17,17
E03438,010k;021r;120k,7,1,2,infeasible,,,1,17,17
E03439,010k;021r;120k,7,1,3,infeasible,,,1,17,17
E03440,010k;021r;120r,0,0,0,infeasible,,,2,14,14
E03441,010k;021r;120r,0,1,0,infeasible,,,1,14,14
E03442,010k;021r;120r,1,0,0,optimal,1,0,2,15,15
E03443,010k;021r;120r,1,0,1,infeasible,,,2,15,15
E03444,010k;021r;120r,1,1,0,infeasible,,,1,15,15
E03445,010k;021r;120r,1,1,1,infeasible,,,1,15,15
E03446,010k;021r;120r,2,0,0,infeasible,,,2,15,15
E03447,010k;021r;120r,2,0,1,infeasible,,,2,15,15
E03448,010k;021r;120r,2,1,0,infeasible,,,1,15,15
E03449,010k;021r;120r,2,1,1,infeasible,,,1,15,15
E03450,010k;021r;120r,3,0,0,optimal,1,0,2,16,16
E03451,010k;021r;120r,3,0,1,infeasible,,,2,16,16
E03452,010k;021r;120r,3,0,2,infeasible,,,2,16,16
E03453,010k;021r;120r,3,1,0,infeasible,,,1,16,16
E03454,010k;021r;120r,3,1,1,infeasible,,,1,16,16
E03455,010k;021r;120r,3,1,2,infeasible,,,1,16,16
E03456,010k;021r;120r,4,0,0,infeasible,,,2,15,15
E03457,010k;021r;120r,4,0,1,infeasible,,,2,15,15
E03458,010k;021r;120r,4,1,0,infeasible,,,1,15,15
E03459,010k;021r;120r,4,1,1,infeasible,,,1,15,15
E03460,010k;021r;120r,5,0,0,optimal,1,0,2,16,16
E03461,010k;021r;120r,5,0,1,infeasible,,,2,16,16
E03462,010k;021r;120r,5,0,2,infeasible,,,2,16,16
E03463,010k;021r;120r,5,1,0,infeasible,,,1,16,16
E03464,010k;021r;120r,5,1,1,infeasible,,,1,16,16
E03465,010k;021r;120r,5,1,2,infeasible,,,1,16,16
E03466,010k;021r;120r,6,0,0,infeasible,,,2,16,16
E03467,010k;021r;120r,6,0,1,infeasible,,,2,16,16
E03468,010k;021r;120r,6,0,2,infeasible,,,2,16,16
E03469,010k;021r;120r,6,1,0,infeasible,,,1,16,16
E03470,010k;021r;120r,6,1,1,infeasible,,,1,16,16
E03471,010k;021r;120r,6,1,2,infeasible,,,1,16,16
E03472,010k;021r;120r,7,0,0,optimal,1,0,2,17,17
E03473,010k;021r;120r,7,0,1,infeasible,,,2,17,17
E03474,010k;021r;120r,7,0,2,infeasible,,,2,17,17
E03475,010k;021r;120r,7,0,3,infeasible,,,2,17,17
E03476,010k;021r;120r,7,1,0,infeasible,,,1,17,17
E03477,010k;021r;120r,7,1,1,infeasible,,,1,17,17
E03478,010k;021r;120r,7,1,2,infeasible,,,1,17,17
E03479,010k;021r;120r,7,1,3,infeasible,,,1,17,17
E03480,010k;021r;120e,0,0,0,infeasible,,,3,14,15
E03481,010k;021r;120e,0,1,0,infeasible,,,1,14,15
E03482,010k;021r;120e,1,0,0,optimal,1,0,3,15,16
E03483,010k;021r;120e,1,0,1,infeasible,,,3,15,16
E03484,010k;021r;120e,1,1,0,infeasible,,,1,15,16
E03485,010k;021r;120e,1,1,1,infeasible,,,1,15,16
E03486,010k;021r;120e,2,0,0,infeasible,,,3,15,16
E03487,010k;021r;120e,2,0,1,infeasible,,,3,15,16
E03488,010k;021r;120e,2,1,0,infeasible,,,1,15,16
E03489,010k;021r;120e,2,1,1,infeasible,,,1,15,16
E03490,010k;021r;120e,3,0,0,optimal,1,0,3,16,17
E03491,010k;021r;120e,3,0,1,infeasible,,,3,16,17
E03492,010k;021r;120e,3,0,2,infeasible,,,3,16,17
E03493,010k;021r;120e,3,1,0,infeasible,,,1,16,17
E03494,010k;021r;120e,3,1,1,infeasible,,,1,16,17
E03495,010k;021r;120e,3,1,2,infeasible,,,1,16,17
E03496,010k;021r;120e,4,0,0,infeasible,,,3,15,16
E03497,010k;021r;120e,4,0,1,infeasible,,,3,15,16
E03498,010k;021r;120e,4,1,0,infeasible,,,1,15,16
E03499,010k;021r;120e,4,1,1,infeasible,,,1,15,16
E03500,010k;021r;120e,5,0,0,optimal,1,0,3,16,17
E03501,010k;021r;120e,5,0,1,infeasible,,,3,16,17
E03502,010k;021r;120e,5,0,2,infeasible,,,3,16,17
E03503,010k;021r;120e,5,1,0,infeasible,,,1,16,17
E03504,010k;021r;120e,5,1,1,infeasible,,,1,16,17
E03505,010k;021r;120e,5,1,2,infeasible,,,1,16,17
E03506,010k;021r;120e,6,0,0,infeasible,,,3,16,17
E03507,010k;021r;120e,6,0,1,infeasible,,,3,16,17
E03508,010k;021r;120e,6,0,2,infeasible,,,3,16,17
E03509,010k;021r;120e,6,1,0,infeasible,,,1,16,17
E03510,010k;021r;120e,6,1,1,infeasible,,,1,16,17
E03511,010k;021r;120e,6,1,2,infeasible,,,1,16,17
E03512,010k;021r;120e,7,0,0,optimal,1,0,3,17,18
E03513,010k;021r;120e,7,0,1,infeasible,,,3,17,18
E03514,010k;021r;120e,7,0,2,infeasible,,,3,17,18
E03515,010k;021r;120e,7,0,3,infeasible,,,3,17,18
E03516,010k;021r;120e,7,1,0,infeasible,,,1,17,18
E03517,010k;021r;120e,7,1,1,infeasible,,,1,17,18
E03518,010k;021r;120e,7,1,2,infeasible,,,1,17,18
E03519,010k;021r;120e,7,1,3,infeasible,,,1,17,18
E03520,010k;021r;121k,0,0,0,infeasible,,,2,14,13
E03521,010k;021r;121k,0,1,0,vacuous,0,,0,14,13
E03522,010k;021r;121k,1,0,0,optimal,1,0,2,15,14
E03523,010k;021r;121k,1,0,1,infeasible,,,2,15,14
E03524,010k;021r;121k,1,1,0,vacuous,0,,0,15,14
E03525,010k;021r;121k,1,1,1,vacuous,0,,0,15,14
E03526,010k;021r;121k,2,0,0,infeasible,,,2,15,14
E03527,010k;021r;121k,2,0,1,infeasible,,,2,15,14
E03528,010k;021r;121k,2,1,0,vacuous,0,,0,15,14
E03529,010k;021r;121k,2,1,1,vacuous,0,,0,15,14
E03530,010k;021r;121k,3,0,0,optimal,1,0,2,16,15
E03531,010k;021r;121k,3,0,1,infeasible,,,2,16,15
E03532,010k;021r;121k,3,0,2,infeasible,,,2,16,15
E03533,010k;021r;121k,3,1,0,vacuous,0,,0,16,15
E03534,010k;021r;121k,3,1,1,vacuous,0,,0,16,15
E03535,010k;021r;121k,3,1,2,vacuous,0,,0,16,15
E03536,010k;021r;121k,4,0,0,infeasible,,,2,15,14
E03537,010k;021r;121k,4,0,1,infeasible,,,2,15,14
E03538,010k;021r;121k,4,1,0,vacuous,0,,0,15,14
E03539,010k;021r;121k,4,1,1,vacuous,0,,0,15,14
E03540,010k;021r;121k,5,0,0,optimal,1,0,2,16,15
E03541,010k;021r;121k,5,0,1,infeasible,,,2,16,15
E03542,010k;021r;121k,5,0,2,infeasible,,,2,16,15
E03543,010k;021r;121k,5,1,0,vacuous,0,,0,16,15
E03544,010k;021r;121k,5,1,1,vacuous,0,,0,16,15
E03545,010k;021r;121k,5,1,2,vacuous,0,,0,16,15
E03546,010k;021r;121k,6,0,0,infeasible,,,2,16,15
E03547,010k;021r;121k,6,0,1,infeasible,,,2,16,15
E03548,010k;021r;121k,6,0,2,infeasible,,,2,16,15
E03549,010k;021r;121k,6,1,0,vacuous,0,,0,16,15
E03550,010k;021r;121k,6,1,1,vacuous,0,,0,16,15
E03551,010k;021r;121k,6,1,2,vacuous,0,,0,16,15
E03552,010k;021r;121k,7,0,0,optimal,1,0,2,17,16
E03553,010k;021r;121k,7,0,1,infeasible,,,2,17,16
E03554,010k;021r;121k,7,0,2,infeasible,,,2,17,16
E03555,010k;021r;121k,7,0,3,infeasible,,,2,17,16
E03556,010k;021r;121k,7,1,0,vacuous,0,,0,17,16
E03557,010k;021r;121k,7,1,1,vacuous,0,,0,17,16
E03558,010k;021r;121k,7,1,2,vacuous,0,,0,17,16
E03559,010k;021r;121k,7,1,3,vacuous,0,,0,17,16
E03560,010k;021r;121r,0,0,0,infeasible,,,2,14,13
E03561,010k;021r;121r,0,1,0,vacuous,0,,0,14,13
E03562,010k;021r;121r,1,0,0,optimal,1,0,2,15,14
E03563,010k;021r;121r,1,0,1,infeasible,,,2,15,14
E03564,010k;021r;121r,1,1,0,vacuous,0,,0,15,14
E03565,010k;021r;121r,1,1,1,vacuous,0,,0,15,14
E03566,010k;021r;121r,2,0,0,infeasible,,,2,15,14
E03567,010k;021r;121r,2,0,1,infeasible,,,2,15,14
E03568,010k;021r;121r,2,1,0,vacuous,0,,0,15,14
E03569,010k;021r;121r,2,1,1,vacuous,0,,0,15,14
E03570,010k;021r;121r,3,0,0,optimal,1,0,2,16,15
E03571,010k;021r;121r,3,0,1,infeasible,,,2,16,15
E03572,010k;021r;121r,3,0,2,infeasible,,,2,16,15
E03573,010k;021r;121r,3,1,0,vacuous,0,,0,16,15
E03574,010k;021r;121r,3,1,1,vacuous,0,,0,16,15
E03575,010k;021r;121r,3,1,2,vacuous,0,,0,16,15
E03576,010k;021r;121r,4,0,0,infeasible,,,2,15,14
E03577,010k;021r;121r,4,0,1,infeasible,,,2,15,14
E03578,010k;021r;121r,4,1,0,vacuous,0,,0,15,14
E03579,010k;021r;121r,4,1,1,vacuous,0,,0,15,14
E03580,010k;021r;121r,5,0,0,optimal,1,0,2,16,15
E03581,010k;021r;121r,5,0,1,infeasible,,,2,16,15
E03582,010k;021r;121r,5,0,2,infeasible,,,2,16,15
E03583,010k;021r;121r,5,1,0,vacuous,0,,0,16,15
E03584,010k;021r;121r,5,1,1,vacuous,0,,0,16,15
E03585,010k;021r;121r,5,1,2,vacuous,0,,0,16,15
E03586,010k;021r;121r,6,0,0,infeasible,,,2,16,15
E03587,010k;021r;121r,6,0,1,infeasible,,,2,16,15
E03588,010k;021r;121r,6,0,2,infeasible,,,2,16,15
E03589,010k;021r;121r,6,1,0,vacuous,0,,0,16,15
E03590,010k;021r;121r,6,1,1,vacuous,0,,0,16,15
E03591,010k;021r;121r,6,1,2,vacuous,0,,0,16,15
E03592,010k;021r;121r,7,0,0,optimal,1,0,2,17,16
E03593,010k;021r;121r,7,0,1,infeasible,,,2,17,16
E03594,010k;021r;121r,7,0,2,infeasible,,,2,17,16
E03595,010k;021r;121r,7,0,3,infeasible,,,2,17,16
E03596,010k;021r;121r,7,1,0,vacuous,0,,0,17,16
E03597,010k;021r;121r,7,1,1,vacuous,0,,0,17,16
E03598,010k;021r;121r,7,1,2,vacuous,0,,0,17,16
E03599,010k;021r;121r,7,1,3,vacuous,0,,0,17,16
E03600,010k;021r;121e,0,0,0,infeasible,,,3,14,14
E03601,010k;021r;121e,0,1,0,vacuous,0,,0,14,14
E03602,010k;021r;121e,1,0,0,optimal,1,0,3,15,15
E03603,010k;021r;121e,1,0,1,infeasible,,,3,15,15
E03604,010k;021r;121e,1,1,0,vacuous,0,,0,15,15
E03605,010k;021r;121e,1,1,1,vacuous,0,,0,15,15
E03606,010k;021r;121e,2,0,0,infeasible,,,3,15,15
E03607,010k;021r;121e,2,0,1,infeasible,,,3,15,15
E03608,010k;021r;121e,2,1,0,vacuous,0,,0,15,15
E03609,010k;021r;121e,2,1,1,vacuous,0,,0,15,15
E03610,010k;021r;121e,3,0,0,optimal,1,0,3,16,16
E03611,010k;021r;121e,3,0,1,infeasible,,,3,16,16
E03612,010k;021r;121e,3,0,2,infeasible,,,3,16,16
E03613,010k;021r;121e,3,1,0,vacuous,0,,0,16,16
E03614,010k;021r;121e,3,1,1,vacuous,0,,0,16,16
E03615,010k;021r;121e,3,1,2,vacuous,0,,0,16,16
E03616,010k;021r;121e,4,0,0,infeasible,,,3,15,15
E03617,010k;021r;121e,4,0,1,infeasible,,,3,15,15
E03618,010k;021r;121e,4,1,0,vacuous,0,,0,15,15
E03619,010k;021r;121e,4,1,1,vacuous,0,,0,15,15
E03620,010k;021r;121e,5,0,0,optimal,1,0,3,16,16
E03621,010k;021r;121e,5,0,1,infeasible,,,3,16,16
E03622,010k;021r;121e,5,0,2,infeasible,,,3,16,16
E03623,010k;021r;121e,5,1,0,vacuous,0,,0,16,16
E03624,010k;021r;121e,5,1,1,vacuous,0,,0,16,16
E03625,010k;021r;121e,5,1,2,vacuous,0,,0,16,16
E03626,010k;021r;121e,6,0,0,infeasible,,,3,16,16
E03627,010k;021r;121e,6,0,1,infeasible,,,3,16,16
E03628,010k;021r;121e,6,0,2,infeasible,,,3,16,16
E03629,010k;021r;121e,6,1,0,vacuous,0,,0,16,16
E03630,010k;021r;121e,6,1,1,vacuous,0,,0,16,16
E03631,010k;021r;121e,6,1,2,vacuous,0,,0,16,16
E03632,010k;021r;121e,7,0,0,optimal,1,0,3,17,17
E03633,010k;021r;121e,7,0,1,infeasible,,,3,17,17
E03634,010k;021r;121e,7,0,2,infeasible,,,3,17,17
E03635,010k;021r;121e,7,0,3,infeasible,,,3,17,17
E03636,010k;021r;121e,7,1,0,vacuous,0,,0,17,17
E03637,010k;021r;121e,7,1,1,vacuous,0,,0,17,17
E03638,010k;021r;121e,7,1,2,vacuous,0,,0,17,17
E03639,010k;021r;121e,7,1,3,vacuous,0,,0,17,17
E03640,010k;021e,0,0,0,infeasible,,,2,14,13
E03641,010k;021e,0,1,0,vacuous,0,,0,14,13
E03642,010k;021e,1,0,0,optimal,1,0,2,15,14
E03643,010k;021e,1,0,1,infeasible,,,2,15,14
E03644,010k;021e,1,1,0,vacuous,0,,0,15,14
E03645,010k;021e,1,1,1,vacuous,0,,0,15,14
E03646,010k;021e,2,0,0,infeasible,,,2,15,14
E03647,010k;021e,2,0,1,infeasible,,,2,15,14
E03648,010k;021e,2,1,0,vacuous,0,,0,15,14
E03649,010k;021e,2,1,1,vacuous,0,,0,15,14
E03650,010k;021e,3,0,0,optimal,1,0,2,16,15
E03651,010k;021e,3,0,1,infeasible,,,2,16,15
E03652,010k;021e,3,0,2,infeasible,,,2,16,15
E03653,010k;021e,3,1,0,vacuous,0,,0,16,15
E03654,010k;021e,3,1,1,vacuous,0,,0,16,15
E03655,010k;021e,3,1,2,vacuous,0,,0,16,15
E03656,010k;021e,4,0,0,infeasible,,,2,15,14
E03657,010k;021e,4,0,1,infeasible,,,2,15,14
E03658,010k;021e,4,1,0,vacuous,0,,0,15,14
E03659,010k;021e,4,1,1,vacuous,0,,0,15,14
E03660,010k;021e,5,0,0,optimal,1,0,2,16,15
E03661,010k;021e,5,0,1,infeasible,,,2,16,15
E03662,010k;021e,5,0,2,infeasible,,,2,16,15
E03663,010k;021e,5,1,0,vacuous,0,,0,16,15
E03664,010k;021e,5,1,1,vacuous,0,,0,16,15
E03665,010k;021e,5,1,2,vacuous,0,,0,16,15
E03666,010k;021e,6,0,0,infeasible,,,2,16,15
E03667,010k;021e,6,0,1,infeasible,,,2,16,15
E03668,010k;021e,6,0,2,infeasible,,,2,16,15
E03669,010k;021e,6,1,0,vacuous,0,,0,16,15
E03670,010k;021e,6,1,1,vacuous,0,,0,16,15
E03671,010k;021e,6,1,2,vacuous,0,,0,16,15
E03672,010k;021e,7,0,0,optimal,1,0,2,17,16
E03673,010k;021e,7,0,1,infeasible,,,2,17,16
E03674,010k;021e,7,0,2,infeasible,,,2,17,16
E03675,010k;021e,7,0,3,infeasible,,,2,17,16
E03676,010k;021e,7,1,0,vacuous,0,,0,17,16
E03677,010k;021e,7,1,1,vacuous,0,,0,17,16
E03678,010k;021e,7,1,2,vacuous,0,,0,17,16
E03679,010k;021e,7,1,3,vacuous,0,,0,17,16
E03680,010k;021e;120k,0,0,0,infeasible,,,3,14,15
E03681,010k;021e;120k,0,1,0,infeasible,,,1,14,15
E03682,010k;021e;120k,1,0,0,optimal,1,0,3,15,16
E03683,010k;021e;120k,1,0,1,infeasible,,,3,15,16
E03684,010k;021e;120k,1,1,0,infeasible,,,1,15,16
E03685,010k;021e;120k,1,1,1,infeasible,,,1,15,16
E03686,010k;021e;120k,2,0,0,infeasible,,,3,15,16
E03687,010k;021e;120k,2,0,1,infeasible,,,3,15,16
E03688,010k;021e;120k,2,1,0,infeasible,,,1,15,16
E03689,010k;021e;120k,2,1,1,infeasible,,,1,15,16
E03690,010k;021e;120k,3,0,0,optimal,1,0,3,16,17
E03691,010k;021e;120k,3,0,1,infeasible,,,3,16,17
E03692,010k;021e;120k,3,0,2,infeasible,,,3,16,17
E03693,010k;021e;120k,3,1,0,infeasible,,,1,16,17
E03694,010k;021e;120k,3,1,1,infeasible,,,1,16,17
E03695,010k;021e;120k,3,1,2,infeasible,,,1,16,17
E03696,010k;021e;120k,4,0,0,infeasible,,,3,15,16
E03697,010k;021e;120k,4,0,1,infeasible,,,3,15,16
E03698,010k;021e;120k,4,1,0,infeasible,,,1,15,16
E03699,010k;021e;120k,4,1,1,infeasible,,,1,15,16
E03700,010k;021e;120k,5,0,0,optimal,1,0,3,16,17
E03701,010k;021e;120k,5,0,1,infeasible,,,3,16,17
E03702,010k;021e;120k,5,0,2,infeasible,,,3,16,17
E03703,010k;021e;120k,5,1,0,infeasible,,,1,16,17
E03704,010k;021e;120k,5,1,1,infeasible,,,1,16,17
E03705,010k;021e;120k,5,1,2,infeasible,,,1,16,17
E03706,010k;021e;120k,6,0,0,infeasible,,,3,16,17
E03707,010k;021e;120k,6,0,1,infeasible,,,3,16,17
E03708,010k;021e;120k,6,0,2,infeasible,,,3,16,17
E03709,010k;021e;120k,6,1,0,infeasible,,,1,16,17
E03710,010k;021e;120k,6,1,1,infeasible,,,1,16,17
E03711,010k;021e;120k,6,1,2,infeasible,,,1,16,17
E03712,010k;021e;120k,7,0,0,optimal,1,0,3,17,18
E03713,010k;021e;120k,7,0,1,infeasible,,,3,17,18
E03714,010k;021e;120k,7,0,2,infeasible,,,3,17,18
E03715,010k;021e;120k,7,0,3,infeasible,,,3,17,18
E03716,010k;021e;120k,7,1,0,infeasible,,,1,17,18
E03717,010k;021e;120k,7,1,1,infeasible,,,1,17,18
E03718,010k;021e;120k,7,1,2,infeasible,,,1,17,18
E03719,010k;021e;120k,7,1,3,infeasible,,,1,17,18
E03720,010k;021e;120r,0,0,0,infeasible,,,3,14,15
E03721,010k;021e;120r,0,1,0,infeasible,,,1,14,15
E03722,010k;021e;120r,1,0,0,optimal,1,0,3,15,16
E03723,010k;021e;120r,1,0,1,infeasible,,,3,15,16
E03724,010k;021e;120r,1,1,0,infeasible,,,1,15,16
E03725,010k;021e;120r,1,1,1,infeasible,,,1,15,16
E03726,010k;021e;120r,2,0,0,infeasible,,,3,15,16
E03727,010k;021e;120r,2,0,1,infeasible,,,3,15,16
E03728,010k;021e;120r,2,1,0,infeasible,,,1,15,16
E03729,010k;021e;120r,2,1,1,infeasible,,,1,15,16
E03730,010k;021e;120r,3,0,0,optimal,1,0,3,16,17
E03731,010k;021e;120r,3,0,1,infeasible,,,3,16,17
E03732,010k;021e;120r,3,0,2,infeasible,,,3,16,17
E03733,010k;021e;120r,3,1,0,infeasible,,,1,16,17
E03734,010k;021e;120r,3,1,1,infeasible,,,1,16,17
E03735,010k;021e;120r,3,1,2,infeasible,,,1,16,17
E03736,010k;021e;120r,4,0,0,infeasible,,,3,15,16
E03737,010k;021e;120r,4,0,1,infeasible,,,3,15,16
E03738,010k;021e;120r,4,1,0,infeasible,,,1,15,16
E03739,010k;021e;120r,4,1,1,infeasible,,,1,15,16
E03740,010k;021e;120r,5,0,0,optimal,1,0,3,16,17
E03741,010k;021e;120r,5,0,1,infeasible,,,3,16,17
E03742,010k;021e;120r,5,0,2,infeasible,,,3,16,17
E03743,010k;021e;120r,5,1,0,infeasible,,,1,16,17
E03744,010k;021e;120r,5,1,1,infeasible,,,1,16,17
E03745,010k;021e;120r,5,1,2,infeasible,,,1,16,17
E03746,010k;021e;120r,6,0,0,infeasible,,,3,16,17
E03747,010k;021e;120r,6,0,1,infeasible,,,3,16,17
E03748,010k;021e;120r,6,0,2,infeasible,,,3,16,17
E03749,010k;021e;120r,6,1,0,infeasible,,,1,16,17
E03750,010k;021e;120r,6,1,1,infeasible,,,1,16,17
E03751,010k;021e;120r,6,1,2,infeasible,,,1,16,17
E03752,010k;021e;120r,7,0,0,optimal,1,0,3,17,18
E03753,010k;021e;120r,7,0,1,infeasible,,,3,17,18
E03754,010k;021e;120r,7,0,2,infeasible,,,3,17,18
E03755,010k;021e;120r,7,0,3,infeasible,,,3,17,18
E03756,010k;021e;120r,7,1,0,infeasible,,,1,17,18
E03757,010k;021e;120r,7,1,1,infeasible,,,1,17,18
E03758,010k;021e;120r,7,1,2,infeasible,,,1,17,18
E03759,010k;021e;120r,7,1,3,infeasible,,,1,17,18
E03760,010k;021e;120e,0,0,0,infeasible,,,4,14,16
E03761,010k;021e;120e,0,1,0,infeasible,,,1,14,16
E03762,010k;021e;120e,1,0,0,optimal,1,0,4,15,17
E03763,010k;021e;120e,1,0,1,infeasible,,,4,15,17
E03764,010k;021e;120e,1,1,0,infeasible,,,1,15,17
E03765,010k;021e;120e,1,1,1,infeasible,,,1,15,17
E03766,010k;021e;120e,2,0,0,infeasible,,,4,15,17
E03767,010k;021e;120e,2,0,1,infeasible,,,4,15,17
E03768,010k;021e;120e,2,1,0,infeasible,,,1,15,17
E03769,010k;021e;120e,2,1,1,infeasible,,,1,15,17
E03770,010k;021e;120e,3,0,0,optimal,1,0,4,16,18
E03771,010k;021e;120e,3,0,1,infeasible,,,4,16,18
E03772,010k;021e;120e,3,0,2,infeasible,,,4,16,18
E03773,010k;021e;120e,3,1,0,infeasible,,,1,16,18
E03774,010k;021e;120e,3,1,1,infeasible,,,1,16,18
E03775,010k;021e;120e,3,1,2,infeasible,,,1,16,18
E03776,010k;021e;120e,4,0,0,infeasible,,,4,15,17
E03777,010k;021e;120e,4,0,1,infeasible,,,4,15,17
E03778,010k;021e;120e,4,1,0,infeasible,,,1,15,17
E03779,010k;021e;120e,4,1,1,infeasible,,,1,15,17
E03780,010k;021e;120e,5,0,0,optimal,1,0,4,16,18
E03781,010k;021e;120e,5,0,1,infeasible,,,4,16,18
E03782,010k;021e;120e,5,0,2,infeasible,,,4,16,18
E03783,010k;021e;120e,5,1,0,infeasible,,,1,16,18
E03784,010k;021e;120e,5,1,1,infeasible,,,1,16,18
E03785,010k;021e;120e,5,1,2,infeasible,,,1,16,18
E03786,010k;021e;120e,6,0,0,infeasible,,,4,16,18
E03787,010k;021e;120e,6,0,1,infeasible,,,4,16,18
E03788,010k;021e;120e,6,0,2,infeasible,,,4,16,18
E03789,010k;021e;120e,6,1,0,infeasible,,,1,16,18
E03790,010k;021e;120e,6,1,1,infeasible,,,1,16,18
E03791,010k;021e;120e,6,1,2,infeasible,,,1,16,18
E03792,010k;021e;120e,7,0,0,optimal,1,0,4,17,19
E03793,010k;021e;120e,7,0,1,infeasible,,,4,17,19
E03794,010k;021e;120e,7,0,2,infeasible,,,4,17,19
E03795,010k;021e;120e,7,0,3,infeasible,,,4,17,19
E03796,010k;021e;120e,7,1,0,infeasible,,,1,17,19
E03797,010k;021e;120e,7,1,1,infeasible,,,1,17,19
E03798,010k;021e;120e,7,1,2,infeasible,,,1,17,19
E03799,010k;021e;120e,7,1,3,infeasible,,,1,17,19
E03800,010k;021e;121k,0,0,0,infeasible,,,3,14,14
E03801,010k;021e;121k,0,1,0,vacuous,0,,0,14,14
E03802,010k;021e;121k,1,0,0,optimal,1,0,3,15,15
E03803,010k;021e;121k,1,0,1,infeasible,,,3,15,15
E03804,010k;021e;121k,1,1,0,vacuous,0,,0,15,15
E03805,010k;021e;121k,1,1,1,vacuous,0,,0,15,15
E03806,010k;021e;121k,2,0,0,infeasible,,,3,15,15
E03807,010k;021e;121k,2,0,1,infeasible,,,3,15,15
E03808,010k;021e;121k,2,1,0,vacuous,0,,0,15,15
E03809,010k;021e;121k,2,1,1,vacuous,0,,0,15,15
E03810,010k;021e;121k,3,0,0,optimal,1,0,3,16,16
E03811,010k;021e;121k,3,0,1,infeasible,,,3,16,16
E03812,010k;021e;121k,3,0,2,infeasible,,,3,16,16
E03813,010k;021e;121k,3,1,0,vacuous,0,,0,16,16
E03814,010k;021e;121k,3,1,1,vacuous,0,,0,16,16
E03815,010k;021e;121k,3,1,2,vacuous,0,,0,16,16
E03816,010k;021e;121k,4,0,0,infeasible,,,3,15,15
E03817,010k;021e;121k,4,0,1,infeasible,,,3,15,15
E03818,010k;021e;121k,4,1,0,vacuous,0,,0,15,15
E03819,010k;021e;121k,4,1,1,vacuous,0,,0,15,15
E03820,010k;021e;121k,5,0,0,optimal,1,0,3,16,16
E03821,010k;021e;121k,5,0,1,infeasible,,,3,16,16
E03822,010k;021e;121k,5,0,2,infeasible,,,3,16,16
E03823,010k;021e;121k,5,1,0,vacuous,0,,0,16,16
E03824,010k;021e;121k,5,1,1,vacuous,0,,0,16,16
E03825,010k;021e;121k,5,1,2,vacuous,0,,0,16,16
E03826,010k;021e;121k,6,0,0,infeasible,,,3,16,16
E03827,010k;021e;121k,6,0,1,infeasible,,,3,16,16
E03828,010k;021e;121k,6,0,2,infeasible,,,3,16,16
E03829,010k;021e;121k,6,1,0,vacuous,0,,0,16,16
E03830,010k;021e;121k,6,1,1,vacuous,0,,0,16,16
E03831,010k;021e;121k,6,1,2,vacuous,0,,0,16,16
E03832,010k;021e;121k,7,0,0,optimal,1,0,3,17,17
E03833,010k;021e;121k,7,0,1,infeasible,,,3,17,17
E03834,010k;021e;121k,7,0,2,infeasible,,,3,17,17
E03835,010k;021e;121k,7,0,3,infeasible,,,3,17,17
E03836,010k;021e;121k,7,1,0,vacuous,0,,0,17,17
E03837,010k;021e;121k,7,1,1,vacuous,0,,0,17,17
E03838,010k;021e;121k,7,1,2,vacuous,0,,0,17,17
E03839,010k;021e;121k,7,1,3,vacuous,0,,0,17,17
E03840,010k;021e;121r,0,0,0,infeasible,,,3,14,14
E03841,010k;021e;121r,0,1,0,vacuous,0,,0,14,14
E03842,010k;021e;121r,1,0,0,optimal,1,0,3,15,15
E03843,010k;021e;121r,1,0,1,infeasible,,,3,15,15
E03844,010k;021e;121r,1,1,0,vacuous,0,,0,15,15
E03845,010k;021e;121r,1,1,1,vacuous,0,,0,15,15
E03846,010k;021e;121r,2,0,0,infeasible,,,3,15,15
E03847,010k;021e;121r,2,0,1,infeasible,,,3,15,15
E03848,010k;021e;121r,2,1,0,vacuous,0,,0,15,15
E03849,010k;021e;121r,2,1,1,vacuous,0,,0,15,15
E03850,010k;021e;121r,3,0,0,optimal,1,0,3,16,16
E03851,010k;021e;121r,3,0,1,infeasible,,,3,16,16
E03852,010k;021e;121r,3,0,2,infeasible,,,3,16,16
E03853,010k;021e;121r,3,1,0,vacuous,0,,0,16,16
E03854,010k;021e;121r,3,1,1,vacuous,0,,0,16,16
E03855,010k;021e;121r,3,1,2,vacuous,0,,0,16,16
E03856,010k;021e;121r,4,0,0,infeasible,,,3,15,15
E03857,010k;021e;121r,4,0,1,infeasible,,,3,15,15
E03858,010k;021e;121r,4,1,0,vacuous,0,,0,15,15
E03859,010k;021e;121r,4,1,1,vacuous,0,,0,15,15
E03860,010k;021e;121r,5,0,0,optimal,1,0,3,16,16
E03861,010k;021e;121r,5,0,1,infeasible,,,3,16,16
E03862,010k;021e;121r,5,0,2,infeasible,,,3,16,16
E03863,010k;021e;121r,5,1,0,vacuous,0,,0,16,16
E03864,010k;021e;121r,5,1,1,vacuous,0,,0,16,16
E03865,010k;021e;121r,5,1,2,vacuous,0,,0,16,16
E03866,010k;021e;121r,6,0,0,infeasible,,,3,16,16
E03867,010k;021e;121r,6,0,1,infeasible,,,3,16,16
E03868,010k;021e;121r,6,0,2,infeasible,,,3,16,16
E03869,010k;021e;121r,6,1,0,vacuous,0,,0,16,16
E03870,010k;021e;121r,6,1,1,vacuous,0,,0,16,16
E03871,010k;021e;121r,6,1,2,vacuous,0,,0,16,16
E03872,010k;021e;121r,7,0,0,optimal,1,0,3,17,17
E03873,010k;021e;121r,7,0,1,infeasible,,,3,17,17
E03874,010k;021e;121r,7,0,2,infeasible,,,3,17,17
E03875,010k;021e;121r,7,0,3,infeasible,,,3,17,17
E03876,010k;021e;121r,7,1,0,vacuous,0,,0,17,17
E03877,010k;021e;121r,7,1,1,vacuous,0,,0,17,17
E03878,010k;021e;121r,7,1,2,vacuous,0,,0,17,17
E03879,010k;021e;121r,7,1,3,vacuous,0,,0,17,17
E03880,010k;021e;121e,0,0,0,infeasible,,,4,14,15
E03881,010k;021e;121e,0,1,0,vacuous,0,,0,14,15
E03882,010k;021e;121e,1,0,0,optimal,1,0,4,15,16
E03883,010k;021e;121e,1,0,1,infeasible,,,4,15,16
E03884,010k;021e;121e,1,1,0,vacuous,0,,0,15,16
E03885,010k;021e;121e,1,1,1,vacuous,0,,0,15,16
E03886,010k;021e;121e,2,0,0,infeasible,,,4,15,16
E03887,010k;021e;121e,2,0,1,infeasible,,,4,15,16
E03888,010k;021e;121e,2,1,0,vacuous,0,,0,15,16
E03889,010k;021e;121e,2,1,1,vacuous,0,,0,15,16
E03890,010k;021e;121e,3,0,0,optimal,1,0,4,16,17
E03891,010k;021e;121e,3,0,1,infeasible,,,4,16,17
E03892,010k;021e;121e,3,0,2,infeasible,,,4,16,17
E03893,010k;021e;121e,3,1,0,vacuous,0,,0,16,17
E03894,010k;021e;121e,3,1,1,vacuous,0,,0,16,17
E03895,010k;021e;121e,3,1,2,vacuous,0,,0,16,17
E03896,010k;021e;121e,4,0,0,infeasible,,,4,15,16
E03897,010k;021e;121e,4,0,1,infeasible,,,4,15,16
E03898,010k;021e;121e,4,1,0,vacuous,0,,0,15,16
E03899,010k;021e;121e,4,1,1,vacuous,0,,0,15,16
E03900,010k;021e;121e,5,0,0,optimal,1,0,4,16,17
E03901,010k;021e;121e,5,0,1,infeasible,,,4,16,17
E03902,010k;021e;121e,5,0,2,infeasible,,,4,16,17
E03903,010k;021e;121e,5,1,0,vacuous,0,,0,16,17
E03904,010k;021e;121e,5,1,1,vacuous,0,,0,16,17
E03905,010k;021e;121e,5,1,2,vacuous,0,,0,16,17
E03906,010k;021e;121e,6,0,0,infeasible,,,4,16,17
E03907,010k;021e;121e,6,0,1,infeasible,,,4,16,17
E03908,010k;021e;121e,6,0,2,infeasible,,,4,16,17
E03909,010k;021e;121e,6,1,0,vacuous,0,,0,16,17
E03910,010k;021e;121e,6,1,1,vacuous,0,,0,16,17
E03911,010k;021e;121e,6,1,2,vacuous,0,,0,16,17
E03912,010k;021e;121e,7,0,0,optimal,1,0,4,17,18
E03913,010k;021e;121e,7,0,1,infeasible,,,4,17,18
E03914,010k;021e;121e,7,0,2,infeasible,,,4,17,18
E03915,010k;021e;121e,7,0,3,infeasible,,,4,17,18
E03916,010k;021e;121e,7,1,0,vacuous,0,,0,17,18
E03917,010k;021e;121e,7,1,1,vacuous,0,,0,17,18
E03918,010k;021e;121e,7,1,2,vacuous,0,,0,17,18
E03919,010k;021e;121e,7,1,3,vacuous,0,,0,17,18
E03920,010r,0,0,0,vacuous,0,,0,14,11
E03921,010r,0,1,0,vacuous,0,,0,14,11
E03922,010r,1,0,0,vacuous,0,,0,15,12
E03923,010r,1,0,1,vacuous,0,,0,15,12
E03924,010r,1,1,0,vacuous,0,,0,15,12
E03925,010r,1,1,1,vacuous,0,,0,15,12
E03926,010r,2,0,0,vacuous,0,,0,15,12
E03927,010r,2,0,1,vacuous,0,,0,15,12
E03928,010r,2,1,0,vacuous,0,,0,15,12
E03929,010r,2,1,1,vacuous,0,,0,15,12
E03930,010r,3,0,0,vacuous,0,,0,16,13
E03931,010r,3,0,1,vacuous,0,,0,16,13
E03932,010r,3,0,2,vacuous,0,,0,16,13
E03933,010r,3,1,0,vacuous,0,,0,16,13
E03934,010r,3,1,1,vacuous,0,,0,16,13
E03935,010r,3,1,2,vacuous,0,,0,16,13
E03936,010r,4,0,0,vacuous,0,,0,15,12
E03937,010r,4,0,1,vacuous,0,,0,15,12
E03938,010r,4,1,0,vacuous,0,,0,15,12
E03939,010r,4,1,1,vacuous,0,,0,15,12
E03940,010r,5,0,0,vacuous,0,,0,16,13
E03941,010r,5,0,1,vacuous,0,,0,16,13
E03942,010r,5,0,2,vacuous,0,,0,16,13
E03943,010r,5,1,0,vacuous,0,,0,16,13
E03944,010r,5,1,1,vacuous,0,,0,16,13
E03945,010r,5,1,2,vacuous,0,,0,16,13
E03946,010r,6,0,0,vacuous,0,,0,16,13
E03947,010r,6,0,1,vacuous,0,,0,16,13
E03948,010r,6,0,2,vacuous,0,,0,16,13
E03949,010r,6,1,0,vacuous,0,,0,16,13
E03950,010r,6,1,1,vacuous,0,,0,16,13
E03951,010r,6,1,2,vacuous,0,,0,16,13
E03952,010r,7,0,0,vacuous,0,,0,17,14
E03953,010r,7,0,1,vacuous,0,,0,17,14
E03954,010r,7,0,2,vacuous,0,,0,17,14
E03955,010r,7,0,3,vacuous,0,,0,17,14
E03956,010r,7,1,0,vacuous,0,,0,17,14
E03957,010r,7,1,1,vacuous,0,,0,17,14
E03958,010r,7,1,2,vacuous,0,,0,17,14
E03959,010r,7,1,3,vacuous,0,,0,17,14
E03960,010r;120k,0,0,0,infeasible,,,1,14,13
E03961,010r;120k,0,1,0,infeasible,,,1,14,13
E03962,010r;120k,1,0,0,optimal,1,0,1,15,14
E03963,010r;120k,1,0,1,infeasible,,,1,15,14
E03964,010r;120k,1,1,0,infeasible,,,1,15,14
E03965,010r;120k,1,1,1,infeasible,,,1,15,14
E03966,010r;120k,2,0,0,infeasible,,,1,15,14
E03967,010r;120k,2,0,1,infeasible,,,1,15,14
E03968,010r;120k,2,1,0,infeasible,,,1,15,14
E03969,010r;120k,2,1,1,infeasible,,,1,15,14
E03970,010r;120k,3,0,0,optimal,1,0,1,16,15
E03971,010r;120k,3,0,1,infeasible,,,1,16,15
E03972,010r;120k,3,0,2,infeasible,,,1,16,15
E03973,010r;120k,3,1,0,infeasible,,,1,16,15
E03974,010r;120k,3,1,1,infeasible,,,1,16,15
E03975,010r;120k,3,1,2,infeasible,,,1,16,15
E03976,010r;120k,4,0,0,infeasible,,,1,15,14
E03977,010r;120k,4,0,1,infeasible,,,1,15,14
E03978,010r;120k,4,1,0,infeasible,,,1,15,14
E03979,010r;120k,4,1,1,infeasible,,,1,15,14
E03980,010r;120k,5,0,0,optimal,1,0,1,16,15
E03981,010r;120k,5,0,1,infeasible,,,1,16,15
E03982,010r;120k,5,0,2,infeasible,,,1,16,15
E03983,010r;120k,5,1,0,infeasible,,,1,16,15
E03984,010r;120k,5,1,1,infeasible,,,1,16,15
E03985,010r;120k,5,1,2,infeasible,,,1,16,15
E03986,010r;120k,6,0,0,infeasible,,,1,16,15
E03987,010r;120k,6,0,1,infeasible,,,1,16,15
E03988,010r;120k,6,0,2,infeasible,,,1,16,15
E03989,010r;120k,6,1,0,infeasible,,,1,16,15
E03990,010r;120k,6,1,1,infeasible,,,1,16,15
E03991,010r;120k,6,1,2,infeasible,,,1,16,15
E03992,010r;120k,7,0,0,optimal,1,0,1,17,16
E03993,010r;120k,7,0,1,infeasible,,,1,17,16
E03994,010r;120k,7,0,2,infeasible,,,1,17,16
E03995,010r;120k,7,0,3,infeasible,,,1,17,16
E03996,010r;120k,7,1,0,infeasible,,,1,17,16
E03997,010r;120k,7,1,1,infeasible,,,1,17,16
E03998,010r;120k,7,1,2,infeasible,,,1,17,16
E03999,010r;120k,7,1,3,infeasible,,,1,17,16
E04000,010r;120r,0,0,0,infeasible,,,1,14,13
E04001,010r;120r,0,1,0,infeasible,,,1,14,13
E04002,010r;120r,1,0,0,optimal,1,0,1,15,14
E04003,010r;120r,1,0,1,infeasible,,,1,15,14
E04004,010r;120r,1,1,0,infeasible,,,1,15,14
E04005,010r;120r,1,1,1,infeasible,,,1,15,14
E04006,010r;120r,2,0,0,infeasible,,,1,15,14
E04007,010r;120r,2,0,1,infeasible,,,1,15,14
E04008,010r;120r,2,1,0,infeasible,,,1,15,14
E04009,010r;120r,2,1,1,infeasible,,,1,15,14
E04010,010r;120r,3,0,0,optimal,1,0,1,16,15
E04011,010r;120r,3,0,1,infeasible,,,1,16,15
E04012,010r;120r,3,0,2,infeasible,,,1,16,15
E04013,010r;120r,3,1,0,infeasible,,,1,16,15
E04014,010r;120r,3,1,1,infeasible,,,1,16,15
E04015,010r;120r,3,1,2,infeasible,,,1,16,15
E04016,010r;120r,4,0,0,infeasible,,,1,15,14
E04017,010r;120r,4,0,1,infeasible,,,1,15,14
E04018,010r;120r,4,1,0,infeasible,,,1,15,14
E04019,010r;120r,4,1,1,infeasible,,,1,15,14
E04020,010r;120r,5,0,0,optimal,1,0,1,16,15
E04021,010r;120r,5,0,1,infeasible,,,1,16,15
E04022,010r;120r,5,0,2,infeasible,,,1,16,15
E04023,010r;120r,5,1,0,infeasible,,,1,16,15
E04024,010r;120r,5,1,1,infeasible,,,1,16,15
E04025,010r;120r,5,1,2,infeasible,,,1,16,15
E04026,010r;120r,6,0,0,infeasible,,,1,16,15
E04027,010r;120r,6,0,1,infeasible,,,1,16,15
E04028,010r;120r,6,0,2,infeasible,,,1,16,15
E04029,010r;120r,6,1,0,infeasible,,,1,16,15
E04030,010r;120r,6,1,1,infeasible,,,1,16,15
E04031,010r;120r,6,1,2,infeasible,,,1,16,15
E04032,010r;120r,7,0,0,optimal,1,0,1,17,16
E04033,010r;120r,7,0,1,infeasible,,,1,17,16
E04034,010r;120r,7,0,2,infeasible,,,1,17,16
E04035,010r;120r,7,0,3,infeasible,,,1,17,16
E04036,010r;120r,7,1,0,infeasible,,,1,17,16
E04037,010r;120r,7,1,1,infeasible,,,1,17,16
E04038,010r;120r,7,1,2,infeasible,,,1,17,16
E04039,010r;120r,7,1,3,infeasible,,,1,17,16
E04040,010r;120e,0,0,0,infeasible,,,1,14,14
E04041,010r;120e,0,1,0,infeasible,,,1,14,14
E04042,010r;120e,1,0,0,optimal,1,0,1,15,15
E04043,010r;120e,1,0,1,infeasible,,,1,15,15
E04044,010r;120e,1,1,0,infeasible,,,1,15,15
E04045,010r;120e,1,1,1,infeasible,,,1,15,15
E04046,010r;120e,2,0,0,infeasible,,,1,15,15
E04047,010r;120e,2,0,1,infeasible,,,1,15,15
E04048,010r;120e,2,1,0,infeasible,,,1,15,15
E04049,010r;120e,2,1,1,infeasible,,,1,15,15
E04050,010r;120e,3,0,0,optimal,1,0,1,16,16
E04051,010r;120e,3,0,1,infeasible,,,1,16,16
E04052,010r;120e,3,0,2,infeasible,,,1,16,16
E04053,010r;120e,3,1,0,infeasible,,,1,16,16
E04054,010r;120e,3,1,1,infeasible,,,1,16,16
E04055,010r;120e,3,1,2,infeasible,,,1,16,16
E04056,010r;120e,4,0,0,infeasible,,,1,15,15
E04057,010r;120e,4,0,1,infeasible,,,1,15,15
E04058,010r;120e,4,1,0,infeasible,,,1,15,15
E04059,010r;120e,4,1,1,infeasible,,,1,15,15
E04060,010r;120e,5,0,0,optimal,1,0,1,16,16
E04061,010r;120e,5,0,1,infeasible,,,1,16,16
E04062,010r;120e,5,0,2,infeasible,,,1,16,16
E04063,010r;120e,5,1,0,infeasible,,,1,16,16
E04064,010r;120e,5,1,1,infeasible,,,1,16,16
E04065,010r;120e,5,1,2,infeasible,,,1,16,16
E04066,010r;120e,6,0,0,infeasible,,,1,16,16
E04067,010r;120e,6,0,1,infeasible,,,1,16,16
E04068,010r;120e,6,0,2,infeasible,,,1,16,16
E04069,010r;120e,6,1,0,infeasible,,,1,16,16
E04070,010r;120e,6,1,1,infeasible,,,1,16,16
E04071,010r;120e,6,1,2,infeasible,,,1,16,16
E04072,010r;120e,7,0,0,optimal,1,0,1,17,17
E04073,010r;120e,7,0,1,infeasible,,,1,17,17
E04074,010r;120e,7,0,2,infeasible,,,1,17,17
E04075,010r;120e,7,0,3,infeasible,,,1,17,17
E04076,010r;120e,7,1,0,infeasible,,,1,17,17
E04077,010r;120e,7,1,1,infeasible,,,1,17,17
E04078,010r;120e,7,1,2,infeasible,,,1,17,17
E04079,010r;120e,7,1,3,infeasible,,,1,17,17
E04080,010r;121k,0,0,0,vacuous,0,,0,14,12
E04081,010r;121k,0,1,0,vacuous,0,,0,14,12
E04082,010r;121k,1,0,0,vacuous,0,,0,15,13
E04083,010r;121k,1,0,1,vacuous,0,,0,15,13
E04084,010r;121k,1,1,0,vacuous,0,,0,15,13
E04085,010r;121k,1,1,1,vacuous,0,,0,15,13
E04086,010r;121k,2,0,0,vacuous,0,,0,15,13
E04087,010r;121k,2,0,1,vacuous,0,,0,15,13
E04088,010r;121k,2,1,0,vacuous,0,,0,15,13
E04089,010r;121k,2,1,1,vacuous,0,,0,15,13
E04090,010r;121k,3,0,0,vacuous,0,,0,16,14
E04091,010r;121k,3,0,1,vacuous,0,,0,16,14
E04092,010r;121k,3,0,2,vacuous,0,,0,16,14
E04093,010r;121k,3,1,0,vacuous,0,,0,16,14
E04094,010r;121k,3,1,1,vacuous,0,,0,16,14
E04095,010r;121k,3,1,2,vacuous,0,,0,16,14
E04096,010r;121k,4,0,0,vacuous,0,,0,15,13
E04097,010r;121k,4,0,1,vacuous,0,,0,15,13
E04098,010r;121k,4,1,0,vacuous,0,,0,15,13
E04099,010r;121k,4,1,1,vacuous,0,,0,15,13
E04100,010r;121k,5,0,0,vacuous,0,,0,16,14
E04101,010r;121k,5,0,1,vacuous,0,,0,16,14
E04102,010r;121k,5,0,2,vacuous,0,,0,16,14
E04103,010r;121k,5,1,0,vacuous,0,,0,16,14
E04104,010r;121k,5,1,1,vacuous,0,,0,16,14
E04105,010r;121k,5,1,2,vacuous,0,,0,16,14
E04106,010r;121k,6,0,0,vacuous,0,,0,16,14
E04107,010r;121k,6,0,1,vacuous,0,,0,16,14
E04108,010r;121k,6,0,2,vacuous,0,,0,16,14
E04109,010r;121k,6,1,0,vacuous,0,,0,16,14
E04110,010r;121k,6,1,1,vacuous,0,,0,16,14
E04111,010r;121k,6,1,2,vacuous,0,,0,16,14
E04112,010r;121k,7,0,0,vacuous,0,,0,17,15
E04113,010r;121k,7,0,1,vacuous,0,,0,17,15
E04114,010r;121k,7,0,2,vacuous,0,,0,17,15
E04115,010r;121k,7,0,3,vacuous,0,,0,17,15
E04116,010r;121k,7,1,0,vacuous,0,,0,17,15
E04117,010r;121k,7,1,1,vacuous,0,,0,17,15
E04118,010r;121k,7,1,2,vacuous,0,,0,17,15
E04119,010r;121k,7,1,3,vacuous,0,,0,17,15
E04120,010r;121r,0,0,0,vacuous,0,,0,14,12
E04121,010r;121r,0,1,0,vacuous,0,,0,14,12
E04122,010r;121r,1,0,0,vacuous,0,,0,15,13
E04123,010r;121r,1,0,1,vacuous,0,,0,15,13
E04124,010r;121r,1,1,0,vacuous,0,,0,15,13
E04125,010r;121r,1,1,1,vacuous,0,,0,15,13
E04126,010r;121r,2,0,0,vacuous,0,,0,15,13
E04127,010r;121r,2,0,1,vacuous,0,,0,15,13
E04128,010r;121r,2,1,0,vacuous,0,,0,15,13
E04129,010r;121r,2,1,1,vacuous,0,,0,15,13
E04130,010r;121r,3,0,0,vacuous,0,,0,16,14
E04131,010r;121r,3,0,1,vacuous,0,,0,16,14
E04132,010r;121r,3,0,2,vacuous,0,,0,16,14
E04133,010r;121r,3,1,0,vacuous,0,,0,16,14
E04134,010r;121r,3,1,1,vacuous,0,,0,16,14
E04135,010r;121r,3,1,2,vacuous,0,,0,16,14
E04136,010r;121r,4,0,0,vacuous,0,,0,15,13
E04137,010r;121r,4,0,1,vacuous,0,,0,15,13
E04138,010r;121r,4,1,0,vacuous,0,,0,15,13
E04139,010r;121r,4,1,1,vacuous,0,,0,15,13
E04140,010r;121r,5,0,0,vacuous,0,,0,16,14
E04141,010r;121r,5,0,1,vacuous,0,,0,16,14
E04142,010r;121r,5,0,2,vacuous,0,,0,16,14
E04143,010r;121r,5,1,0,vacuous,0,,0,16,14
E04144,010r;121r,5,1,1,vacuous,0,,0,16,14
E04145,010r;121r,5,1,2,vacuous,0,,0,16,14
E04146,010r;121r,6,0,0,vacuous,0,,0,16,14
E04147,010r;121r,6,0,1,vacuous,0,,0,16,14
E04148,010r;121r,6,0,2,vacuous,0,,0,16,14
E04149,010r;121r,6,1,0,vacuous,0,,0,16,14
E04150,010r;121r,6,1,1,vacuous,0,,0,16,14
E04151,010r;121r,6,1,2,vacuous,0,,0,16,14
E04152,010r;121r,7,0,0,vacuous,0,,0,17,15
E04153,010r;121r,7,0,1,vacuous,0,,0,17,15
E04154,010r;121r,7,0,2,vacuous,0,,0,17,15
E04155,010r;121r,7,0,3,vacuous,0,,0,17,15
E04156,010r;121r,7,1,0,vacuous,0,,0,17,15
E04157,010r;121r,7,1,1,vacuous,0,,0,17,15
E04158,010r;121r,7,1,2,vacuous,0,,0,17,15
E04159,010r;121r,7,1,3,vacuous,0,,0,17,15
E04160,010r;121e,0,0,0,vacuous,0,,0,14,13
E04161,010r;121e,0,1,0,vacuous,0,,0,14,13
E04162,010r;121e,1,0,0,vacuous,0,,0,15,14
E04163,010r;121e,1,0,1,vacuous,0,,0,15,14
E04164,010r;121e,1,1,0,vacuous,0,,0,15,14
E04165,010r;121e,1,1,1,vacuous,0,,0,15,14
E04166,010r;121e,2,0,0,vacuous,0,,0,15,14
E04167,010r;121e,2,0,1,vacuous,0,,0,15,14
E04168,010r;121e,2,1,0,vacuous,0,,0,15,14
E04169,010r;121e,2,1,1,vacuous,0,,0,15,14
E04170,010r;121e,3,0,0,vacuous,0,,0,16,15
E04171,010r;121e,3,0,1,vacuous,0,,0,16,15
E04172,010r;121e,3,0,2,vacuous,0,,0,16,15
E04173,010r;121e,3,1,0,vacuous,0,,0,16,15
E04174,010r;121e,3,1,1,vacuous,0,,0,16,15
E04175,010r;121e,3,1,2,vacuous,0,,0,16,15
E04176,010r;121e,4,0,0,vacuous,0,,0,15,14
E04177,010r;121e,4,0,1,vacuous,0,,0,15,14
E04178,010r;121e,4,1,0,vacuous,0,,0,15,14
E04179,010r;121e,4,1,1,vacuous,0,,0,15,14
E04180,010r;121e,5,0,0,vacuous,0,,0,16,15
E04181,010r;121e,5,0,1,vacuous,0,,0,16,15
E04182,010r;121e,5,0,2,vacuous,0,,0,16,15
E04183,010r;121e,5,1,0,vacuous,0,,0,16,15
E04184,010r;121e,5,1,1,vacuous,0,,0,16,15
E04185,010r;121e,5,1,2,vacuous,0,,0,16,15
E04186,010r;121e,6,0,0,vacuous,0,,0,16,15
E04187,010r;121e,6,0,1,vacuous,0,,0,16,15
E04188,010r;121e,6,0,2,vacuous,0,,0,16,15
E04189,010r;121e,6,1,0,vacuous,0,,0,16,15
E04190,010r;121e,6,1,1,vacuous,0,,0,16,15
E04191,010r;121e,6,1,2,vacuous,0,,0,16,15
E04192,010r;121e,7,0,0,vacuous,0,,0,17,16
E04193,010r;121e,7,0,1,vacuous,0,,0,17,16
E04194,010r;121e,7,0,2,vacuous,0,,0,17,16
E04195,010r;121e,7,0,3,vacuous,0,,0,17,16
E04196,010r;121e,7,1,0,vacuous,0,,0,17,16
E04197,010r;121e,7,1,1,vacuous,0,,0,17,16
E04198,010r;121e,7,1,2,vacuous,0,,0,17,16
E04199,010r;121e,7,1,3,vacuous,0,,0,17,16
E04200,010r;020k,0,0,0,infeasible,,,1,14,13
E04201,010r;020k,0,1,0,infeasible,,,1,14,13
E04202,010r;020k,1,0,0,optimal,1,0,1,15,14
E04203,010r;020k,1,0,1,infeasible,,,1,15,14
E04204,010r;020k,1,1,0,infeasible,,,1,15,14
E04205,010r;020k,1,1,1,infeasible,,,1,15,14
E04206,010r;020k,2,0,0,infeasible,,,1,15,14
E04207,010r;020k,2,0,1,infeasible,,,1,15,14
E04208,010r;020k,2,1,0,infeasible,,,1,15,14
E04209,010r;020k,2,1,1,infeasible,,,1,15,14
E04210,010r;020k,3,0,0,optimal,1,0,1,16,15
E04211,010r;020k,3,0,1,infeasible,,,1,16,15
E04212,010r;020k,3,0,2,infeasible,,,1,16,15
E04213,010r;020k,3,1,0,infeasible,,,1,16,15
E04214,010r;020k,3,1,1,infeasible,,,1,16,15
E04215,010r;020k,3,1,2,infeasible,,,1,16,15
E04216,010r;020k,4,0,0,optimal,3,0,1,15,14
E04217,010r;020k,4,0,1,infeasible,,,1,15,14
E04218,010r;020k,4,1,0,infeasible,,,1,15,14
E04219,010r;020k,4,1,1,infeasible,,,1,15,14
E04220,010r;020k,5,0,0,optimal,1,0,1,16,15
E04221,010r;020k,5,0,1,optimal,4,0;1,1,16,15
E04222,010r;020k,5,0,2,infeasible,,,1,16,15
E04223,010r;020k,5,1,0,infeasible,,,1,16,15
E04224,010r;020k,5,1,1,infeasible,,,1,16,15
E04225,010r;020k,5,1,2,infeasible,,,1,16,15
E04226,010r;020k,6,0,0,optimal,3,1,1,16,15
E04227,010r;020k,6,0,1,infeasible,,,1,16,15
E04228,010r;020k,6,0,2,infeasible,,,1,16,15
E04229,010r;020k,6,1,0,infeasible,,,1,16,15
E04230,010r;020k,6,1,1,infeasible,,,1,16,15
E04231,010r;020k,6,1,2,infeasible,,,1,16,15
E04232,010r;020k,7,0,0,optimal,1,0,1,17,16
E04233,010r;020k,7,0,1,optimal,4,0;2,1,17,16
E04234,010r;020k,7,0,2,infeasible,,,1,17,16
E04235,010r;020k,7,0,3,infeasible,,,1,17,16
E04236,010r;020k,7,1,0,infeasible,,,1,17,16
E04237,010r;020k,7,1,1,infeasible,,,1,17,16
E04238,010r;020k,7,1,2,infeasible,,,1,17,16
E04239,010r;020k,7,1,3,infeasible,,,1,17,16
E04240,010r;020k;120k,0,0,0,infeasible,,,2,14,15
E04241,010r;020k;120k,0,1,0,infeasible,,,2,14,15
E04242,010r;020k;120k,1,0,0,optimal,1,0,2,15,16
E04243,010r;020k;120k,1,0,1,infeasible,,,2,15,16
E04244,010r;020k;120k,1,1,0,infeasible,,,2,15,16
E04245,010r;020k;120k,1,1,1,infeasible,,,2,15,16
E04246,010r;020k;120k,2,0,0,infeasible,,,2,15,16
E04247,010r;020k;120k,2,0,1,infeasible,,,2,15,16
E04248,010r;020k;120k,2,1,0,infeasible,,,2,15,16
E04249,010r;020k;120k,2,1,1,infeasible,,,2,15,16
E04250,010r;020k;120k,3,0,0,optimal,1,0,2,16,17
E04251,010r;020k;120k,3,0,1,infeasible,,,2,16,17
E04252,010r;020k;120k,3,0,2,infeasible,,,2,16,17
E04253,010r;020k;120k,3,1,0,infeasible,,,2,16,17
E04254,010r;020k;120k,3,1,1,infeasible,,,2,16,17
E04255,010r;020k;120k,3,1,2,infeasible,,,2,16,17
E04256,010r;020k;120k,4,0,0,infeasible,,,2,15,16
E04257,010r;020k;120k,4,0,1,infeasible,,,2,15,16
E04258,010r;020k;120k,4,1,0,infeasible,,,2,15,16
E04259,010r;020k;120k,4,1,1,infeasible,,,2,15,16
E04260,010r;020k;120k,5,0,0,optimal,1,0,2,16,17
E04261,010r;020k;120k,5,0,1,infeasible,,,2,16,17
E04262,010r;020k;120k,5,0,2,infeasible,,,2,16,17
E04263,010r;020k;120k,5,1,0,infeasible,,,2,16,17
E04264,010r;020k;120k,5,1,1,infeasible,,,2,16,17
E04265,010r;020k;120k,5,1,2,infeasible,,,2,16,17
E04266,010r;020k;120k,6,0,0,infeasible,,,2,16,17
E04267,010r;020k;120k,6,0,1,infeasible,,,2,16,17
E04268,010r;020k;120k,6,0,2,infeasible,,,2,16,17
E04269,010r;020k;120k,6,1,0,infeasible,,,2,16,17
E04270,010r;020k;120k,6,1,1,infeasible,,,2,16,17
E04271,010r;020k;120k,6,1,2,infeasible,,,2,16,17
E04272,010r;020k;120k,7,0,0,optimal,1,0,2,17,18
E04273,010r;020k;120k,7,0,1,infeasible,,,2,17,18
E04274,010r;020k;120k,7,0,2,infeasible,,,2,17,18
E04275,010r;020k;120k,7,0,3,infeasible,,,2,17,18
E04276,010r;020k;120k,7,1,0,infeasible,,,2,17,18
E04277,010r;020k;120k,7,1,1,infeasible,,,2,17,18
E04278,010r;020k;120k,7,1,2,infeasible,,,2,17,18
E04279,010r;020k;120k,7,1,3,infeasible,,,2,17,18
E04280,010r;020k;120r,0,0,0,infeasible,,,2,14,15
E04281,010r;020k;120r,0,1,0,infeasible,,,2,14,15
E04282,010r;020k;120r,1,0,0,optimal,1,0,2,15,16
E04283,010r;020k;120r,1,0,1,infeasible,,,2,15,16
E04284,010r;020k;120r,1,1,0,infeasible,,,2,15,16
E04285,010r;020k;120r,1,1,1,infeasible,,,2,15,16
E04286,010r;020k;120r,2,0,0,infeasible,,,2,15,16
E04287,010r;020k;120r,2,0,1,infeasible,,,2,15,16
E04288,010r;020k;120r,2,1,0,infeasible,,,2,15,16
E04289,010r;020k;120r,2,1,1,infeasible,,,2,15,16
E04290,010r;020k;120r,3,0,0,optimal,1,0,2,16,17
E04291,010r;020k;120r,3,0,1,infeasible,,,2,16,17
E04292,010r;020k;120r,3,0,2,infeasible,,,2,16,17
E04293,010r;020k;120r,3,1,0,infeasible,,,2,16,17
E04294,010r;020k;120r,3,1,1,infeasible,,,2,16,17
E04295,010r;020k;120r,3,1,2,infeasible,,,2,16,17
E04296,010r;020k;120r,4,0,0,infeasible,,,2,15,16
E04297,010r;020k;120r,4,0,1,infeasible,,,2,15,16
E04298,010r;020k;120r,4,1,0,infeasible,,,2,15,16
E04299,010r;020k;120r,4,1,1,infeasible,,,2,15,16
E04300,010r;020k;120r,5,0,0,optimal,1,0,2,16,17
E04301,010r;020k;120r,5,0,1,infeasible,,,2,16,17
E04302,010r;020k;120r,5,0,2,infeasible,,,2,16,17
E04303,010r;020k;120r,5,1,0,infeasible,,,2,16,17
E04304,010r;020k;120r,5,1,1,infeasible,,,2,16,17
E04305,010r;020k;120r,5,1,2,infeasible,,,2,16,17
E04306,010r;020k;120r,6,0,0,infeasible,,,2,16,17
E04307,010r;020k;120r,6,0,1,infeasible,,,2,16,17
E04308,010r;020k;120r,6,0,2,infeasible,,,2,16,17
E04309,010r;020k;120r,6,1,0,infeasible,,,2,16,17
E04310,010r;020k;120r,6,1,1,infeasible,,,2,16,17
E04311,010r;020k;120r,6,1,2,infeasible,,,2,16,17
E04312,010r;020k;120r,7,0,0,optimal,1,0,2,17,18
E04313,010r;020k;120r,7,0,1,infeasible,,,2,17,18
E04314,010r;020k;120r,7,0,2,infeasible,,,2,17,18
E04315,010r;020k;120r,7,0,3,infeasible,,,2,17,18
E04316,010r;020k;120r,7,1,0,infeasible,,,2,17,18
E04317,010r;020k;120r,7,1,1,infeasible,,,2,17,18
E04318,010r;020k;120r,7,1,2,infeasible,,,2,17,18
E04319,010r;020k;120r,7,1,3,infeasible,,,2,17,18
E04320,010r;020k;120e,0,0,0,infeasible,,,2,14,16
E04321,010r;020k;120e,0,1,0,infeasible,,,2,14,16
E04322,010r;020k;120e,1,0,0,optimal,1,0,2,15,17
E04323,010r;020k;120e,1,0,1,infeasible,,,2,15,17
E04324,010r;020k;120e,1,1,0,infeasible,,,2,15,17
E04325,010r;020k;120e,1,1,1,infeasible,,,2,15,17
E04326,010r;020k;120e,2,0,0,infeasible,,,2,15,17
E04327,010r;020k;120e,2,0,1,infeasible,,,2,15,17
E04328,010r;020k;120e,2,1,0,infeasible,,,2,15,17
E04329,010r;020k;120e,2,1,1,infeasible,,,2,15,17
E04330,010r;020k;120e,3,0,0,optimal,1,0,2,16,18
E04331,010r;020k;120e,3,0,1,infeasible,,,2,16,18
E04332,010r;020k;120e,3,0,2,infeasible,,,2,16,18
E04333,010r;020k;120e,3,1,0,infeasible,,,2,16,18
E04334,010r;020k;120e,3,1,1,infeasible,,,2,16,18
E04335,010r;020k;120e,3,1,2,infeasible,,,2,16,18
E04336,010r;020k;120e,4,0,0,infeasible,,,2,15,17
E04337,010r;020k;120e,4,0,1,infeasible,,,2,15,17
E04338,010r;020k;120e,4,1,0,infeasible,,,2,15,17
E04339,010r;020k;120e,4,1,1,infeasible,,,2,15,17
E04340,010r;020k;120e,5,0,0,optimal,1,0,2,16,18
E04341,010r;020k;120e,5,0,1,infeasible,,,2,16,18
E04342,010r;020k;120e,5,0,2,infeasible,,,2,16,18
E04343,010r;020k;120e,5,1,0,infeasible,,,2,16,18
E04344,010r;020k;120e,5,1,1,infeasible,,,2,16,18
E04345,010r;020k;120e,5,1,2,infeasible,,,2,16,18
E04346,010r;020k;120e,6,0,0,infeasible,,,2,16,18
E04347,010r;020k;120e,6,0,1,infeasible,,,2,16,18
E04348,010r;020k;120e,6,0,2,infeasible,,,2,16,18
E04349,010r;020k;120e,6,1,0,infeasible,,,2,16,18
E04350,010r;020k;120e,6,1,1,infeasible,,,2,16,18
E04351,010r;020k;120e,6,1,2,infeasible,,,2,16,18
E04352,010r;020k;120e,7,0,0,optimal,1,0,2,17,19
E04353,010r;020k;120e,7,0,1,infeasible,,,2,17,19
E04354,010r;020k;120e,7,0,2,infeasible,,,2,17,19
E04355,010r;020k;120e,7,0,3,infeasible,,,2,17,19
E04356,010r;020k;120e,7,1,0,infeasible,,,2,17,19
E04357,010r;020k;120e,7,1,1,infeasible,,,2,17,19
E04358,010r;020k;120e,7,1,2,infeasible,,,2,17,19
E04359,010r;020k;120e,7,1,3,infeasible,,,2,17,19
E04360,010r;020k;121k,0,0,0,infeasible,,,1,14,14
E04361,010r;020k;121k,0,1,0,infeasible,,,1,14,14
E04362,010r;020k;121k,1,0,0,optimal,1,0,1,15,15
E04363,010r;020k;121k,1,0,1,infeasible,,,1,15,15
E04364,010r;020k;121k,1,1,0,infeasible,,,1,15,15
E04365,010r;020k;121k,1,1,1,infeasible,,,1,15,15
E04366,010r;020k;121k,2,0,0,infeasible,,,1,15,15
E04367,010r;020k;121k,2,0,1,infeasible,,,1,15,15
E04368,010r;020k;121k,2,1,0,infeasible,,,1,15,15
E04369,010r;020k;121k,2,1,1,infeasible,,,1,15,15
E04370,010r;020k;121k,3,0,0,optimal,1,0,1,16,16
E04371,010r;020k;121k,3,0,1,infeasible,,,1,16,16
E04372,010r;020k;121k,3,0,2,infeasible,,,1,16,16
E04373,010r;020k;121k,3,1,0,infeasible,,,1,16,16
E04374,010r;020k;121k,3,1,1,infeasible,,,1,16,16
E04375,010r;020k;121k,3,1,2,infeasible,,,1,16,16
E04376,010r;020k;121k,4,0,0,optimal,3,0,1,15,15
E04377,010r;020k;121k,4,0,1,infeasible,,,1,15,15
E04378,010r;020k;121k,4,1,0,infeasible,,,1,15,15
E04379,010r;020k;121k,4,1,1,infeasible,,,1,15,15
E04380,010r;020k;121k,5,0,0,optimal,1,0,1,16,16
E04381,010r;020k;121k,5,0,1,optimal,4,0;1,1,16,16
E04382,010r;020k;121k,5,0,2,infeasible,,,1,16,16
E04383,010r;020k;121k,5,1,0,infeasible,,,1,16,16
E04384,010r;020k;121k,5,1,1,infeasible,,,1,16,16
E04385,010r;020k;121k,5,1,2,infeasible,,,1,16,16
E04386,010r;020k;121k,6,0,0,optimal,3,1,1,16,16
E04387,010r;020k;121k,6,0,1,infeasible,,,1,16,16
E04388,010r;020k;121k,6,0,2,infeasible,,,1,16,16
E04389,010r;020k;121k,6,1,0,infeasible,,,1,16,16
E04390,010r;020k;121k,6,1,1,infeasible,,,1,16,16
E04391,010r;020k;121k,6,1,2,infeasible,,,1,16,16
E04392,010r;020k;121k,7,0,0,optimal,1,0,1,17,17
E04393,010r;020k;121k,7,0,1,optimal,4,0;2,1,17,17
E04394,010r;020k;121k,7,0,2,infeasible,,,1,17,17
E04395,010r;020k;121k,7,0,3,infeasible,,,1,17,17
E04396,010r;020k;121k,7,1,0,infeasible,,,1,17,17
E04397,010r;020k;121k,7,1,1,infeasible,,,1,17,17
E04398,010r;020k;121k,7,1,2,infeasible,,,1,17,17
E04399,010r;020k;121k,7,1,3,infeasible,,,1,17,17
E04400,010r;020k;121r,0,0,0,infeasible,,,1,14,14
E04401,010r;020k;121r,0,1,0,infeasible,,,1,14,14
E04402,010r;020k;121r,1,0,0,optimal,1,0,1,15,15
E04403,010r;020k;121r,1,0,1,infeasible,,,1,15,15
E04404,010r;020k;121r,1,1,0,infeasible,,,1,15,15
E04405,010r;020k;121r,1,1,1,infeasible,,,1,15,15
E04406,010r;020k;121r,2,0,0,infeasible,,,1,15,15
E04407,010r;020k;121r,2,0,1,infeasible,,,1,15,15
E04408,010r;020k;121r,2,1,0,infeasible,,,1,15,15
E04409,010r;020k;121r,2,1,1,infeasible,,,1,15,15
E04410,010r;020k;121r,3,0,0,optimal,1,0,1,16,16
E04411,010r;020k;121r,3,0,1,infeasible,,,1,16,16
E04412,010r;020k;121r,3,0,2,infeasible,,,1,16,16
E04413,010r;020k;121r,3,1,0,infeasible,,,1,16,16
E04414,010r;020k;121r,3,1,1,infeasible,,,1,16,16
E04415,010r;020k;121r,3,1,2,infeasible,,,1,16,16
E04416,010r;020k;121r,4,0,0,optimal,3,0,1,15,15
E04417,010r;020k;121r,4,0,1,infeasible,,,1,15,15
E04418,010r;020k;121r,4,1,0,infeasible,,,1,15,15
E04419,010r;020k;121r,4,1,1,infeasible,,,1,15,15
E04420,010r;020k;121r,5,0,0,optimal,1,0,1,16,16
E04421,010r;020k;121r,5,0,1,optimal,4,0;1,1,16,16
E04422,010r;020k;121r,5,0,2,infeasible,,,1,16,16
E04423,010r;020k;121r,5,1,0,infeasible,,,1,16,16
E04424,010r;020k;121r,5,1,1,infeasible,,,1,16,16
E04425,010r;020k;121r,5,1,2,infeasible,,,1,16,16
E04426,010r;020k;121r,6,0,0,optimal,3,1,1,16,16
E04427,010r;020k;121r,6,0,1,infeasible,,,1,16,16
E04428,010r;020k;121r,6,0,2,infeasible,,,1,16,16
E04429,010r;020k;121r,6,1,0,infeasible,,,1,16,16
E04430,010r;020k;121r,6,1,1,infeasible,,,1,16,16
E04431,010r;020k;121r,6,1,2,infeasible,,,1,16,16
E04432,010r;020k;121r,7,0,0,optimal,1,0,1,17,17
E04433,010r;020k;121r,7,0,1,optimal,4,0;2,1,17,17
E04434,010r;020k;121r,7,0,2,infeasible,,,1,17,17
E04435,010r;020k;121r,7,0,3,infeasible,,,1,17,17
E04436,010r;020k;121r,7,1,0,infeasible,,,1,17,17
E04437,010r;020k;121r,7,1,1,infeasible,,,1,17,17
E04438,010r;020k;121r,7,1,2,infeasible,,,1,17,17
E04439,010r;020k;121r,7,1,3,infeasible,,,1,17,17
E04440,010r;020k;121e,0,0,0,infeasible,,,1,14,15
E04441,010r;020k;121e,0,1,0,infeasible,,,1,14,15
E04442,010r;020k;121e,1,0,0,optimal,1,0,1,15,16
E04443,010r;020k;121e,1,0,1,infeasible,,,1,15,16
E04444,010r;020k;121e,1,1,0,infeasible,,,1,15,16
E04445,010r;020k;121e,1,1,1,infeasible,,,1,15,16
E04446,010r;020k;121e,2,0,0,infeasible,,,1,15,16
E04447,010r;020k;121e,2,0,1,infeasible,,,1,15,16
E04448,010r;020k;121e,2,1,0,infeasible,,,1,15,16
E04449,010r;020k;121e,2,1,1,infeasible,,,1,15,16
E04450,010r;020k;121e,3,0,0,optimal,1,0,1,16,17
E04451,010r;020k;121e,3,0,1,infeasible,,,1,16,17
E04452,010r;020k;121e,3,0,2,infeasible,,,1,16,17
E04453,010r;020k;121e,3,1,0,infeasible,,,1,16,17
E04454,010r;020k;121e,3,1,1,infeasible,,,1,16,17
E04455,010r;020k;121e,3,1,2,infeasible,,,1,16,17
E04456,010r;020k;121e,4,0,0,optimal,3,0,1,15,16
E04457,010r;020k;121e,4,0,1,infeasible,,,1,15,16
E04458,010r;020k;121e,4,1,0,infeasible,,,1,15,16
E04459,010r;020k;121e,4,1,1,infeasible,,,1,15,16
E04460,010r;020k;121e,5,0,0,optimal,1,0,1,16,17
E04461,010r;020k;121e,5,0,1,optimal,4,0;1,1,16,17
E04462,010r;020k;121e,5,0,2,infeasible,,,1,16,17
E04463,010r;020k;121e,5,1,0,infeasible,,,1,16,17
E04464,010r;020k;121e,5,1,1,infeasible,,,1,16,17
E04465,010r;020k;121e,5,1,2,infeasible,,,1,16,17
E04466,010r;020k;121e,6,0,0,optimal,3,1,1,16,17
E04467,010r;020k;121e,6,0,1,infeasible,,,1,16,17
E04468,010r;020k;121e,6,0,2,infeasible,,,1,16,17
E04469,010r;020k;121e,6,1,0,infeasible,,,1,16,17
E04470,010r;020k;121e,6,1,1,infeasible,,,1,16,17
E04471,010r;020k;121e,6,1,2,infeasible,,,1,16,17
E04472,010r;020k;121e,7,0,0,optimal,1,0,1,17,18
E04473,010r;020k;121e,7,0,1,optimal,4,0;2,1,17,18
E04474,010r;020k;121e,7,0,2,infeasible,,,1,17,18
E04475,010r;020k;121e,7,0,3,infeasible,,,1,17,18
E04476,010r;020k;121e,7,1,0,infeasible,,,1,17,18
E04477,010r;020k;121e,7,1,1,infeasible,,,1,17,18
E04478,010r;020k;121e,7,1,2,infeasible,,,1,17,18
E04479,010r;020k;121e,7,1,3,infeasible,,,1,17,18
E04480,010r;020r,0,0,0,infeasible,,,1,14,13
E04481,010r;020r,0,1,0,infeasible,,,1,14,13
E04482,010r;020r,1,0,0,optimal,1,0,1,15,14
E04483,010r;020r,1,0,1,infeasible,,,1,15,14
E04484,010r;020r,1,1,0,infeasible,,,1,15,14
E04485,010r;020r,1,1,1,infeasible,,,1,15,14
E04486,010r;020r,2,0,0,infeasible,,,1,15,14
E04487,010r;020r,2,0,1,infeasible,,,1,15,14
E04488,010r;020r,2,1,0,infeasible,,,1,15,14
E04489,010r;020r,2,1,1,infeasible,,,1,15,14
E04490,010r;020r,3,0,0,optimal,1,0,1,16,15
E04491,010r;020r,3,0,1,infeasible,,,1,16,15
E04492,010r;020r,3,0,2,infeasible,,,1,16,15
E04493,010r;020r,3,1,0,infeasible,,,1,16,15
E04494,010r;020r,3,1,1,infeasible,,,1,16,15
E04495,010r;020r,3,1,2,infeasible,,,1,16,15
E04496,010r;020r,4,0,0,infeasible,,,1,15,14
E04497,010r;020r,4,0,1,infeasible,,,1,15,14
E04498,010r;020r,4,1,0,infeasible,,,1,15,14
E04499,010r;020r,4,1,1,infeasible,,,1,15,14
E04500,010r;020r,5,0,0,optimal,1,0,1,16,15
E04501,010r;020r,5,0,1,infeasible,,,1,16,15
E04502,010r;020r,5,0,2,infeasible,,,1,16,15
E04503,010r;020r,5,1,0,infeasible,,,1,16,15
E04504,010r;020r,5,1,1,infeasible,,,1,16,15
E04505,010r;020r,5,1,2,infeasible,,,1,16,15
E04506,010r;020r,6,0,0,infeasible,,,1,16,15
E04507,010r;020r,6,0,1,infeasible,,,1,16,15
E04508,010r;020r,6,0,2,infeasible,,,1,16,15
E04509,010r;020r,6,1,0,infeasible,,,1,16,15
E04510,010r;020r,6,1,1,infeasible,,,1,16,15
E04511,010r;020r,6,1,2,infeasible,,,1,16,15
E04512,010r;020r,7,0,0,optimal,1,0,1,17,16
E04513,010r;020r,7,0,1,infeasible,,,1,17,16
E04514,010r;020r,7,0,2,infeasible,,,1,17,16
E04515,010r;020r,7,0,3,infeasible,,,1,17,16
E04516,010r;020r,7,1,0,infeasible,,,1,17,16
E04517,010r;020r,7,1,1,infeasible,,,1,17,16
E04518,010r;020r,7,1,2,infeasible,,,1,17,16
E04519,010r;020r,7,1,3,infeasible,,,1,17,16
E04520,010r;020r;120k,0,0,0,infeasible,,,2,14,15
E04521,010r;020r;120k,0,1,0,infeasible,,,2,14,15
E04522,010r;020r;120k,1,0,0,optimal,1,0,2,15,16
E04523,010r;020r;120k,1,0,1,infeasible,,,2,15,16
E04524,010r;020r;120k,1,1,0,infeasible,,,2,15,16
E04525,010r;020r;120k,1,1,1,infeasible,,,2,15,16
E04526,010r;020r;120k,2,0,0,infeasible,,,2,15,16
E04527,010r;020r;120k,2,0,1,infeasible,,,2,15,16
E04528,010r;020r;120k,2,1,0,infeasible,,,2,15,16
E04529,010r;020r;120k,2,1,1,infeasible,,,2,15,16
E04530,010r;020r;120k,3,0,0,optimal,1,0,2,16,17
E04531,010r;020r;120k,3,0,1,infeasible,,,2,16,17
E04532,010r;020r;120k,3,0,2,infeasible,,,2,16,17
E04533,010r;020r;120k,3,1,0,infeasible,,,2,16,17
E04534,010r;020r;120k,3,1,1,infeasible,,,2,16,17
E04535,010r;020r;120k,3,1,2,infeasible,,,2,16,17
E04536,010r;020r;120k,4,0,0,infeasible,,,2,15,16
E04537,010r;020r;120k,4,0,1,infeasible,,,2,15,16
E04538,010r;020r;120k,4,1,0,infeasible,,,2,15,16
E04539,010r;020r;120k,4,1,1,infeasible,,,2,15,16
E04540,010r;020r;120k,5,0,0,optimal,1,0,2,16,17
E04541,010r;020r;120k,5,0,1,infeasible,,,2,16,17
E04542,010r;020r;120k,5,0,2,infeasible,,,2,16,17
E04543,010r;020r;120k,5,1,0,infeasible,,,2,16,17
E04544,010r;020r;120k,5,1,1,infeasible,,,2,16,17
E04545,010r;020r;120k,5,1,2,infeasible,,,2,16,17
E04546,010r;020r;120k,6,0,0,infeasible,,,2,16,17
E04547,010r;020r;120k,6,0,1,infeasible,,,2,16,17
E04548,010r;020r;120k,6,0,2,infeasible,,,2,16,17
E04549,010r;020r;120k,6,1,0,infeasible,,,2,16,17
E04550,010r;020r;120k,6,1,1,infeasible,,,2,16,17
E04551,010r;020r;120k,6,1,2,infeasible,,,2,16,17
E04552,010r;020r;120k,7,0,0,optimal,1,0,2,17,18
E04553,010r;020r;120k,7,0,1,infeasible,,,2,17,18
E04554,010r;020r;120k,7,0,2,infeasible,,,2,17,18
E04555,010r;020r;120k,7,0,3,infeasible,,,2,17,18
E04556,010r;020r;120k,7,1,0,infeasible,,,2,17,18
E04557,010r;020r;120k,7,1,1,infeasible,,,2,17,18
E04558,010r;020r;120k,7,1,2,infeasible,,,2,17,18
E04559,010r;020r;120k,7,1,3,infeasible,,,2,17,18
E04560,010r;020r;120r,0,0,0,infeasible,,,2,14,15
E04561,010r;020r;120r,0,1,0,infeasible,,,2,14,15
E04562,010r;020r;120r,1,0,0,optimal,1,0,2,15,16
E04563,010r;020r;120r,1,0,1,infeasible,,,2,15,16
E04564,010r;020r;120r,1,1,0,infeasible,,,2,15,16
E04565,010r;020r;120r,1,1,1,infeasible,,,2,15,16
E04566,010r;020r;120r,2,0,0,infeasible,,,2,15,16
E04567,010r;020r;120r,2,0,1,infeasible,,,2,15,16
E04568,010r;020r;120r,2,1,0,infeasible,,,2,15,16
E04569,010r;020r;120r,2,1,1,infeasible,,,2,15,16
E04570,010r;020r;120r,3,0,0,optimal,1,0,2,16,17
E04571,010r;020r;120r,3,0,1,infeasible,,,2,16,17
E04572,010r;020r;120r,3,0,2,infeasible,,,2,16,17
E04573,010r;020r;120r,3,1,0,infeasible,,,2,16,17
E04574,010r;020r;120r,3,1,1,infeasible,,,2,16,17
E04575,010r;020r;120r,3,1,2,infeasible,,,2,16,17
E04576,010r;020r;120r,4,0,0,infeasible,,,2,15,16
E04577,010r;020r;120r,4,0,1,infeasible,,,2,15,16
E04578,010r;020r;120r,4,1,0,infeasible,,,2,15,16
E04579,010r;020r;120r,4,1,1,infeasible,,,2,15,16
E04580,010r;020r;120r,5,0,0,optimal,1,0,2,16,17
E04581,010r;020r;120r,5,0,1,infeasible,,,2,16,17
E04582,010r;020r;120r,5,0,2,infeasible,,,2,16,17
E04583,010r;020r;120r,5,1,0,infeasible,,,2,16,17
E04584,010r;020r;120r,5,1,1,infeasible,,,2,16,17
E04585,010r;020r;120r,5,1,2,infeasible,,,2,16,17
E04586,010r;020r;120r,6,0,0,infeasible,,,2,16,17
E04587,010r;020r;120r,6,0,1,infeasible,,,2,16,17
E04588,010r;020r;120r,6,0,2,infeasible,,,2,16,17
E04589,010r;020r;120r,6,1,0,infeasible,,,2,16,17
E04590,010r;020r;120r,6,1,1,infeasible,,,2,16,17
E04591,010r;020r;120r,6,1,2,infeasible,,,2,16,17
E04592,010r;020r;120r,7,0,0,optimal,1,0,2,17,18
E04593,010r;020r;120r,7,0,1,infeasible,,,2,17,18
E04594,010r;020r;120r,7,0,2,infeasible,,,2,17,18
E04595,010r;020r;120r,7,0,3,infeasible,,,2,17,18
E04596,010r;020r;120r,7,1,0,infeasible,,,2,17,18
E04597,010r;020r;120r,7,1,1,infeasible,,,2,17,18
E04598,010r;020r;120r,7,1,2,infeasible,,,2,17,18
E04599,010r;020r;120r,7,1,3,infeasible,,,2,17,18
E04600,010r;020r;120e,0,0,0,infeasible,,,2,14,16
E04601,010r;020r;120e,0,1,0,infeasible,,,2,14,16
E04602,010r;020r;120e,1,0,0,optimal,1,0,2,15,17
E04603,010r;020r;120e,1,0,1,infeasible,,,2,15,17
E04604,010r;020r;120e,1,1,0,infeasible,,,2,15,17
E04605,010r;020r;120e,1,1,1,infeasible,,,2,15,17
E04606,010r;020r;120e,2,0,0,infeasible,,,2,15,17
E04607,010r;020r;120e,2,0,1,infeasible,,,2,15,17
E04608,010r;020r;120e,2,1,0,infeasible,,,2,15,17
E04609,010r;020r;120e,2,1,1,infeasible,,,2,15,17
E04610,010r;020r;120e,3,0,0,optimal,1,0,2,16,18
E04611,010r;020r;120e,3,0,1,infeasible,,,2,16,18
E04612,010r;020r;120e,3,0,2,infeasible,,,2,16,18
E04613,010r;020r;120e,3,1,0,infeasible,,,2,16,18
E04614,010r;020r;120e,3,1,1,infeasible,,,2,16,18
E04615,010r;020r;120e,3,1,2,infeasible,,,2,16,18
E04616,010r;020r;120e,4,0,0,infeasible,,,2,15,17
E04617,010r;020r;120e,4,0,1,infeasible,,,2,15,17
E04618,010r;020r;120e,4,1,0,infeasible,,,2,15,17
E04619,010r;020r;120e,4,1,1,infeasible,,,2,15,17
E04620,010r;020r;120e,5,0,0,optimal,1,0,2,16,18
E04621,010r;020r;120e,5,0,1,infeasible,,,2,16,18
E04622,010r;020r;120e,5,0,2,infeasible,,,2,16,18
E04623,010r;020r;120e,5,1,0,infeasible,,,2,16,18
E04624,010r;020r;120e,5,1,1,infeasible,,,2,16,18
E04625,010r;020r;120e,5,1,2,infeasible,,,2,16,18
E04626,010r;020r;120e,6,0,0,infeasible,,,2,16,18
E04627,010r;020r;120e,6,0,1,infeasible,,,2,16,18
E04628,010r;020r;120e,6,0,2,infeasible,,,2,16,18
E04629,010r;020r;120e,6,1,0,infeasible,,,2,16,18
E04630,010r;020r;120e,6,1,1,infeasible,,,2,16,18
E04631,010r;020r;120e,6,1,2,infeasible,,,2,16,18
E04632,010r;020r;120e,7,0,0,optimal,1,0,2,17,19
E04633,010r;020r;120e,7,0,1,infeasible,,,2,17,19
E04634,010r;020r;120e,7,0,2,infeasible,,,2,17,19
E04635,010r;020r;120e,7,0,3,infeasible,,,2,17,19
E04636,010r;020r;120e,7,1,0,infeasible,,,2,17,19
E04637,010r;020r;120e,7,1,1,infeasible,,,2,17,19
E04638,010r;020r;120e,7,1,2,infeasible,,,2,17,19
E04639,010r;020r;120e,7,1,3,infeasible,,,2,17,19
E04640,010r;020r;121k,0,0,0,infeasible,,,1,14,14
E04641,010r;020r;121k,0,1,0,infeasible,,,1,14,14
E04642,010r;020r;121k,1,0,0,optimal,1,0,1,15,15
E04643,010r;020r;121k,1,0,1,infeasible,,,1,15,15
E04644,010r;020r;121k,1,1,0,infeasible,,,1,15,15
E04645,010r;020r;121k,1,1,1,infeasible,,,1,15,15
E04646,010r;020r;121k,2,0,0,infeasible,,,1,15,15
E04647,010r;020r;121k,2,0,1,infeasible,,,1,15,15
E04648,010r;020r;121k,2,1,0,infeasible,,,1,15,15
E04649,010r;020r;121k,2,1,1,infeasible,,,1,15,15
E04650,010r;020r;121k,3,0,0,optimal,1,0,1,16,16
E04651,010r;020r;121k,3,0,1,infeasible,,,1,16,16
E04652,010r;020r;121k,3,0,2,infeasible,,,1,16,16
E04653,010r;020r;121k,3,1,0,infeasible,,,1,16,16
E04654,010r;020r;121k,3,1,1,infeasible,,,1,16,16
E04655,010r;020r;121k,3,1,2,infeasible,,,1,16,16
E04656,010r;020r;121k,4,0,0,infeasible,,,1,15,15
E04657,010r;020r;121k,4,0,1,infeasible,,,1,15,15
E04658,010r;020r;121k,4,1,0,infeasible,,,1,15,15
E04659,010r;020r;121k,4,1,1,infeasible,,,1,15,15
E04660,010r;020r;121k,5,0,0,optimal,1,0,1,16,16
E04661,010r;020r;121k,5,0,1,infeasible,,,1,16,16
E04662,010r;020r;121k,5,0,2,infeasible,,,1,16,16
E04663,010r;020r;121k,5,1,0,infeasible,,,1,16,16
E04664,010r;020r;121k,5,1,1,infeasible,,,1,16,16
E04665,010r;020r;121k,5,1,2,infeasible,,,1,16,16
E04666,010r;020r;121k,6,0,0,infeasible,,,1,16,16
E04667,010r;020r;121k,6,0,1,infeasible,,,1,16,16
E04668,010r;020r;121k,6,0,2,infeasible,,,1,16,16
E04669,010r;020r;121k,6,1,0,infeasible,,,1,16,16
E04670,010r;020r;121k,6,1,1,infeasible,,,1,16,16
E04671,010r;020r;121k,6,1,2,infeasible,,,1,16,16
E04672,010r;020r;121k,7,0,0,optimal,1,0,1,17,17
E04673,010r;020r;121k,7,0,1,infeasible,,,1,17,17
E04674,010r;020r;121k,7,0,2,infeasible,,,1,17,17
E04675,010r;020r;121k,7,0,3,infeasible,,,1,17,17
E04676,010r;020r;121k,7,1,0,infeasible,,,1,17,17
E04677,010r;020r;121k,7,1,1,infeasible,,,1,17,17
E04678,010r;020r;121k,7,1,2,infeasible,,,1,17,17
E04679,010r;020r;121k,7,1,3,infeasible,,,1,17,17
E04680,010r;020r;121r,0,0,0,infeasible,,,1,14,14
E04681,010r;020r;121r,0,1,0,infeasible,,,1,14,14
E04682,010r;020r;121r,1,0,0,optimal,1,0,1,15,15
E04683,010r;020r;121r,1,0,1,infeasible,,,1,15,15
E04684,010r;020r;121r,1,1,0,infeasible,,,1,15,15
E04685,010r;020r;121r,1,1,1,infeasible,,,1,15,15
E04686,010r;020r;121r,2,0,0,infeasible,,,1,15,15
E04687,010r;020r;121r,2,0,1,infeasible,,,1,15,15
E04688,010r;020r;121r,2,1,0,infeasible,,,1,15,15
E04689,010r;020r;121r,2,1,1,infeasible,,,1,15,15
E04690,010r;020r;121r,3,0,0,optimal,1,0,1,16,16
E04691,010r;020r;121r,3,0,1,infeasible,,,1,16,16
E04692,010r;020r;121r,3,0,2,infeasible,,,1,16,16
E04693,010r;020r;121r,3,1,0,infeasible,,,1,16,16
E04694,010r;020r;121r,3,1,1,infeasible,,,1,16,16
E04695,010r;020r;121r,3,1,2,infeasible,,,1,16,16
E04696,010r;020r;121r,4,0,0,infeasible,,,1,15,15
E04697,010r;020r;121r,4,0,1,infeasible,,,1,15,15
E04698,010r;020r;121r,4,1,0,infeasible,,,1,15,15
E04699,010r;020r;121r,4,1,1,infeasible,,,1,15,15
E04700,010r;020r;121r,5,0,0,optimal,1,0,1,16,16
E04701,010r;020r;121r,5,0,1,infeasible,,,1,16,16
E04702,010r;020r;121r,5,0,2,infeasible,,,1,16,16
E04703,010r;020r;121r,5,1,0,infeasible,,,1,16,16
E04704,010r;020r;121r,5,1,1,infeasible,,,1,16,16
E04705,010r;020r;121r,5,1,2,infeasible,,,1,16,16
E04706,010r;020r;121r,6,0,0,infeasible,,,1,16,16
E04707,010r;020r;121r,6,0,1,infeasible,,,1,16,16
E04708,010r;020r;121r,6,0,2,infeasible,,,1,16,16
E04709,010r;020r;121r,6,1,0,infeasible,,,1,16,16
E04710,010r;020r;121r,6,1,1,infeasible,,,1,16,16
E04711,010r;020r;121r,6,1,2,infeasible,,,1,16,16
E04712,010r;020r;121r,7,0,0,optimal,1,0,1,17,17
E04713,010r;020r;121r,7,0,1,infeasible,,,1,17,17
E04714,010r;020r;121r,7,0,2,infeasible,,,1,17,17
E04715,010r;020r;121r,7,0,3,infeasible,,,1,17,17
E04716,010r;020r;121r,7,1,0,infeasible,,,1,17,17
E04717,010r;020r;121r,7,1,1,infeasible,,,1,17,17
E04718,010r;020r;121r,7,1,2,infeasible,,,1,17,17
E04719,010r;020r;121r,7,1,3,infeasible,,,1,17,17
E04720,010r;020r;121e,0,0,0,infeasible,,,1,14,15
E04721,010r;020r;121e,0,1,0,infeasible,,,1,14,15
E04722,010r;020r;121e,1,0,0,optimal,1,0,1,15,16
E04723,010r;020r;121e,1,0,1,infeasible,,,1,15,16
E04724,010r;020r;121e,1,1,0,infeasible,,,1,15,16
E04725,010r;020r;121e,1,1,1,infeasible,,,1,15,16
E04726,010r;020r;121e,2,0,0,infeasible,,,1,15,16
E04727,010r;020r;121e,2,0,1,infeasible,,,1,15,16
E04728,010r;020r;121e,2,1,0,infeasible,,,1,15,16
E04729,010r;020r;121e,2,1,1,infeasible,,,1,15,16
E04730,010r;020r;121e,3,0,0,optimal,1,0,1,16,17
E04731,010r;020r;121e,3,0,1,infeasible,,,1,16,17
E04732,010r;020r;121e,3,0,2,infeasible,,,1,16,17
E04733,010r;020r;121e,3,1,0,infeasible,,,1,16,17
E04734,010r;020r;121e,3,1,1,infeasible,,,1,16,17
E04735,010r;020r;121e,3,1,2,infeasible,,,1,16,17
E04736,010r;020r;121e,4,0,0,infeasible,,,1,15,16
E04737,010r;020r;121e,4,0,1,infeasible,,,1,15,16
E04738,010r;020r;121e,4,1,0,infeasible,,,1,15,16
E04739,010r;020r;121e,4,1,1,infeasible,,,1,15,16
E04740,010r;020r;121e,5,0,0,optimal,1,0,1,16,17
E04741,010r;020r;121e,5,0,1,infeasible,,,1,16,17
E04742,010r;020r;121e,5,0,2,infeasible,,,1,16,17
E04743,010r;020r;121e,5,1,0,infeasible,,,1,16,17
E04744,010r;020r;121e,5,1,1,infeasible,,,1,16,17
E04745,010r;020r;121e,5,1,2,infeasible,,,1,16,17
E04746,010r;020r;121e,6,0,0,infeasible,,,1,16,17
E04747,010r;020r;121e,6,0,1,infeasible,,,1,16,17
E04748,010r;020r;121e,6,0,2,infeasible,,,1,16,17
E04749,010r;020r;121e,6,1,0,infeasible,,,1,16,17
E04750,010r;020r;121e,6,1,1,infeasible,,,1,16,17
E04751,010r;020r;121e,6,1,2,infeasible,,,1,16,17
E04752,010r;020r;121e,7,0,0,optimal,1,0,1,17,18
E04753,010r;020r;121e,7,0,1,infeasible,,,1,17,18
E04754,010r;020r;121e,7,0,2,infeasible,,,1,17,18
E04755,010r;020r;121e,7,0,3,infeasible,,,1,17,18
E04756,010r;020r;121e,7,1,0,infeasible,,,1,17,18
E04757,010r;020r;121e,7,1,1,infeasible,,,1,17,18
E04758,010r;020r;121e,7,1,2,infeasible,,,1,17,18
E04759,010r;020r;121e,7,1,3,infeasible,,,1,17,18
E04760,010r;020e,0,0,0,infeasible,,,2,14,14
E04761,010r;020e,0,1,0,infeasible,,,1,14,14
E04762,010r;020e,1,0,0,optimal,1,0,2,15,15
E04763,010r;020e,1,0,1,infeasible,,,2,15,15
E04764,010r;020e,1,1,0,infeasible,,,1,15,15
E04765,010r;020e,1,1,1,infeasible,,,1,15,15
E04766,010r;020e,2,0,0,infeasible,,,2,15,15
E04767,010r;020e,2,0,1,infeasible,,,2,15,15
E04768,010r;020e,2,1,0,infeasible,,,1,15,15
E04769,010r;020e,2,1,1,infeasible,,,1,15,15
E04770,010r;020e,3,0,0,optimal,1,0,2,16,16
E04771,010r;020e,3,0,1,infeasible,,,2,16,16
E04772,010r;020e,3,0,2,infeasible,,,2,16,16
E04773,010r;020e,3,1,0,infeasible,,,1,16,16
E04774,010r;020e,3,1,1,infeasible,,,1,16,16
E04775,010r;020e,3,1,2,infeasible,,,1,16,16
E04776,010r;020e,4,0,0,infeasible,,,2,15,15
E04777,010r;020e,4,0,1,infeasible,,,2,15,15
E04778,010r;020e,4,1,0,infeasible,,,1,15,15
E04779,010r;020e,4,1,1,infeasible,,,1,15,15
E04780,010r;020e,5,0,0,optimal,1,0,2,16,16
E04781,010r;020e,5,0,1,infeasible,,,2,16,16
E04782,010r;020e,5,0,2,infeasible,,,2,16,16
E04783,010r;020e,5,1,0,infeasible,,,1,16,16
E04784,010r;020e,5,1,1,infeasible,,,1,16,16
E04785,010r;020e,5,1,2,infeasible,,,1,16,16
E04786,010r;020e,6,0,0,infeasible,,,2,16,16
E04787,010r;020e,6,0,1,infeasible,,,2,16,16
E04788,010r;020e,6,0,2,infeasible,,,2,16,16
E04789,010r;020e,6,1,0,infeasible,,,1,16,16
E04790,010r;020e,6,1,1,infeasible,,,1,16,16
E04791,010r;020e,6,1,2,infeasible,,,1,16,16
E04792,010r;020e,7,0,0,optimal,1,0,2,17,17
E04793,010r;020e,7,0,1,infeasible,,,2,17,17
E04794,010r;020e,7,0,2,infeasible,,,2,17,17
E04795,010r;020e,7,0,3,infeasible,,,2,17,17
E04796,010r;020e,7,1,0,infeasible,,,1,17,17
E04797,010r;020e,7,1,1,infeasible,,,1,17,17
E04798,010r;020e,7,1,2,infeasible,,,1,17,17
E04799,010r;020e,7,1,3,infeasible,,,1,17,17
E04800,010r;020e;120k,0,0,0,infeasible,,,3,14,16
E04801,010r;020e;120k,0,1,0,infeasible,,,2,14,16
E04802,010r;020e;120k,1,0,0,optimal,1,0,3,15,17
E04803,010r;020e;120k,1,0,1,infeasible,,,3,15,17
E04804,010r;020e;120k,1,1,0,infeasible,,,2,15,17
E04805,010r;020e;120k,1,1,1,infeasible,,,2,15,17
E04806,010r;020e;120k,2,0,0,infeasible,,,3,15,17
E04807,010r;020e;120k,2,0,1,infeasible,,,3,15,17
E04808,010r;020e;120k,2,1,0,infeasible,,,2,15,17
E04809,010r;020e;120k,2,1,1,infeasible,,,2,15,17
E04810,010r;020e;120k,3,0,0,optimal,1,0,3,16,18
E04811,010r;020e;120k,3,0,1,infeasible,,,3,16,18
E04812,010r;020e;120k,3,0,2,infeasible,,,3,16,18
E04813,010r;020e;120k,3,1,0,infeasible,,,2,16,18
E04814,010r;020e;120k,3,1,1,infeasible,,,2,16,18
E04815,010r;020e;120k,3,1,2,infeasible,,,2,16,18
E04816,010r;020e;120k,4,0,0,infeasible,,,3,15,17
E04817,010r;020e;120k,4,0,1,infeasible,,,3,15,17
E04818,010r;020e;120k,4,1,0,infeasible,,,2,15,17
E04819,010r;020e;120k,4,1,1,infeasible,,,2,15,17
E04820,010r;020e;120k,5,0,0,optimal,1,0,3,16,18
E04821,010r;020e;120k,5,0,1,infeasible,,,3,16,18
E04822,010r;020e;120k,5,0,2,infeasible,,,3,16,18
E04823,010r;020e;120k,5,1,0,infeasible,,,2,16,18
E04824,010r;020e;120k,5,1,1,infeasible,,,2,16,18
E04825,010r;020e;120k,5,1,2,infeasible,,,2,16,18
E04826,010r;020e;120k,6,0,0,infeasible,,,3,16,18
E04827,010r;020e;120k,6,0,1,infeasible,,,3,16,18
E04828,010r;020e;120k,6,0,2,infeasible,,,3,16,18
E04829,010r;020e;120k,6,1,0,infeasible,,,2,16,18
E04830,010r;020e;120k,6,1,1,infeasible,,,2,16,18
E04831,010r;020e;120k,6,1,2,infeasible,,,2,16,18
E04832,010r;020e;120k,7,0,0,optimal,1,0,3,17,19
E04833,010r;020e;120k,7,0,1,infeasible,,,3,17,19
E04834,010r;020e;120k,7,0,2,infeasible,,,3,17,19
E04835,010r;020e;120k,7,0,3,infeasible,,,3,17,19
E04836,010r;020e;120k,7,1,0,infeasible,,,2,17,19
E04837,010r;020e;120k,7,1,1,infeasible,,,2,17,19
E04838,010r;020e;120k,7,1,2,infeasible,,,2,17,19
E04839,010r;020e;120k,7,1,3,infeasible,,,2,17,19
E04840,010r;020e;120r,0,0,0,infeasible,,,3,14,16
E04841,010r;020e;120r,0,1,0,infeasible,,,2,14,16
E04842,010r;020e;120r,1,0,0,optimal,1,0,3,15,17
E04843,010r;020e;120r,1,0,1,infeasible,,,3,15,17
E04844,010r;020e;120r,1,1,0,infeasible,,,2,15,17
E04845,010r;020e;120r,1,1,1,infeasible,,,2,15,17
E04846,010r;020e;120r,2,0,0,infeasible,,,3,15,17
E04847,010r;020e;120r,2,0,1,infeasible,,,3,15,17
E04848,010r;020e;120r,2,1,0,infeasible,,,2,15,17
E04849,010r;020e;120r,2,1,1,infeasible,,,2,15,17
E04850,010r;020e;120r,3,0,0,optimal,1,0,3,16,18
E04851,010r;020e;120r,3,0,1,infeasible,,,3,16,18
E04852,010r;020e;120r,3,0,2,infeasible,,,3,16,18
E04853,010r;020e;120r,3,1,0,infeasible,,,2,16,18
E04854,010r;020e;120r,3,1,1,infeasible,,,2,16,18
E04855,010r;020e;120r,3,1,2,infeasible,,,2,16,18
E04856,010r;020e;120r,4,0,0,infeasible,,,3,15,17
E04857,010r;020e;120r,4,0,1,infeasible,,,3,15,17
E04858,010r;020e;120r,4,1,0,infeasible,,,2,15,17
E04859,010r;020e;120r,4,1,1,infeasible,,,2,15,17
E04860,010r;020e;120r,5,0,0,optimal,1,0,3,16,18
E04861,010r;020e;120r,5,0,1,infeasible,,,3,16,18
E04862,010r;020e;120r,5,0,2,infeasible,,,3,16,18
E04863,010r;020e;120r,5,1,0,infeasible,,,2,16,18
E04864,010r;020e;120r,5,1,1,infeasible,,,2,16,18
E04865,010r;020e;120r,5,1,2,infeasible,,,2,16,18
E04866,010r;020e;120r,6,0,0,infeasible,,,3,16,18
E04867,010r;020e;120r,6,0,1,infeasible,,,3,16,18
E04868,010r;020e;120r,6,0,2,infeasible,,,3,16,18
E04869,010r;020e;120r,6,1,0,infeasible,,,2,16,18
E04870,010r;020e;120r,6,1,1,infeasible,,,2,16,18
E04871,010r;020e;120r,6,1,2,infeasible,,,2,16,18
E04872,010r;020e;120r,7,0,0,optimal,1,0,3,17,19
E04873,010r;020e;120r,7,0,1,infeasible,,,3,17,19
E04874,010r;020e;120r,7,0,2,infeasible,,,3,17,19
E04875,010r;020e;120r,7,0,3,infeasible,,,3,17,19
E04876,010r;020e;120r,7,1,0,infeasible,,,2,17,19
E04877,010r;020e;120r,7,1,1,infeasible,,,2,17,19
E04878,010r;020e;120r,7,1,2,infeasible,,,2,17,19
E04879,010r;020e;120r,7,1,3,infeasible,,,2,17,19
E04880,010r;020e;120e,0,0,0,infeasible,,,3,14,17
E04881,010r;020e;120e,0,1,0,infeasible,,,2,14,17
E04882,010r;020e;120e,1,0,0,optimal,1,0,3,15,18
E04883,010r;020e;120e,1,0,1,infeasible,,,3,15,18
E04884,010r;020e;120e,1,1,0,infeasible,,,2,15,18
E04885,010r;020e;120e,1,1,1,infeasible,,,2,15,18
E04886,010r;020e;120e,2,0,0,infeasible,,,3,15,18
E04887,010r;020e;120e,2,0,1,infeasible,,,3,15,18
E04888,010r;020e;120e,2,1,0,infeasible,,,2,15,18
E04889,010r;020e;120e,2,1,1,infeasible,,,2,15,18
E04890,010r;020e;120e,3,0,0,optimal,1,0,3,16,19
E04891,010r;020e;120e,3,0,1,infeasible,,,3,16,19
E04892,010r;020e;120e,3,0,2,infeasible,,,3,16,19
E04893,010r;020e;120e,3,1,0,infeasible,,,2,16,19
E04894,010r;020e;120e,3,1,1,infeasible,,,2,16,19
E04895,010r;020e;120e,3,1,2,infeasible,,,2,16,19
E04896,010r;020e;120e,4,0,0,infeasible,,,3,15,18
E04897,010r;020e;120e,4,0,1,infeasible,,,3,15,18
E04898,010r;020e;120e,4,1,0,infeasible,,,2,15,18
E04899,010r;020e;120e,4,1,1,infeasible,,,2,15,18
E04900,010r;020e;120e,5,0,0,optimal,1,0,3,16,19
E04901,010r;020e;120e,5,0,1,infeasible,,,3,16,19
E04902,010r;020e;120e,5,0,2,infeasible,,,3,16,19
E04903,010r;020e;120e,5,1,0,infeasible,,,2,16,19
E04904,010r;020e;120e,5,1,1,infeasible,,,2,16,19
E04905,010r;020e;120e,5,1,2,infeasible,,,2,16,19
E04906,010r;020e;120e,6,0,0,infeasible,,,3,16,19
E04907,010r;020e;120e,6,0,1,infeasible,,,3,16,19
E04908,010r;020e;120e,6,0,2,infeasible,,,3,16,19
E04909,010r;020e;120e,6,1,0,infeasible,,,2,16,19
E04910,010r;020e;120e,6,1,1,infeasible,,,2,16,19
E04911,010r;020e;120e,6,1,2,infeasible,,,2,16,19
E04912,010r;020e;120e,7,0,0,optimal,1,0,3,17,20
E04913,010r;020e;120e,7,0,1,infeasible,,,3,17,20
E04914,010r;020e;120e,7,0,2,infeasible,,,3,17,20
E04915,010r;020e;120e,7,0,3,infeasible,,,3,17,20
E04916,010r;020e;120e,7,1,0,infeasible,,,2,17,20
E04917,010r;020e;120e,7,1,1,infeasible,,,2,17,20
E04918,010r;020e;120e,7,1,2,infeasible,,,2,17,20
E04919,010r;020e;120e,7,1,3,infeasible,,,2,17,20
E04920,010r;020e;121k,0,0,0,infeasible,,,2,14,15
E04921,010r;020e;121k,0,1,0,infeasible,,,1,14,15
E04922,010r;020e;121k,1,0,0,optimal,1,0,2,15,16
E04923,010r;020e;121k,1,0,1,infeasible,,,2,15,16
E04924,010r;020e;121k,1,1,0,infeasible,,,1,15,16
E04925,010r;020e;121k,1,1,1,infeasible,,,1,15,16
E04926,010r;020e;121k,2,0,0,infeasible,,,2,15,16
E04927,010r;020e;121k,2,0,1,infeasible,,,2,15,16
E04928,010r;020e;121k,2,1,0,infeasible,,,1,15,16
E04929,010r;020e;121k,2,1,1,infeasible,,,1,15,16
E04930,010r;020e;121k,3,0,0,optimal,1,0,2,16,17
E04931,010r;020e;121k,3,0,1,infeasible,,,2,16,17
E04932,010r;020e;121k,3,0,2,infeasible,,,2,16,17
E04933,010r;020e;121k,3,1,0,infeasible,,,1,16,17
E04934,010r;020e;121k,3,1,1,infeasible,,,1,16,17
E04935,010r;020e;121k,3,1,2,infeasible,,,1,16,17
E04936,010r;020e;121k,4,0,0,infeasible,,,2,15,16
E04937,010r;020e;121k,4,0,1,infeasible,,,2,15,16
E04938,010r;020e;121k,4,1,0,infeasible,,,1,15,16
E04939,010r;020e;121k,4,1,1,infeasible,,,1,15,16
E04940,010r;020e;121k,5,0,0,optimal,1,0,2,16,17
E04941,010r;020e;121k,5,0,1,infeasible,,,2,16,17
E04942,010r;020e;121k,5,0,2,infeasible,,,2,16,17
E04943,010r;020e;121k,5,1,0,infeasible,,,1,16,17
E04944,010r;020e;121k,5,1,1,infeasible,,,1,16,17
E04945,010r;020e;121k,5,1,2,infeasible,,,1,16,17
E04946,010r;020e;121k,6,0,0,infeasible,,,2,16,17
E04947,010r;020e;121k,6,0,1,infeasible,,,2,16,17
E04948,010r;020e;121k,6,0,2,infeasible,,,2,16,17
E04949,010r;020e;121k,6,1,0,infeasible,,,1,16,17
E04950,010r;020e;121k,6,1,1,infeasible,,,1,16,17
E04951,010r;020e;121k,6,1,2,infeasible,,,1,16,17
E04952,010r;020e;121k,7,0,0,optimal,1,0,2,17,18
E04953,010r;020e;121k,7,0,1,infeasible,,,2,17,18
E04954,010r;020e;121k,7,0,2,infeasible,,,2,17,18
E04955,010r;020e;121k,7,0,3,infeasible,,,2,17,18
E04956,010r;020e;121k,7,1,0,infeasible,,,1,17,18
E04957,010r;020e;121k,7,1,1,infeasible,,,1,17,18
E04958,010r;020e;121k,7,1,2,infeasible,,,1,17,18
E04959,010r;020e;121k,7,1,3,infeasible,,,1,17,18
E04960,010r;020e;121r,0,0,0,infeasible,,,2,14,15
E04961,010r;020e;121r,0,1,0,infeasible,,,1,14,15
E04962,010r;020e;121r,1,0,0,optimal,1,0,2,15,16
E04963,010r;020e;121r,1,0,1,infeasible,,,2,15,16
E04964,010r;020e;121r,1,1,0,infeasible,,,1,15,16
E04965,010r;020e;121r,1,1,1,infeasible,,,1,15,16
E04966,010r;020e;121r,2,0,0,infeasible,,,2,15,16
E04967,010r;020e;121r,2,0,1,infeasible,,,2,15,16
E04968,010r;020e;121r,2,1,0,infeasible,,,1,15,16
E04969,010r;020e;121r,2,1,1,infeasible,,,1,15,16
E04970,010r;020e;121r,3,0,0,optimal,1,0,2,16,17
E04971,010r;020e;121r,3,0,1,infeasible,,,2,16,17
E04972,010r;020e;121r,3,0,2,infeasible,,,2,16,17
E04973,010r;020e;121r,3,1,0,infeasible,,,1,16,17
E04974,010r;020e;121r,3,1,1,infeasible,,,1,16,17
E04975,010r;020e;121r,3,1,2,infeasible,,,1,16,17
E04976,010r;020e;121r,4,0,0,infeasible,,,2,15,16
E04977,010r;020e;121r,4,0,1,infeasible,,,2,15,16
E04978,010r;020e;121r,4,1,0,infeasible,,,1,15,16
E04979,010r;020e;121r,4,1,1,infeasible,,,1,15,16
E04980,010r;020e;121r,5,0,0,optimal,1,0,2,16,17
E04981,010r;020e;121r,5,0,1,infeasible,,,2,16,17
E04982,010r;020e;121r,5,0,2,infeasible,,,2,16,17
E04983,010r;020e;121r,5,1,0,infeasible,,,1,16,17
E04984,010r;020e;121r,5,1,1,infeasible,,,1,16,17
E04985,010r;020e;121r,5,1,2,infeasible,,,1,16,17
E04986,010r;020e;121r,6,0,0,infeasible,,,2,16,17
E04987,010r;020e;121r,6,0,1,infeasible,,,2,16,17
E04988,010r;020e;121r,6,0,2,infeasible,,,2,16,17
E04989,010r;020e;121r,6,1,0,infeasible,,,1,16,17
E04990,010r;020e;121r,6,1,1,infeasible,,,1,16,17
E04991,010r;020e;121r,6,1,2,infeasible,,,1,16,17
E04992,010r;020e;121r,7,0,0,optimal,1,0,2,17,18
E04993,010r;020e;121r,7,0,1,infeasible,,,2,17,18
E04994,010r;020e;121r,7,0,2,infeasible,,,2,17,18
E04995,010r;020e;121r,7,0,3,infeasible,,,2,17,18
E04996,010r;020e;121r,7,1,0,infeasible,,,1,17,18
E04997,010r;020e;121r,7,1,1,infeasible,,,1,17,18
E04998,010r;020e;121r,7,1,2,infeasible,,,1,17,18
E04999,010r;020e;121r,7,1,3,infeasible,,,1,17,18
E05000,010r;020e;121e,0,0,0,infeasible,,,2,14,16
E05001,010r;020e;121e,0,1,0,infeasible,,,1,14,16
E05002,010r;020e;121e,1,0,0,optimal,1,0,2,15,17
E05003,010r;020e;121e,1,0,1,infeasible,,,2,15,17
E05004,010r;020e;121e,1,1,0,infeasible,,,1,15,17
E05005,010r;020e;121e,1,1,1,infeasible,,,1,15,17
E05006,010r;020e;121e,2,0,0,infeasible,,,2,15,17
E05007,010r;020e;121e,2,0,1,infeasible,,,2,15,17
E05008,010r;020e;121e,2,1,0,infeasible,,,1,15,17
E05009,010r;020e;121e,2,1,1,infeasible,,,1,15,17
E05010,010r;020e;121e,3,0,0,optimal,1,0,2,16,18
E05011,010r;020e;121e,3,0,1,infeasible,,,2,16,18
E05012,010r;020e;121e,3,0,2,infeasible,,,2,16,18
E05013,010r;020e;121e,3,1,0,infeasible,,,1,16,18
E05014,010r;020e;121e,3,1,1,infeasible,,,1,16,18
E05015,010r;020e;121e,3,1,2,infeasible,,,1,16,18
E05016,010r;020e;121e,4,0,0,infeasible,,,2,15,17
E05017,010r;020e;121e,4,0,1,infeasible,,,2,15,17
E05018,010r;020e;121e,4,1,0,infeasible,,,1,15,17
E05019,010r;020e;121e,4,1,1,infeasible,,,1,15,17
E05020,010r;020e;121e,5,0,0,optimal,1,0,2,16,18
E05021,010r;020e;121e,5,0,1,infeasible,,,2,16,18
E05022,010r;020e;121e,5,0,2,infeasible,,,2,16,18
E05023,010r;020e;121e,5,1,0,infeasible,,,1,16,18
E05024,010r;020e;121e,5,1,1,infeasible,,,1,16,18
E05025,010r;020e;121e,5,1,2,infeasible,,,1,16,18
E05026,010r;020e;121e,6,0,0,infeasible,,,2,16,18
E05027,010r;020e;121e,6,0,1,infeasible,,,2,16,18
E05028,010r;020e;121e,6,0,2,infeasible,,,2,16,18
E05029,010r;020e;121e,6,1,0,infeasible,,,1,16,18
E05030,010r;020e;121e,6,1,1,infeasible,,,1,16,18
E05031,010r;020e;121e,6,1,2,infeasible,,,1,16,18
E05032,010r;020e;121e,7,0,0,optimal,1,0,2,17,19
E05033,010r;020e;121e,7,0,1,infeasible,,,2,17,19
E05034,010r;020e;121e,7,0,2,infeasible,,,2,17,19
E05035,010r;020e;121e,7,0,3,infeasible,,,2,17,19
E05036,010r;020e;121e,7,1,0,infeasible,,,1,17,19
E05037,010r;020e;121e,7,1,1,infeasible,,,1,17,19
E05038,010r;020e;121e,7,1,2,infeasible,,,1,17,19
E05039,010r;020e;121e,7,1,3,infeasible,,,1,17,19
E05040,010r;021k,0,0,0,infeasible,,,1,14,12
E05041,010r;021k,0,1,0,vacuous,0,,0,14,12
E05042,010r;021k,1,0,0,optimal,1,0,1,15,13
E05043,010r;021k,1,0,1,infeasible,,,1,15,13
E05044,010r;021k,1,1,0,vacuous,0,,0,15,13
E05045,010r;021k,1,1,1,vacuous,0,,0,15,13
E05046,010r;021k,2,0,0,infeasible,,,1,15,13
E05047,010r;021k,2,0,1,infeasible,,,1,15,13
E05048,010r;021k,2,1,0,vacuous,0,,0,15,13
E05049,010r;021k,2,1,1,vacuous,0,,0,15,13
E05050,010r;021k,3,0,0,optimal,1,0,1,16,14
E05051,010r;021k,3,0,1,infeasible,,,1,16,14
E05052,010r;021k,3,0,2,infeasible,,,1,16,14
E05053,010r;021k,3,1,0,vacuous,0,,0,16,14
E05054,010r;021k,3,1,1,vacuous,0,,0,16,14
E05055,010r;021k,3,1,2,vacuous,0,,0,16,14
E05056,010r;021k,4,0,0,optimal,3,0,1,15,13
E05057,010r;021k,4,0,1,infeasible,,,1,15,13
E05058,010r;021k,4,1,0,vacuous,0,,0,15,13
E05059,010r;021k,4,1,1,vacuous,0,,0,15,13
E05060,010r;021k,5,0,0,optimal,1,0,1,16,14
E05061,010r;021k,5,0,1,optimal,4,0;1,1,16,14
E05062,010r;021k,5,0,2,infeasible,,,1,16,14
E05063,010r;021k,5,1,0,vacuous,0,,0,16,14
E05064,010r;021k,5,1,1,vacuous,0,,0,16,14
E05065,010r;021k,5,1,2,vacuous,0,,0,16,14
E05066,010r;021k,6,0,0,optimal,3,1,1,16,14
E05067,010r;021k,6,0,1,infeasible,,,1,16,14
E05068,010r;021k,6,0,2,infeasible,,,1,16,14
E05069,010r;021k,6,1,0,vacuous,0,,0,16,14
E05070,010r;021k,6,1,1,vacuous,0,,0,16,14
E05071,010r;021k,6,1,2,vacuous,0,,0,16,14
E05072,010r;021k,7,0,0,optimal,1,0,1,17,15
E05073,010r;021k,7,0,1,optimal,4,0;2,1,17,15
E05074,010r;021k,7,0,2,infeasible,,,1,17,15
E05075,010r;021k,7,0,3,infeasible,,,1,17,15
E05076,010r;021k,7,1,0,vacuous,0,,0,17,15
E05077,010r;021k,7,1,1,vacuous,0,,0,17,15
E05078,010r;021k,7,1,2,vacuous,0,,0,17,15
E05079,010r;021k,7,1,3,vacuous,0,,0,17,15
E05080,010r;021k;120k,0,0,0,infeasible,,,2,14,14
E05081,010r;021k;120k,0,1,0,infeasible,,,1,14,14
E05082,010r;021k;120k,1,0,0,optimal,1,0,2,15,15
E05083,010r;021k;120k,1,0,1,infeasible,,,2,15,15
E05084,010r;021k;120k,1,1,0,infeasible,,,1,15,15
E05085,010r;021k;120k,1,1,1,infeasible,,,1,15,15
E05086,010r;021k;120k,2,0,0,infeasible,,,2,15,15
E05087,010r;021k;120k,2,0,1,infeasible,,,2,15,15
E05088,010r;021k;120k,2,1,0,infeasible,,,1,15,15
E05089,010r;021k;120k,2,1,1,infeasible,,,1,15,15
E05090,010r;021k;120k,3,0,0,optimal,1,0,2,16,16
E05091,010r;021k;120k,3,0,1,infeasible,,,2,16,16
E05092,010r;021k;120k,3,0,2,infeasible,,,2,16,16
E05093,010r;021k;120k,3,1,0,infeasible,,,1,16,16
E05094,010r;021k;120k,3,1,1,infeasible,,,1,16,16
E05095,010r;021k;120k,3,1,2,infeasible,,,1,16,16
E05096,010r;021k;120k,4,0,0,infeasible,,,2,15,15
E05097,010r;021k;120k,4,0,1,infeasible,,,2,15,15
E05098,010r;021k;120k,4,1,0,infeasible,,,1,15,15
E05099,010r;021k;120k,4,1,1,infeasible,,,1,15,15
E05100,010r;021k;120k,5,0,0,optimal,1,0,2,16,16
E05101,010r;021k;120k,5,0,1,infeasible,,,2,16,16
E05102,010r;021k;120k,5,0,2,infeasible,,,2,16,16
E05103,010r;021k;120k,5,1,0,infeasible,,,1,16,16
E05104,010r;021k;120k,5,1,1,infeasible,,,1,16,16
E05105,010r;021k;120k,5,1,2,infeasible,,,1,16,16
E05106,010r;021k;120k,6,0,0,infeasible,,,2,16,16
E05107,010r;021k;120k,6,0,1,infeasible,,,2,16,16
E05108,010r;021k;120k,6,0,2,infeasible,,,2,16,16
E05109,010r;021k;120k,6,1,0,infeasible,,,1,16,16
E05110,010r;021k;120k,6,1,1,infeasible,,,1,16,16
E05111,010r;021k;120k,6,1,2,infeasible,,,1,16,16
E05112,010r;021k;120k,7,0,0,optimal,1,0,2,17,17
E05113,010r;021k;120k,7,0,1,infeasible,,,2,17,17
E05114,010r;021k;120k,7,0,2,infeasible,,,2,17,17
E05115,010r;021k;120k,7,0,3,infeasible,,,2,17,17
E05116,010r;021k;120k,7,1,0,infeasible,,,1,17,17
E05117,010r;021k;120k,7,1,1,infeasible,,,1,17,17
E05118,010r;021k;120k,7,1,2,infeasible,,,1,17,17
E05119,010r;021k;120k,7,1,3,infeasible,,,1,17,17
E05120,010r;021k;120r,0,0,0,infeasible,,,2,14,14
E05121,010r;021k;120r,0,1,0,infeasible,,,1,14,14
E05122,010r;021k;120r,1,0,0,optimal,1,0,2,15,15
E05123,010r;021k;120r,1,0,1,infeasible,,,2,15,15
E05124,010r;021k;120r,1,1,0,infeasible,,,1,15,15
E05125,010r;021k;120r,1,1,1,infeasible,,,1,15,15
E05126,010r;021k;120r,2,0,0,infeasible,,,2,15,15
E05127,010r;021k;120r,2,0,1,infeasible,,,2,15,15
E05128,010r;021k;120r,2,1,0,infeasible,,,1,15,15
E05129,010r;021k;120r,2,1,1,infeasible,,,1,15,15
E05130,010r;021k;120r,3,0,0,optimal,1,0,2,16,16
E05131,010r;021k;120r,3,0,1,infeasible,,,2,16,16
E05132,010r;021k;120r,3,0,2,infeasible,,,2,16,16
E05133,010r;021k;120r,3,1,0,infeasible,,,1,16,16
E05134,010r;021k;120r,3,1,1,infeasible,,,1,16,16
E05135,010r;021k;120r,3,1,2,infeasible,,,1,16,16
E05136,010r;021k;120r,4,0,0,infeasible,,,2,15,15
E05137,010r;021k;120r,4,0,1,infeasible,,,2,15,15
E05138,010r;021k;120r,4,1,0,infeasible,,,1,15,15
E05139,010r;021k;120r,4,1,1,infeasible,,,1,15,15
E05140,010r;021k;120r,5,0,0,optimal,1,0,2,16,16
E05141,010r;021k;120r,5,0,1,infeasible,,,2,16,16
E05142,010r;021k;120r,5,0,2,infeasible,,,2,16,16
E05143,010r;021k;120r,5,1,0,infeasible,,,1,16,16
E05144,010r;021k;120r,5,1,1,infeasible,,,1,16,16
E05145,010r;021k;120r,5,1,2,infeasible,,,1,16,16
E05146,010r;021k;120r,6,0,0,infeasible,,,2,16,16
E05147,010r;021k;120r,6,0,1,infeasible,,,2,16,16
E05148,010r;021k;120r,6,0,2,infeasible,,,2,16,16
E05149,010r;021k;120r,6,1,0,infeasible,,,1,16,16
E05150,010r;021k;120r,6,1,1,infeasible,,,1,16,16
E05151,010r;021k;120r,6,1,2,infeasible,,,1,16,16
E05152,010r;021k;120r,7,0,0,optimal,1,0,2,17,17
E05153,010r;021k;120r,7,0,1,infeasible,,,2,17,17
E05154,010r;021k;120r,7,0,2,infeasible,,,2,17,17
E05155,010r;021k;120r,7,0,3,infeasible,,,2,17,17
E05156,010r;021k;120r,7,1,0,infeasible,,,1,17,17
E05157,010r;021k;120r,7,1,1,infeasible,,,1,17,17
E05158,010r;021k;120r,7,1,2,infeasible,,,1,17,17
E05159,010r;021k;120r,7,1,3,infeasible,,,1,17,17
E05160,010r;021k;120e,0,0,0,infeasible,,,2,14,15
E05161,010r;021k;120e,0,1,0,infeasible,,,1,14,15
E05162,010r;021k;120e,1,0,0,optimal,1,0,2,15,16
E05163,010r;021k;120e,1,0,1,infeasible,,,2,15,16
E05164,010r;021k;120e,1,1,0,infeasible,,,1,15,16
E05165,010r;021k;120e,1,1,1,infeasible,,,1,15,16
E05166,010r;021k;120e,2,0,0,infeasible,,,2,15,16
E05167,010r;021k;120e,2,0,1,infeasible,,,2,15,16
E05168,010r;021k;120e,2,1,0,infeasible,,,1,15,16
E05169,010r;021k;120e,2,1,1,infeasible,,,1,15,16
E05170,010r;021k;120e,3,0,0,optimal,1,0,2,16,17
E05171,010r;021k;120e,3,0,1,infeasible,,,2,16,17
E05172,010r;021k;120e,3,0,2,infeasible,,,2,16,17
E05173,010r;021k;120e,3,1,0,infeasible,,,1,16,17
E05174,010r;021k;120e,3,1,1,infeasible,,,1,16,17
E05175,010r;021k;120e,3,1,2,infeasible,,,1,16,17
E05176,010r;021k;120e,4,0,0,infeasible,,,2,15,16
E05177,010r;021k;120e,4,0,1,infeasible,,,2,15,16
E05178,010r;021k;120e,4,1,0,infeasible,,,1,15,16
E05179,010r;021k;120e,4,1,1,infeasible,,,1,15,16
E05180,010r;021k;120e,5,0,0,optimal,1,0,2,16,17
E05181,010r;021k;120e,5,0,1,infeasible,,,2,16,17
E05182,010r;021k;120e,5,0,2,infeasible,,,2,16,17
E05183,010r;021k;120e,5,1,0,infeasible,,,1,16,17
E05184,010r;021k;120e,5,1,1,infeasible,,,1,16,17
E05185,010r;021k;120e,5,1,2,infeasible,,,1,16,17
E05186,010r;021k;120e,6,0,0,infeasible,,,2,16,17
E05187,010r;021k;120e,6,0,1,infeasible,,,2,16,17
E05188,010r;021k;120e,6,0,2,infeasible,,,2,16,17
E05189,010r;021k;120e,6,1,0,infeasible,,,1,16,17
E05190,010r;021k;120e,6,1,1,infeasible,,,1,16,17
E05191,010r;021k;120e,6,1,2,infeasible,,,1,16,17
E05192,010r;021k;120e,7,0,0,optimal,1,0,2,17,18
E05193,010r;021k;120e,7,0,1,infeasible,,,2,17,18
E05194,010r;021k;120e,7,0,2,infeasible,,,2,17,18
E05195,010r;021k;120e,7,0,3,infeasible,,,2,17,18
E05196,010r;021k;120e,7,1,0,infeasible,,,1,17,18
E05197,010r;021k;120e,7,1,1,infeasible,,,1,17,18
E05198,010r;021k;120e,7,1,2,infeasible,,,1,17,18
E05199,010r;021k;120e,7,1,3,infeasible,,,1,17,18
E05200,010r;021k;121k,0,0,0,infeasible,,,1,14,13
E05201,010r;021k;121k,0,1,0,vacuous,0,,0,14,13
E05202,010r;021k;121k,1,0,0,optimal,1,0,1,15,14
E05203,010r;021k;121k,1,0,1,infeasible,,,1,15,14
E05204,010r;021k;121k,1,1,0,vacuous,0,,0,15,14
E05205,010r;021k;121k,1,1,1,vacuous,0,,0,15,14
E05206,010r;021k;121k,2,0,0,infeasible,,,1,15,14
E05207,010r;021k;121k,2,0,1,infeasible,,,1,15,14
E05208,010r;021k;121k,2,1,0,vacuous,0,,0,15,14
E05209,010r;021k;121k,2,1,1,vacuous,0,,0,15,14
E05210,010r;021k;121k,3,0,0,optimal,1,0,1,16,15
E05211,010r;021k;121k,3,0,1,infeasible,,,1,16,15
E05212,010r;021k;121k,3,0,2,infeasible,,,1,16,15
E05213,010r;021k;121k,3,1,0,vacuous,0,,0,16,15
E05214,010r;021k;121k,3,1,1,vacuous,0,,0,16,15
E05215,010r;021k;121k,3,1,2,vacuous,0,,0,16,15
E05216,010r;021k;121k,4,0,0,optimal,3,0,1,15,14
E05217,010r;021k;121k,4,0,1,infeasible,,,1,15,14
E05218,010r;021k;121k,4,1,0,vacuous,0,,0,15,14
E05219,010r;021k;121k,4,1,1,vacuous,0,,0,15,14
E05220,010r;021k;121k,5,0,0,optimal,1,0,1,16,15
E05221,010r;021k;121k,5,0,1,optimal,4,0;1,1,16,15
E05222,010r;021k;121k,5,0,2,infeasible,,,1,16,15
E05223,010r;021k;121k,5,1,0,vacuous,0,,0,16,15
E05224,010r;021k;121k,5,1,1,vacuous,0,,0,16,15
E05225,010r;021k;121k,5,1,2,vacuous,0,,0,16,15
E05226,010r;021k;121k,6,0,0,optimal,3,1,1,16,15
E05227,010r;021k;121k,6,0,1,infeasible,,,1,16,15
E05228,010r;021k;121k,6,0,2,infeasible,,,1,16,15
E05229,010r;021k;121k,6,1,0,vacuous,0,,0,16,15
E05230,010r;021k;121k,6,1,1,vacuous,0,,0,16,15
E05231,010r;021k;121k,6,1,2,vacuous,0,,0,16,15
E05232,010r;021k;121k,7,0,0,optimal,1,0,1,17,16
E05233,010r;021k;121k,7,0,1,optimal,4,0;2,1,17,16
E05234,010r;021k;121k,7,0,2,infeasible,,,1,17,16
E05235,010r;021k;121k,7,0,3,infeasible,,,1,17,16
E05236,010r;021k;121k,7,1,0,vacuous,0,,0,17,16
E05237,010r;021k;121k,7,1,1,vacuous,0,,0,17,16
E05238,010r;021k;121k,7,1,2,vacuous,0,,0,17,16
E05239,010r;021k;121k,7,1,3,vacuous,0,,0,17,16
E05240,010r;021k;121r,0,0,0,infeasible,,,1,14,13
E05241,010r;021k;121r,0,1,0,vacuous,0,,0,14,13
E05242,010r;021k;121r,1,0,0,optimal,1,0,1,15,14
E05243,010r;021k;121r,1,0,1,infeasible,,,1,15,14
E05244,010r;021k;121r,1,1,0,vacuous,0,,0,15,14
E05245,010r;021k;121r,1,1,1,vacuous,0,,0,15,14
E05246,010r;021k;121r,2,0,0,infeasible,,,1,15,14
E05247,010r;021k;121r,2,0,1,infeasible,,,1,15,14
E05248,010r;021k;121r,2,1,0,vacuous,0,,0,15,14
E05249,010r;021k;121r,2,1,1,vacuous,0,,0,15,14
E05250,010r;021k;121r,3,0,0,optimal,1,0,1,16,15
E05251,010r;021k;121r,3,0,1,infeasible,,,1,16,15
E05252,010r;021k;121r,3,0,2,infeasible,,,1,16,15
E05253,010r;021k;121r,3,1,0,vacuous,0,,0,16,15
E05254,010r;021k;121r,3,1,1,vacuous,0,,0,16,15
E05255,010r;021k;121r,3,1,2,vacuous,0,,0,16,15
E05256,010r;021k;121r,4,0,0,optimal,3,0,1,15,14
E05257,010r;021k;121r,4,0,1,infeasible,,,1,15,14
E05258,010r;021k;121r,4,1,0,vacuous,0,,0,15,14
E05259,010r;021k;121r,4,1,1,vacuous,0,,0,15,14
E05260,010r;021k;121r,5,0,0,optimal,1,0,1,16,15
E05261,010r;021k;121r,5,0,1,optimal,4,0;1,1,16,15
E05262,010r;021k;121r,5,0,2,infeasible,,,1,16,15
E05263,010r;021k;121r,5,1,0,vacuous,0,,0,16,15
E05264,010r;021k;121r,5,1,1,vacuous,0,,0,16,15
E05265,010r;021k;121r,5,1,2,vacuous,0,,0,16,15
E05266,010r;021k;121r,6,0,0,optimal,3,1,1,16,15
E05267,010r;021k;121r,6,0,1,infeasible,,,1,16,15
E05268,010r;021k;121r,6,0,2,infeasible,,,1,16,15
E05269,010r;021k;121r,6,1,0,vacuous,0,,0,16,15
E05270,010r;021k;121r,6,1,1,vacuous,0,,0,16,15
E05271,010r;021k;121r,6,1,2,vacuous,0,,0,16,15
E05272,010r;021k;121r,7,0,0,optimal,1,0,1,17,16
E05273,010r;021k;121r,7,0,1,optimal,4,0;2,1,17,16
E05274,010r;021k;121r,7,0,2,infeasible,,,1,17,16
E05275,010r;021k;121r,7,0,3,infeasible,,,1,17,16
E05276,010r;021k;121r,7,1,0,vacuous,0,,0,17,16
E05277,010r;021k;121r,7,1,1,vacuous,0,,0,17,16
E05278,010r;021k;121r,7,1,2,vacuous,0,,0,17,16
E05279,010r;021k;121r,7,1,3,vacuous,0,,0,17,16
E05280,010r;021k;121e,0,0,0,infeasible,,,1,14,14
E05281,010r;021k;121e,0,1,0,vacuous,0,,0,14,14
E05282,010r;021k;121e,1,0,0,optimal,1,0,1,15,15
E05283,010r;021k;121e,1,0,1,infeasible,,,1,15,15
E05284,010r;021k;121e,1,1,0,vacuous,0,,0,15,15
E05285,010r;021k;121e,1,1,1,vacuous,0,,0,15,15
E05286,010r;021k;121e,2,0,0,infeasible,,,1,15,15
E05287,010r;021k;121e,2,0,1,infeasible,,,1,15,15
E05288,010r;021k;121e,2,1,0,vacuous,0,,0,15,15
E05289,010r;021k;121e,2,1,1,vacuous,0,,0,15,15
E05290,010r;021k;121e,3,0,0,optimal,1,0,1,16,16
E05291,010r;021k;121e,3,0,1,infeasible,,,1,16,16
E05292,010r;021k;121e,3,0,2,infeasible,,,1,16,16
E05293,010r;021k;121e,3,1,0,vacuous,0,,0,16,16
E05294,010r;021k;121e,3,1,1,vacuous,0,,0,16,16
E05295,010r;021k;121e,3,1,2,vacuous,0,,0,16,16
E05296,010r;021k;121e,4,0,0,optimal,3,0,1,15,15
E05297,010r;021k;121e,4,0,1,infeasible,,,1,15,15
E05298,010r;021k;121e,4,1,0,vacuous,0,,0,15,15
E05299,010r;021k;121e,4,1,1,vacuous,0,,0,15,15
E05300,010r;021k;121e,5,0,0,optimal,1,0,1,16,16
E05301,010r;021k;121e,5,0,1,optimal,4,0;1,1,16,16
E05302,010r;021k;121e,5,0,2,infeasible,,,1,16,16
E05303,010r;021k;121e,5,1,0,vacuous,0,,0,16,16
E05304,010r;021k;121e,5,1,1,vacuous,0,,0,16,16
E05305,010r;021k;121e,5,1,2,vacuous,0,,0,16,16
E05306,010r;021k;121e,6,0,0,optimal,3,1,1,16,16
E05307,010r;021k;121e,6,0,1,infeasible,,,1,16,16
E05308,010r;021k;121e,6,0,2,infeasible,,,1,16,16
E05309,010r;021k;121e,6,1,0,vacuous,0,,0,16,16
E05310,010r;021k;121e,6,1,1,vacuous,0,,0,16,16
E05311,010r;021k;121e,6,1,2,vacuous,0,,0,16,16
E05312,010r;021k;121e,7,0,0,optimal,1,0,1,17,17
E05313,010r;021k;121e,7,0,1,optimal,4,0;2,1,17,17
E05314,010r;021k;121e,7,0,2,infeasible,,,1,17,17
E05315,010r;021k;121e,7,0,3,infeasible,,,1,17,17
E05316,010r;021k;121e,7,1,0,vacuous,0,,0,17,17
E05317,010r;021k;121e,7,1,1,vacuous,0,,0,17,17
E05318,010r;021k;121e,7,1,2,vacuous,0,,0,17,17
E05319,010r;021k;121e,7,1,3,vacuous,0,,0,17,17
E05320,010r;021r,0,0,0,infeasible,,,1,14,12
E05321,010r;021r,0,1,0,vacuous,0,,0,14,12
E05322,010r;021r,1,0,0,optimal,1,0,1,15,13
E05323,010r;021r,1,0,1,infeasible,,,1,15,13
E05324,010r;021r,1,1,0,vacuous,0,,0,15,13
E05325,010r;021r,1,1,1,vacuous,0,,0,15,13
E05326,010r;021r,2,0,0,infeasible,,,1,15,13
E05327,010r;021r,2,0,1,infeasible,,,1,15,13
E05328,010r;021r,2,1,0,vacuous,0,,0,15,13
E05329,010r;021r,2,1,1,vacuous,0,,0,15,13
E05330,010r;021r,3,0,0,optimal,1,0,1,16,14
E05331,010r;021r,3,0,1,infeasible,,,1,16,14
E05332,010r;021r,3,0,2,infeasible,,,1,16,14
E05333,010r;021r,3,1,0,vacuous,0,,0,16,14
E05334,010r;021r,3,1,1,vacuous,0,,0,16,14
E05335,010r;021r,3,1,2,vacuous,0,,0,16,14
E05336,010r;021r,4,0,0,infeasible,,,1,15,13
E05337,010r;021r,4,0,1,infeasible,,,1,15,13
E05338,010r;021r,4,1,0,vacuous,0,,0,15,13
E05339,010r;021r,4,1,1,vacuous,0,,0,15,13
E05340,010r;021r,5,0,0,optimal,1,0,1,16,14
E05341,010r;021r,5,0,1,infeasible,,,1,16,14
E05342,010r;021r,5,0,2,infeasible,,,1,16,14
E05343,010r;021r,5,1,0,vacuous,0,,0,16,14
E05344,010r;021r,5,1,1,vacuous,0,,0,16,14
E05345,010r;021r,5,1,2,vacuous,0,,0,16,14
E05346,010r;021r,6,0,0,infeasible,,,1,16,14
E05347,010r;021r,6,0,1,infeasible,,,1,16,14
E05348,010r;021r,6,0,2,infeasible,,,1,16,14
E05349,010r;021r,6,1,0,vacuous,0,,0,16,14
E05350,010r;021r,6,1,1,vacuous,0,,0,16,14
E05351,010r;021r,6,1,2,vacuous,0,,0,16,14
E05352,010r;021r,7,0,0,optimal,1,0,1,17,15
E05353,010r;021r,7,0,1,infeasible,,,1,17,15
E05354,010r;021r,7,0,2,infeasible,,,1,17,15
E05355,010r;021r,7,0,3,infeasible,,,1,17,15
E05356,010r;021r,7,1,0,vacuous,0,,0,17,15
E05357,010r;021r,7,1,1,vacuous,0,,0,17,15
E05358,010r;021r,7,1,2,vacuous,0,,0,17,15
E05359,010r;021r,7,1,3,vacuous,0,,0,17,15
E05360,010r;021r;120k,0,0,0,infeasible,,,2,14,14
E05361,010r;021r;120k,0,1,0,infeasible,,,1,14,14
E05362,010r;021r;120k,1,0,0,optimal,1,0,2,15,15
E05363,010r;021r;120k,1,0,1,infeasible,,,2,15,15
E05364,010r;021r;120k,1,1,0,infeasible,,,1,15,15
E05365,010r;021r;120k,1,1,1,infeasible,,,1,15,15
E05366,010r;021r;120k,2,0,0,infeasible,,,2,15,15
E05367,010r;021r;120k,2,0,1,infeasible,,,2,15,15
E05368,010r;021r;120k,2,1,0,infeasible,,,1,15,15
E05369,010r;021r;120k,2,1,1,infeasible,,,1,15,15
E05370,010r;021r;120k,3,0,0,optimal,1,0,2,16,16
E05371,010r;021r;120k,3,0,1,infeasible,,,2,16,16
E05372,010r;021r;120k,3,0,2,infeasible,,,2,16,16
E05373,010r;021r;120k,3,1,0,infeasible,,,1,16,16
E05374,010r;021r;120k,3,1,1,infeasible,,,1,16,16
E05375,010r;021r;120k,3,1,2,infeasible,,,1,16,16
E05376,010r;021r;120k,4,0,0,infeasible,,,2,15,15
E05377,010r;021r;120k,4,0,1,infeasible,,,2,15,15
E05378,010r;021r;120k,4,1,0,infeasible,,,1,15,15
E05379,010r;021r;120k,4,1,1,infeasible,,,1,15,15
E05380,010r;021r;120k,5,0,0,optimal,1,0,2,16,16
E05381,010r;021r;120k,5,0,1,infeasible,,,2,16,16
E05382,010r;021r;120k,5,0,2,infeasible,,,2,16,16
E05383,010r;021r;120k,5,1,0,infeasible,,,1,16,16
E05384,010r;021r;120k,5,1,1,infeasible,,,1,16,16
E05385,010r;021r;120k,5,1,2,infeasible,,,1,16,16
E05386,010r;021r;120k,6,0,0,infeasible,,,2,16,16
E05387,010r;021r;120k,6,0,1,infeasible,,,2,16,16
E05388,010r;021r;120k,6,0,2,infeasible,,,2,16,16
E05389,010r;021r;120k,6,1,0,infeasible,,,1,16,16
E05390,010r;021r;120k,6,1,1,infeasible,,,1,16,16
E05391,010r;021r;120k,6,1,2,infeasible,,,1,16,16
E05392,010r;021r;120k,7,0,0,optimal,1,0,2,17,17
E05393,010r;021r;120k,7,0,1,infeasible,,,2,17,17
E05394,010r;021r;120k,7,0,2,infeasible,,,2,17,17
E05395,010r;021r;120k,7,0,3,infeasible,,,2,17,17
E05396,010r;021r;120k,7,1,0,infeasible,,,1,17,17
E05397,010r;021r;120k,7,1,1,infeasible,,,1,17,17
E05398,010r;021r;120k,7,1,2,infeasible,,,1,17,17
E05399,010r;021r;120k,7,1,3,infeasible,,,1,17,17
E05400,010r;021r;120r,0,0,0,infeasible,,,2,14,14
E05401,010r;021r;120r,0,1,0,infeasible,,,1,14,14
E05402,010r;021r;120r,1,0,0,optimal,1,0,2,15,15
E05403,010r;021r;120r,1,0,1,infeasible,,,2,15,15
E05404,010r;021r;120r,1,1,0,infeasible,,,1,15,15
E05405,010r;021r;120r,1,1,1,infeasible,,,1,15,15
E05406,010r;021r;120r,2,0,0,infeasible,,,2,15,15
E05407,010r;021r;120r,2,0,1,infeasible,,,2,15,15
E05408,010r;021r;120r,2,1,0,infeasible,,,1,15,15
E05409,010r;021r;120r,2,1,1,infeasible,,,1,15,15
E05410,010r;021r;120r,3,0,0,optimal,1,0,2,16,16
E05411,010r;021r;120r,3,0,1,infeasible,,,2,16,16
E05412,010r;021r;120r,3,0,2,infeasible,,,2,16,16
E05413,010r;021r;120r,3,1,0,infeasible,,,1,16,16
E05414,010r;021r;120r,3,1,1,infeasible,,,1,16,16
E05415,010r;021r;120r,3,1,2,infeasible,,,1,16,16
E05416,010r;021r;120r,4,0,0,infeasible,,,2,15,15
E05417,010r;021r;120r,4,0,1,infeasible,,,2,15,15
E05418,010r;021r;120r,4,1,0,infeasible,,,1,15,15
E05419,010r;021r;120r,4,1,1,infeasible,,,1,15,15
E05420,010r;021r;120r,5,0,0,optimal,1,0,2,16,16
E05421,010r;021r;120r,5,0,1,infeasible,,,2,16,16
E05422,010r;021r;120r,5,0,2,infeasible,,,2,16,16
E05423,010r;021r;120r,5,1,0,infeasible,,,1,16,16
E05424,010r;021r;120r,5,1,1,infeasible,,,1,16,16
E05425,010r;021r;120r,5,1,2,infeasible,,,1,16,16
E05426,010r;021r;120r,6,0,0,infeasible,,,2,16,16
E05427,010r;021r;120r,6,0,1,infeasible,,,2,16,16
E05428,010r;021r;120r,6,0,2,infeasible,,,2,16,16
E05429,010r;021r;120r,6,1,0,infeasible,,,1,16,16
E05430,010r;021r;120r,6,1,1,infeasible,,,1,16,16
E05431,010r;021r;120r,6,1,2,infeasible,,,1,16,16
E05432,010r;021r;120r,7,0,0,optimal,1,0,2,17,17
E05433,010r;021r;120r,7,0,1,infeasible,,,2,17,17
E05434,010r;021r;120r,7,0,2,infeasible,,,2,17,17
E05435,010r;021r;120r,7,0,3,infeasible,,,2,17,17
E05436,010r;021r;120r,7,1,0,infeasible,,,1,17,17
E05437,010r;021r;120r,7,1,1,infeasible,,,1,17,17
E05438,010r;021r;120r,7,1,2,infeasible,,,1,17,17
E05439,010r;021r;120r,7,1,3,infeasible,,,1,17,17
E05440,010r;021r;120e,0,0,0,infeasible,,,2,14,15
E05441,010r;021r;120e,0,1,0,infeasible,,,1,14,15
E05442,010r;021r;120e,1,0,0,optimal,1,0,2,15,16
E05443,010r;021r;120e,1,0,1,infeasible,,,2,15,16
E05444,010r;021r;120e,1,1,0,infeasible,,,1,15,16
E05445,010r;021r;120e,1,1,1,infeasible,,,1,15,16
E05446,010r;021r;120e,2,0,0,infeasible,,,2,15,16
E05447,010r;021r;120e,2,0,1,infeasible,,,2,15,16
E05448,010r;021r;120e,2,1,0,infeasible,,,1,15,16
E05449,010r;021r;120e,2,1,1,infeasible,,,1,15,16
E05450,010r;021r;120e,3,0,0,optimal,1,0,2,16,17
E05451,010r;021r;120e,3,0,1,infeasible,,,2,16,17
E05452,010r;021r;120e,3,0,2,infeasible,,,2,16,17
E05453,010r;021r;120e,3,1,0,infeasible,,,1,16,17
E05454,010r;021r;120e,3,1,1,infeasible,,,1,16,17
E05455,010r;021r;120e,3,1,2,infeasible,,,1,16,17
E05456,010r;021r;120e,4,0,0,infeasible,,,2,15,16
E05457,010r;021r;120e,4,0,1,infeasible,,,2,15,16
E05458,010r;021r;120e,4,1,0,infeasible,,,1,15,16
E05459,010r;021r;120e,4,1,1,infeasible,,,1,15,16
E05460,010r;021r;120e,5,0,0,optimal,1,0,2,16,17
E05461,010r;021r;120e,5,0,1,infeasible,,,2,16,17
E05462,010r;021r;120e,5,0,2,infeasible,,,2,16,17
E05463,010r;021r;120e,5,1,0,infeasible,,,1,16,17
E05464,010r;021r;120e,5,1,1,infeasible,,,1,16,17
E05465,010r;021r;120e,5,1,2,infeasible,,,1,16,17
E05466,010r;021r;120e,6,0,0,infeasible,,,2,16,17
E05467,010r;021r;120e,6,0,1,infeasible,,,2,16,17
E05468,010r;021r;120e,6,0,2,infeasible,,,2,16,17
E05469,010r;021r;120e,6,1,0,infeasible,,,1,16,17
E05470,010r;021r;120e,6,1,1,infeasible,,,1,16,17
E05471,010r;021r;120e,6,1,2,infeasible,,,1,16,17
E05472,010r;021r;120e,7,0,0,optimal,1,0,2,17,18
E05473,010r;021r;120e,7,0,1,infeasible,,,2,17,18
E05474,010r;021r;120e,7,0,2,infeasible,,,2,17,18
E05475,010r;021r;120e,7,0,3,infeasible,,,2,17,18
E05476,010r;021r;120e,7,1,0,infeasible,,,1,17,18
E05477,010r;021r;120e,7,1,1,infeasible,,,1,17,18
E05478,010r;021r;120e,7,1,2,infeasible,,,1,17,18
E05479,010r;021r;120e,7,1,3,infeasible,,,1,17,18
E05480,010r;021r;121k,0,0,0,infeasible,,,1,14,13
E05481,010r;021r;121k,0,1,0,vacuous,0,,0,14,13
E05482,010r;021r;121k,1,0,0,optimal,1,0,1,15,14
E05483,010r;021r;121k,1,0,1,infeasible,,,1,15,14
E05484,010r;021r;121k,1,1,0,vacuous,0,,0,15,14
E05485,010r;021r;121k,1,1,1,vacuous,0,,0,15,14
E05486,010r;021r;121k,2,0,0,infeasible,,,1,15,14
E05487,010r;021r;121k,2,0,1,infeasible,,,1,15,14
E05488,010r;021r;121k,2,1,0,vacuous,0,,0,15,14
E05489,010r;021r;121k,2,1,1,vacuous,0,,0,15,14
E05490,010r;021r;121k,3,0,0,optimal,1,0,1,16,15
E05491,010r;021r;121k,3,0,1,infeasible,,,1,16,15
E05492,010r;021r;121k,3,0,2,infeasible,,,1,16,15
E05493,010r;021r;121k,3,1,0,vacuous,0,,0,16,15
E05494,010r;021r;121k,3,1,1,vacuous,0,,0,16,15
E05495,010r;021r;121k,3,1,2,vacuous,0,,0,16,15
E05496,010r;021r;121k,4,0,0,infeasible,,,1,15,14
E05497,010r;021r;121k,4,0,1,infeasible,,,1,15,14
E05498,010r;021r;121k,4,1,0,vacuous,0,,0,15,14
E05499,010r;021r;121k,4,1,1,vacuous,0,,0,15,14
E05500,010r;021r;121k,5,0,0,optimal,1,0,1,16,15
E05501,010r;021r;121k,5,0,1,infeasible,,,1,16,15
E05502,010r;021r;121k,5,0,2,infeasible,,,1,16,15
E05503,010r;021r;121k,5,1,0,vacuous,0,,0,16,15
E05504,010r;021r;121k,5,1,1,vacuous,0,,0,16,15
E05505,010r;021r;121k,5,1,2,vacuous,0,,0,16,15
E05506,010r;021r;121k,6,0,0,infeasible,,,1,16,15
E05507,010r;021r;121k,6,0,1,infeasible,,,1,16,15
E05508,010r;021r;121k,6,0,2,infeasible,,,1,16,15
E05509,010r;021r;121k,6,1,0,vacuous,0,,0,16,15
E05510,010r;021r;121k,6,1,1,vacuous,0,,0,16,15
E05511,010r;021r;121k,6,1,2,vacuous,0,,0,16,15
E05512,010r;021r;121k,7,0,0,optimal,1,0,1,17,16
E05513,010r;021r;121k,7,0,1,infeasible,,,1,17,16
E05514,010r;021r;121k,7,0,2,infeasible,,,1,17,16
E05515,010r;021r;121k,7,0,3,infeasible,,,1,17,16
E05516,010r;021r;121k,7,1,0,vacuous,0,,0,17,16
E05517,010r;021r;121k,7,1,1,vacuous,0,,0,17,16
E05518,010r;021r;121k,7,1,2,vacuous,0,,0,17,16
E05519,010r;021r;121k,7,1,3,vacuous,0,,0,17,16
E05520,010r;021r;121r,0,0,0,infeasible,,,1,14,13
E05521,010r;021r;121r,0,1,0,vacuous,0,,0,14,13
E05522,010r;021r;121r,1,0,0,optimal,1,0,1,15,14
E05523,010r;021r;121r,1,0,1,infeasible,,,1,15,14
E05524,010r;021r;121r,1,1,0,vacuous,0,,0,15,14
E05525,010r;021r;121r,1,1,1,vacuous,0,,0,15,14
E05526,010r;021r;121r,2,0,0,infeasible,,,1,15,14
E05527,010r;021r;121r,2,0,1,infeasible,,,1,15,14
E05528,010r;021r;121r,2,1,0,vacuous,0,,0,15,14
E05529,010r;021r;121r,2,1,1,vacuous,0,,0,15,14
E05530,010r;021r;121r,3,0,0,optimal,1,0,1,16,15
E05531,010r;021r;121r,3,0,1,infeasible,,,1,16,15
E05532,010r;021r;121r,3,0,2,infeasible,,,1,16,15
E05533,010r;021r;121r,3,1,0,vacuous,0,,0,16,15
E05534,010r;021r;121r,3,1,1,vacuous,0,,0,16,15
E05535,010r;021r;121r,3,1,2,vacuous,0,,0,16,15
E05536,010r;021r;121r,4,0,0,infeasible,,,1,15,14
E05537,010r;021r;121r,4,0,1,infeasible,,,1,15,14
E05538,010r;021r;121r,4,1,0,vacuous,0,,0,15,14
E05539,010r;021r;121r,4,1,1,vacuous,0,,0,15,14
E05540,010r;021r;121r,5,0,0,optimal,1,0,1,16,15
E05541,010r;021r;121r,5,0,1,infeasible,,,1,16,15
E05542,010r;021r;121r,5,0,2,infeasible,,,1,16,15
E05543,010r;021r;121r,5,1,0,vacuous,0,,0,16,15
E05544,010r;021r;121r,5,1,1,vacuous,0,,0,16,15
E05545,010r;021r;121r,5,1,2,vacuous,0,,0,16,15
E05546,010r;021r;121r,6,0,0,infeasible,,,1,16,15
E05547,010r;021r;121r,6,0,1,infeasible,,,1,16,15
E05548,010r;021r;121r,6,0,2,infeasible,,,1,16,15
E05549,010r;021r;121r,6,1,0,vacuous,0,,0,16,15
E05550,010r;021r;121r,6,1,1,vacuous,0,,0,16,15
E05551,010r;021r;121r,6,1,2,vacuous,0,,0,16,15
E05552,010r;021r;121r,7,0,0,optimal,1,0,1,17,16
E05553,010r;021r;121r,7,0,1,infeasible,,,1,17,16
E05554,010r;021r;121r,7,0,2,infeasible,,,1,17,16
E05555,010r;021r;121r,7,0,3,infeasible,,,1,17,16
E05556,010r;021r;121r,7,1,0,vacuous,0,,0,17,16
E05557,010r;021r;121r,7,1,1,vacuous,0,,0,17,16
E05558,010r;021r;121r,7,1,2,vacuous,0,,0,17,16
E05559,010r;021r;121r,7,1,3,vacuous,0,,0,17,16
E05560,010r;021r;121e,0,0,0,infeasible,,,1,14,14
E05561,010r;021r;121e,0,1,0,vacuous,0,,0,14,14
E05562,010r;021r;121e,1,0,0,optimal,1,0,1,15,15
E05563,010r;021r;121e,1,0,1,infeasible,,,1,15,15
E05564,010r;021r;121e,1,1,0,vacuous,0,,0,15,15
E05565,010r;021r;121e,1,1,1,vacuous,0,,0,15,15
E05566,010r;021r;121e,2,0,0,infeasible,,,1,15,15
E05567,010r;021r;121e,2,0,1,infeasible,,,1,15,15
E05568,010r;021r;121e,2,1,0,vacuous,0,,0,15,15
E05569,010r;021r;121e,2,1,1,vacuous,0,,0,15,15
E05570,010r;021r;121e,3,0,0,optimal,1,0,1,16,16
E05571,010r;021r;121e,3,0,1,infeasible,,,1,16,16
E05572,010r;021r;121e,3,0,2,infeasible,,,1,16,16
E05573,010r;021r;121e,3,1,0,vacuous,0,,0,16,16
E05574,010r;021r;121e,3,1,1,vacuous,0,,0,16,16
E05575,010r;021r;121e,3,1,2,vacuous,0,,0,16,16
E05576,010r;021r;121e,4,0,0,infeasible,,,1,15,15
E05577,010r;021r;121e,4,0,1,infeasible,,,1,15,15
E05578,010r;021r;121e,4,1,0,vacuous,0,,0,15,15
E05579,010r;021r;121e,4,1,1,vacuous,0,,0,15,15
E05580,010r;021r;121e,5,0,0,optimal,1,0,1,16,16
E05581,010r;021r;121e,5,0,1,infeasible,,,1,16,16
E05582,010r;021r;121e,5,0,2,infeasible,,,1,16,16
E05583,010r;021r;121e,5,1,0,vacuous,0,,0,16,16
E05584,010r;021r;121e,5,1,1,vacuous,0,,0,16,16
E05585,010r;021r;121e,5,1,2,vacuous,0,,0,16,16
E05586,010r;021r;121e,6,0,0,infeasible,,,1,16,16
E05587,010r;021r;121e,6,0,1,infeasible,,,1,16,16
E05588,010r;021r;121e,6,0,2,infeasible,,,1,16,16
E05589,010r;021r;121e,6,1,0,vacuous,0,,0,16,16
E05590,010r;021r;121e,6,1,1,vacuous,0,,0,16,16
E05591,010r;021r;121e,6,1,2,vacuous,0,,0,16,16
E05592,010r;021r;121e,7,0,0,optimal,1,0,1,17,17
E05593,010r;021r;121e,7,0,1,infeasible,,,1,17,17
E05594,010r;021r;121e,7,0,2,infeasible,,,1,17,17
E05595,010r;021r;121e,7,0,3,infeasible,,,1,17,17
E05596,010r;021r;121e,7,1,0,vacuous,0,,0,17,17
E05597,010r;021r;121e,7,1,1,vacuous,0,,0,17,17
E05598,010r;021r;121e,7,1,2,vacuous,0,,0,17,17
E05599,010r;021r;121e,7,1,3,vacuous,0,,0,17,17
E05600,010r;021e,0,0,0,infeasible,,,2,14,13
E05601,010r;021e,0,1,0,vacuous,0,,0,14,13
E05602,010r;021e,1,0,0,optimal,1,0,2,15,14
E05603,010r;021e,1,0,1,infeasible,,,2,15,14
E05604,010r;021e,1,1,0,vacuous,0,,0,15,14
E05605,010r;021e,1,1,1,vacuous,0,,0,15,14
E05606,010r;021e,2,0,0,infeasible,,,2,15,14
E05607,010r;021e,2,0,1,infeasible,,,2,15,14
E05608,010r;021e,2,1,0,vacuous,0,,0,15,14
E05609,010r;021e,2,1,1,vacuous,0,,0,15,14
E05610,010r;021e,3,0,0,optimal,1,0,2,16,15
E05611,010r;021e,3,0,1,infeasible,,,2,16,15
E05612,010r;021e,3,0,2,infeasible,,,2,16,15
E05613,010r;021e,3,1,0,vacuous,0,,0,16,15
E05614,010r;021e,3,1,1,vacuous,0,,0,16,15
E05615,010r;021e,3,1,2,vacuous,0,,0,16,15
E05616,010r;021e,4,0,0,infeasible,,,2,15,14
E05617,010r;021e,4,0,1,infeasible,,,2,15,14
E05618,010r;021e,4,1,0,vacuous,0,,0,15,14
E05619,010r;021e,4,1,1,vacuous,0,,0,15,14
E05620,010r;021e,5,0,0,optimal,1,0,2,16,15
E05621,010r;021e,5,0,1,infeasible,,,2,16,15
E05622,010r;021e,5,0,2,infeasible,,,2,16,15
E05623,010r;021e,5,1,0,vacuous,0,,0,16,15
E05624,010r;021e,5,1,1,vacuous,0,,0,16,15
E05625,010r;021e,5,1,2,vacuous,0,,0,16,15
E05626,010r;021e,6,0,0,infeasible,,,2,16,15
E05627,010r;021e,6,0,1,infeasible,,,2,16,15
E05628,010r;021e,6,0,2,infeasible,,,2,16,15
E05629,010r;021e,6,1,0,vacuous,0,,0,16,15
E05630,010r;021e,6,1,1,vacuous,0,,0,16,15
E05631,010r;021e,6,1,2,vacuous,0,,0,16,15
E05632,010r;021e,7,0,0,optimal,1,0,2,17,16
E05633,010r;021e,7,0,1,infeasible,,,2,17,16
E05634,010r;021e,7,0,2,infeasible,,,2,17,16
E05635,010r;021e,7,0,3,infeasible,,,2,17,16
E05636,010r;021e,7,1,0,vacuous,0,,0,17,16
E05637,010r;021e,7,1,1,vacuous,0,,0,17,16
E05638,010r;021e,7,1,2,vacuous,0,,0,17,16
E05639,010r;021e,7,1,3,vacuous,0,,0,17,16
E05640,010r;021e;120k,0,0,0,infeasible,,,3,14,15
E05641,010r;021e;120k,0,1,0,infeasible,,,1,14,15
E05642,010r;021e;120k,1,0,0,optimal,1,0,3,15,16
E05643,010r;021e;120k,1,0,1,infeasible,,,3,15,16
E05644,010r;021e;120k,1,1,0,infeasible,,,1,15,16
E05645,010r;021e;120k,1,1,1,infeasible,,,1,15,16
E05646,010r;021e;120k,2,0,0,infeasible,,,3,15,16
E05647,010r;021e;120k,2,0,1,infeasible,,,3,15,16
E05648,010r;021e;120k,2,1,0,infeasible,,,1,15,16
E05649,010r;021e;120k,2,1,1,infeasible,,,1,15,16
E05650,010r;021e;120k,3,0,0,optimal,1,0,3,16,17
E05651,010r;021e;120k,3,0,1,infeasible,,,3,16,17
E05652,010r;021e;120k,3,0,2,infeasible,,,3,16,17
E05653,010r;021e;120k,3,1,0,infeasible,,,1,16,17
E05654,010r;021e;120k,3,1,1,infeasible,,,1,16,17
E05655,010r;021e;120k,3,1,2,infeasible,,,1,16,17
E05656,010r;021e;120k,4,0,0,infeasible,,,3,15,16
E05657,010r;021e;120k,4,0,1,infeasible,,,3,15,16
E05658,010r;021e;120k,4,1,0,infeasible,,,1,15,16
E05659,010r;021e;120k,4,1,1,infeasible,,,1,15,16
E05660,010r;021e;120k,5,0,0,optimal,1,0,3,16,17
E05661,010r;021e;120k,5,0,1,infeasible,,,3,16,17
E05662,010r;021e;120k,5,0,2,infeasible,,,3,16,17
E05663,010r;021e;120k,5,1,0,infeasible,,,1,16,17
E05664,010r;021e;120k,5,1,1,infeasible,,,1,16,17
E05665,010r;021e;120k,5,1,2,infeasible,,,1,16,17
E05666,010r;021e;120k,6,0,0,infeasible,,,3,16,17
E05667,010r;021e;120k,6,0,1,infeasible,,,3,16,17
E05668,010r;021e;120k,6,0,2,infeasible,,,3,16,17
E05669,010r;021e;120k,6,1,0,infeasible,,,1,16,17
E05670,010r;021e;120k,6,1,1,infeasible,,,1,16,17
E05671,010r;021e;120k,6,1,2,infeasible,,,1,16,17
E05672,010r;021e;120k,7,0,0,optimal,1,0,3,17,18
E05673,010r;021e;120k,7,0,1,infeasible,,,3,17,18
E05674,010r;021e;120k,7,0,2,infeasible,,,3,17,18
E05675,010r;021e;120k,7,0,3,infeasible,,,3,17,18
E05676,010r;021e;120k,7,1,0,infeasible,,,1,17,18
E05677,010r;021e;120k,7,1,1,infeasible,,,1,17,18
E05678,010r;021e;120k,7,1,2,infeasible,,,1,17,18
E05679,010r;021e;120k,7,1,3,infeasible,,,1,17,18
E05680,010r;021e;120r,0,0,0,infeasible,,,3,14,15
E05681,010r;021e;120r,0,1,0,infeasible,,,1,14,15
E05682,010r;021e;120r,1,0,0,optimal,1,0,3,15,16
E05683,010r;021e;120r,1,0,1,infeasible,,,3,15,16
E05684,010r;021e;120r,1,1,0,infeasible,,,1,15,16
E05685,010r;021e;120r,1,1,1,infeasible,,,1,15,16
E05686,010r;021e;120r,2,0,0,infeasible,,,3,15,16
E05687,010r;021e;120r,2,0,1,infeasible,,,3,15,16
E05688,010r;021e;120r,2,1,0,infeasible,,,1,15,16
E05689,010r;021e;120r,2,1,1,infeasible,,,1,15,16
E05690,010r;021e;120r,3,0,0,optimal,1,0,3,16,17
E05691,010r;021e;120r,3,0,1,infeasible,,,3,16,17
E05692,010r;021e;120r,3,0,2,infeasible,,,3,16,17
E05693,010r;021e;120r,3,1,0,infeasible,,,1,16,17
E05694,010r;021e;120r,3,1,1,infeasible,,,1,16,17
E05695,010r;021e;120r,3,1,2,infeasible,,,1,16,17
E05696,010r;021e;120r,4,0,0,infeasible,,,3,15,16
E05697,010r;021e;120r,4,0,1,infeasible,,,3,15,16
E05698,010r;021e;120r,4,1,0,infeasible,,,1,15,16
E05699,010r;021e;120r,4,1,1,infeasible,,,1,15,16
E05700,010r;021e;120r,5,0,0,optimal,1,0,3,16,17
E05701,010r;021e;120r,5,0,1,infeasible,,,3,16,17
E05702,010r;021e;120r,5,0,2,infeasible,,,3,16,17
E05703,010r;021e;120r,5,1,0,infeasible,,,1,16,17
E05704,010r;021e;120r,5,1,1,infeasible,,,1,16,17
E05705,010r;021e;120r,5,1,2,infeasible,,,1,16,17
E05706,010r;021e;120r,6,0,0,infeasible,,,3,16,17
E05707,010r;021e;120r,6,0,1,infeasible,,,3,16,17
E05708,010r;021e;120r,6,0,2,infeasible,,,3,16,17
E05709,010r;021e;120r,6,1,0,infeasible,,,1,16,17
E05710,010r;021e;120r,6,1,1,infeasible,,,1,16,17
E05711,010r;021e;120r,6,1,2,infeasible,,,1,16,17
E05712,010r;021e;120r,7,0,0,optimal,1,0,3,17,18
E05713,010r;021e;120r,7,0,1,infeasible,,,3,17,18
E05714,010r;021e;120r,7,0,2,infeasible,,,3,17,18
E05715,010r;021e;120r,7,0,3,infeasible,,,3,17,18
E05716,010r;021e;120r,7,1,0,infeasible,,,1,17,18
E05717,010r;021e;120r,7,1,1,infeasible,,,1,17,18
E05718,010r;021e;120r,7,1,2,infeasible,,,1,17,18
E05719,010r;021e;120r,7,1,3,infeasible,,,1,17,18
E05720,010r;021e;120e,0,0,0,infeasible,,,3,14,16
E05721,010r;021e;120e,0,1,0,infeasible,,,1,14,16
E05722,010r;021e;120e,1,0,0,optimal,1,0,3,15,17
E05723,010r;021e;120e,1,0,1,infeasible,,,3,15,17
E05724,010r;021e;120e,1,1,0,infeasible,,,1,15,17
E05725,010r;021e;120e,1,1,1,infeasible,,,1,15,17
E05726,010r;021e;120e,2,0,0,infeasible,,,3,15,17
E05727,010r;021e;120e,2,0,1,infeasible,,,3,15,17
E05728,010r;021e;120e,2,1,0,infeasible,,,1,15,17
E05729,010r;021e;120e,2,1,1,infeasible,,,1,15,17
E05730,010r;021e;120e,3,0,0,optimal,1,0,3,16,18
E05731,010r;021e;120e,3,0,1,infeasible,,,3,16,18
E05732,010r;021e;120e,3,0,2,infeasible,,,3,16,18
E05733,010r;021e;120e,3,1,0,infeasible,,,1,16,18
E05734,010r;021e;120e,3,1,1,infeasible,,,1,16,18
E05735,010r;021e;120e,3,1,2,infeasible,,,1,16,18
E05736,010r;021e;120e,4,0,0,infeasible,,,3,15,17
E05737,010r;021e;120e,4,0,1,infeasible,,,3,15,17
E05738,010r;021e;120e,4,1,0,infeasible,,,1,15,17
E05739,010r;021e;120e,4,1,1,infeasible,,,1,15,17
E05740,010r;021e;120e,5,0,0,optimal,1,0,3,16,18
E05741,010r;021e;120e,5,0,1,infeasible,,,3,16,18
E05742,010r;021e;120e,5,0,2,infeasible,,,3,16,18
E05743,010r;021e;120e,5,1,0,infeasible,,,1,16,18
E05744,010r;021e;120e,5,1,1,infeasible,,,1,16,18
E05745,010r;021e;120e,5,1,2,infeasible,,,1,16,18
E05746,010r;021e;120e,6,0,0,infeasible,,,3,16,18
E05747,010r;021e;120e,6,0,1,infeasible,,,3,16,18
E05748,010r;021e;120e,6,0,2,infeasible,,,3,16,18
E05749,010r;021e;120e,6,1,0,infeasible,,,1,16,18
E05750,010r;021e;120e,6,1,1,infeasible,,,1,16,18
E05751,010r;021e;120e,6,1,2,infeasible,,,1,16,18
E05752,010r;021e;120e,7,0,0,optimal,1,0,3,17,19
E05753,010r;021e;120e,7,0,1,infeasible,,,3,17,19
E05754,010r;021e;120e,7,0,2,infeasible,,,3,17,19
E05755,010r;021e;120e,7,0,3,infeasible,,,3,17,19
E05756,010r;021e;120e,7,1,0,infeasible,,,1,17,19
E05757,010r;021e;120e,7,1,1,infeasible,,,1,17,19
E05758,010r;021e;120e,7,1,2,infeasible,,,1,17,19
E05759,010r;021e;120e,7,1,3,infeasible,,,1,17,19
E05760,010r;021e;121k,0,0,0,infeasible,,,2,14,14
E05761,010r;021e;121k,0,1,0,vacuous,0,,0,14,14
E05762,010r;021e;121k,1,0,0,optimal,1,0,2,15,15
E05763,010r;021e;121k,1,0,1,infeasible,,,2,15,15
E05764,010r;021e;121k,1,1,0,vacuous,0,,0,15,15
E05765,010r;021e;121k,1,1,1,vacuous,0,,0,15,15
E05766,010r;021e;121k,2,0,0,infeasible,,,2,15,15
E05767,010r;021e;121k,2,0,1,infeasible,,,2,15,15
E05768,010r;021e;121k,2,1,0,vacuous,0,,0,15,15
E05769,010r;021e;121k,2,1,1,vacuous,0,,0,15,15
E05770,010r;021e;121k,3,0,0,optimal,1,0,2,16,16
E05771,010r;021e;121k,3,0,1,infeasible,,,2,16,16
E05772,010r;021e;121k,3,0,2,infeasible,,,2,16,16
E05773,010r;021e;121k,3,1,0,vacuous,0,,0,16,16
E05774,010r;021e;121k,3,1,1,vacuous,0,,0,16,16
E05775,010r;021e;121k,3,1,2,vacuous,0,,0,16,16
E05776,010r;021e;121k,4,0,0,infeasible,,,2,15,15
E05777,010r;021e;121k,4,0,1,infeasible,,,2,15,15
E05778,010r;021e;121k,4,1,0,vacuous,0,,0,15,15
E05779,010r;021e;121k,4,1,1,vacuous,0,,0,15,15
E05780,010r;021e;121k,5,0,0,optimal,1,0,2,16,16
E05781,010r;021e;121k,5,0,1,infeasible,,,2,16,16
E05782,010r;021e;121k,5,0,2,infeasible,,,2,16,16
E05783,010r;021e;121k,5,1,0,vacuous,0,,0,16,16
E05784,010r;021e;121k,5,1,1,vacuous,0,,0,16,16
E05785,010r;021e;121k,5,1,2,vacuous,0,,0,16,16
E05786,010r;021e;121k,6,0,0,infeasible,,,2,16,16
E05787,010r;021e;121k,6,0,1,infeasible,,,2,16,16
E05788,010r;021e;121k,6,0,2,infeasible,,,2,16,16
E05789,010r;021e;121k,6,1,0,vacuous,0,,0,16,16
E05790,010r;021e;121k,6,1,1,vacuous,0,,0,16,16
E05791,010r;021e;121k,6,1,2,vacuous,0,,0,16,16
E05792,010r;021e;121k,7,0,0,optimal,1,0,2,17,17
E05793,010r;021e;121k,7,0,1,infeasible,,,2,17,17
E05794,010r;021e;121k,7,0,2,infeasible,,,2,17,17
E05795,010r;021e;121k,7,0,3,infeasible,,,2,17,17
E05796,010r;021e;121k,7,1,0,vacuous,0,,0,17,17
E05797,010r;021e;121k,7,1,1,vacuous,0,,0,17,17
E05798,010r;021e;121k,7,1,2,vacuous,0,,0,17,17
E05799,010r;021e;121k,7,1,3,vacuous,0,,0,17,17
E05800,010r;021e;121r,0,0,0,infeasible,,,2,14,14
E05801,010r;021e;121r,0,1,0,vacuous,0,,0,14,14
E05802,010r;021e;121r,1,0,0,optimal,1,0,2,15,15
E05803,010r;021e;121r,1,0,1,infeasible,,,2,15,15
E05804,010r;021e;121r,1,1,0,vacuous,0,,0,15,15
E05805,010r;021e;121r,1,1,1,vacuous,0,,0,15,15
E05806,010r;021e;121r,2,0,0,infeasible,,,2,15,15
E05807,010r;021e;121r,2,0,1,infeasible,,,2,15,15
E05808,010r;021e;121r,2,1,0,vacuous,0,,0,15,15
E05809,010r;021e;121r,2,1,1,vacuous,0,,0,15,15
E05810,010r;021e;121r,3,0,0,optimal,1,0,2,16,16
E05811,010r;021e;121r,3,0,1,infeasible,,,2,16,16
E05812,010r;021e;121r,3,0,2,infeasible,,,2,16,16
E05813,010r;021e;121r,3,1,0,vacuous,0,,0,16,16
E05814,010r;021e;121r,3,1,1,vacuous,0,,0,16,16
E05815,010r;021e;121r,3,1,2,vacuous,0,,0,16,16
E05816,010r;021e;121r,4,0,0,infeasible,,,2,15,15
E05817,010r;021e;121r,4,0,1,infeasible,,,2,15,15
E05818,010r;021e;121r,4,1,0,vacuous,0,,0,15,15
E05819,010r;021e;121r,4,1,1,vacuous,0,,0,15,15
E05820,010r;021e;121r,5,0,0,optimal,1,0,2,16,16
E05821,010r;021e;121r,5,0,1,infeasible,,,2,16,16
E05822,010r;021e;121r,5,0,2,infeasible,,,2,16,16
E05823,010r;021e;121r,5,1,0,vacuous,0,,0,16,16
E05824,010r;021e;121r,5,1,1,vacuous,0,,0,16,16
E05825,010r;021e;121r,5,1,2,vacuous,0,,0,16,16
E05826,010r;021e;121r,6,0,0,infeasible,,,2,16,16
E05827,010r;021e;121r,6,0,1,infeasible,,,2,16,16
E05828,010r;021e;121r,6,0,2,infeasible,,,2,16,16
E05829,010r;021e;121r,6,1,0,vacuous,0,,0,16,16
E05830,010r;021e;121r,6,1,1,vacuous,0,,0,16,16
E05831,010r;021e;121r,6,1,2,vacuous,0,,0,16,16
E05832,010r;021e;121r,7,0,0,optimal,1,0,2,17,17
E05833,010r;021e;121r,7,0,1,infeasible,,,2,17,17
E05834,010r;021e;121r,7,0,2,infeasible,,,2,17,17
E05835,010r;021e;121r,7,0,3,infeasible,,,2,17,17
E05836,010r;021e;121r,7,1,0,vacuous,0,,0,17,17
E05837,010r;021e;121r,7,1,1,vacuous,0,,0,17,17
E05838,010r;021e;121r,7,1,2,vacuous,0,,0,17,17
E05839,010r;021e;121r,7,1,3,vacuous,0,,0,17,17
E05840,010r;021e;121e,0,0,0,infeasible,,,2,14,15
E05841,010r;021e;121e,0,1,0,vacuous,0,,0,14,15
E05842,010r;021e;121e,1,0,0,optimal,1,0,2,15,16
E05843,010r;021e;121e,1,0,1,infeasible,,,2,15,16
E05844,010r;021e;121e,1,1,0,vacuous,0,,0,15,16
E05845,010r;021e;121e,1,1,1,vacuous,0,,0,15,16
E05846,010r;021e;121e,2,0,0,infeasible,,,2,15,16
E05847,010r;021e;121e,2,0,1,infeasible,,,2,15,16
E05848,010r;021e;121e,2,1,0,vacuous,0,,0,15,16
E05849,010r;021e;121e,2,1,1,vacuous,0,,0,15,16
E05850,010r;021e;121e,3,0,0,optimal,1,0,2,16,17
E05851,010r;021e;121e,3,0,1,infeasible,,,2,16,17
E05852,010r;021e;121e,3,0,2,infeasible,,,2,16,17
E05853,010r;021e;121e,3,1,0,vacuous,0,,0,16,17
E05854,010r;021e;121e,3,1,1,vacuous,0,,0,16,17
E05855,010r;021e;121e,3,1,2,vacuous,0,,0,16,17
E05856,010r;021e;121e,4,0,0,infeasible,,,2,15,16
E05857,010r;021e;121e,4,0,1,infeasible,,,2,15,16
E05858,010r;021e;121e,4,1,0,vacuous,0,,0,15,16
E05859,010r;021e;121e,4,1,1,vacuous,0,,0,15,16
E05860,010r;021e;121e,5,0,0,optimal,1,0,2,16,17
E05861,010r;021e;121e,5,0,1,infeasible,,,2,16,17
E05862,010r;021e;121e,5,0,2,infeasible,,,2,16,17
E05863,010r;021e;121e,5,1,0,vacuous,0,,0,16,17
E05864,010r;021e;121e,5,1,1,vacuous,0,,0,16,17
E05865,010r;021e;121e,5,1,2,vacuous,0,,0,16,17
E05866,010r;021e;121e,6,0,0,infeasible,,,2,16,17
E05867,010r;021e;121e,6,0,1,infeasible,,,2,16,17
E05868,010r;021e;121e,6,0,2,infeasible,,,2,16,17
E05869,010r;021e;121e,6,1,0,vacuous,0,,0,16,17
E05870,010r;021e;121e,6,1,1,vacuous,0,,0,16,17
E05871,010r;021e;121e,6,1,2,vacuous,0,,0,16,17
E05872,010r;021e;121e,7,0,0,optimal,1,0,2,17,18
E05873,010r;021e;121e,7,0,1,infeasible,,,2,17,18
E05874,010r;021e;121e,7,0,2,infeasible,,,2,17,18
E05875,010r;021e;121e,7,0,3,infeasible,,,2,17,18
E05876,010r;021e;121e,7,1,0,vacuous,0,,0,17,18
E05877,010r;021e;121e,7,1,1,vacuous,0,,0,17,18
E05878,010r;021e;121e,7,1,2,vacuous,0,,0,17,18
E05879,010r;021e;121e,7,1,3,vacuous,0,,0,17,18
E05880,010e,0,0,0,vacuous,0,,0,14,12
E05881,010e,0,1,0,vacuous,0,,0,14,12
E05882,010e,1,0,0,vacuous,0,,0,15,13
E05883,010e,1,0,1,vacuous,0,,0,15,13
E05884,010e,1,1,0,vacuous,0,,0,15,13
E05885,010e,1,1,1,vacuous,0,,0,15,13
E05886,010e,2,0,0,vacuous,0,,0,15,13
E05887,010e,2,0,1,vacuous,0,,0,15,13
E05888,010e,2,1,0,vacuous,0,,0,15,13
E05889,010e,2,1,1,vacuous,0,,0,15,13
E05890,010e,3,0,0,vacuous,0,,0,16,14
E05891,010e,3,0,1,vacuous,0,,0,16,14
E05892,010e,3,0,2,vacuous,0,,0,16,14
E05893,010e,3,1,0,vacuous,0,,0,16,14
E05894,010e,3,1,1,vacuous,0,,0,16,14
E05895,010e,3,1,2,vacuous,0,,0,16,14
E05896,010e,4,0,0,vacuous,0,,0,15,13
E05897,010e,4,0,1,vacuous,0,,0,15,13
E05898,010e,4,1,0,vacuous,0,,0,15,13
E05899,010e,4,1,1,vacuous,0,,0,15,13
E05900,010e,5,0,0,vacuous,0,,0,16,14
E05901,010e,5,0,1,vacuous,0,,0,16,14
E05902,010e,5,0,2,vacuous,0,,0,16,14
E05903,010e,5,1,0,vacuous,0,,0,16,14
E05904,010e,5,1,1,vacuous,0,,0,16,14
E05905,010e,5,1,2,vacuous,0,,0,16,14
E05906,010e,6,0,0,vacuous,0,,0,16,14
E05907,010e,6,0,1,vacuous,0,,0,16,14
E05908,010e,6,0,2,vacuous,0,,0,16,14
E05909,010e,6,1,0,vacuous,0,,0,16,14
E05910,010e,6,1,1,vacuous,0,,0,16,14
E05911,010e,6,1,2,vacuous,0,,0,16,14
E05912,010e,7,0,0,vacuous,0,,0,17,15
E05913,010e,7,0,1,vacuous,0,,0,17,15
E05914,010e,7,0,2,vacuous,0,,0,17,15
E05915,010e,7,0,3,vacuous,0,,0,17,15
E05916,010e,7,1,0,vacuous,0,,0,17,15
E05917,010e,7,1,1,vacuous,0,,0,17,15
E05918,010e,7,1,2,vacuous,0,,0,17,15
E05919,010e,7,1,3,vacuous,0,,0,17,15
E05920,010e;120k,0,0,0,infeasible,,,2,14,14
E05921,010e;120k,0,1,0,infeasible,,,1,14,14
E05922,010e;120k,1,0,0,optimal,1,0,2,15,15
E05923,010e;120k,1,0,1,infeasible,,,2,15,15
E05924,010e;120k,1,1,0,infeasible,,,1,15,15
E05925,010e;120k,1,1,1,infeasible,,,1,15,15
E05926,010e;120k,2,0,0,infeasible,,,2,15,15
E05927,010e;120k,2,0,1,infeasible,,,2,15,15
E05928,010e;120k,2,1,0,infeasible,,,1,15,15
E05929,010e;120k,2,1,1,infeasible,,,1,15,15
E05930,010e;120k,3,0,0,optimal,1,0,2,16,16
E05931,010e;120k,3,0,1,infeasible,,,2,16,16
E05932,010e;120k,3,0,2,infeasible,,,2,16,16
E05933,010e;120k,3,1,0,infeasible,,,1,16,16
E05934,010e;120k,3,1,1,infeasible,,,1,16,16
E05935,010e;120k,3,1,2,infeasible,,,1,16,16
E05936,010e;120k,4,0,0,infeasible,,,2,15,15
E05937,010e;120k,4,0,1,infeasible,,,2,15,15
E05938,010e;120k,4,1,0,infeasible,,,1,15,15
E05939,010e;120k,4,1,1,infeasible,,,1,15,15
E05940,010e;120k,5,0,0,optimal,1,0,2,16,16
E05941,010e;120k,5,0,1,infeasible,,,2,16,16
E05942,010e;120k,5,0,2,infeasible,,,2,16,16
E05943,010e;120k,5,1,0,infeasible,,,1,16,16
E05944,010e;120k,5,1,1,infeasible,,,1,16,16
E05945,010e;120k,5,1,2,infeasible,,,1,16,16
E05946,010e;120k,6,0,0,infeasible,,,2,16,16
E05947,010e;120k,6,0,1,infeasible,,,2,16,16
E05948,010e;120k,6,0,2,infeasible,,,2,16,16
E05949,010e;120k,6,1,0,infeasible,,,1,16,16
E05950,010e;120k,6,1,1,infeasible,,,1,16,16
E05951,010e;120k,6,1,2,infeasible,,,1,16,16
E05952,010e;120k,7,0,0,optimal,1,0,2,17,17
E05953,010e;120k,7,0,1,infeasible,,,2,17,17
E05954,010e;120k,7,0,2,infeasible,,,2,17,17
E05955,010e;120k,7,0,3,infeasible,,,2,17,17
E05956,010e;120k,7,1,0,infeasible,,,1,17,17
E05957,010e;120k,7,1,1,infeasible,,,1,17,17
E05958,010e;120k,7,1,2,infeasible,,,1,17,17
E05959,010e;120k,7,1,3,infeasible,,,1,17,17
E05960,010e;120r,0,0,0,infeasible,,,2,14,14
E05961,010e;120r,0,1,0,infeasible,,,1,14,14
E05962,010e;120r,1,0,0,optimal,1,0,2,15,15
E05963,010e;120r,1,0,1,infeasible,,,2,15,15
E05964,010e;120r,1,1,0,infeasible,,,1,15,15
E05965,010e;120r,1,1,1,infeasible,,,1,15,15
E05966,010e;120r,2,0,0,infeasible,,,2,15,15
E05967,010e;120r,2,0,1,infeasible,,,2,15,15
E05968,010e;120r,2,1,0,infeasible,,,1,15,15
E05969,010e;120r,2,1,1,infeasible,,,1,15,15
E05970,010e;120r,3,0,0,optimal,1,0,2,16,16
E05971,010e;120r,3,0,1,infeasible,,,2,16,16
E05972,010e;120r,3,0,2,infeasible,,,2,16,16
E05973,010e;120r,3,1,0,infeasible,,,1,16,16
E05974,010e;120r,3,1,1,infeasible,,,1,16,16
E05975,010e;120r,3,1,2,infeasible,,,1,16,16
E05976,010e;120r,4,0,0,infeasible,,,2,15,15
E05977,010e;120r,4,0,1,infeasible,,,2,15,15
E05978,010e;120r,4,1,0,infeasible,,,1,15,15
E05979,010e;120r,4,1,1,infeasible,,,1,15,15
E05980,010e;120r,5,0,0,optimal,1,0,2,16,16
E05981,010e;120r,5,0,1,infeasible,,,2,16,16
E05982,010e;120r,5,0,2,infeasible,,,2,16,16
E05983,010e;120r,5,1,0,infeasible,,,1,16,16
E05984,010e;120r,5,1,1,infeasible,,,1,16,16
E05985,010e;120r,5,1,2,infeasible,,,1,16,16
E05986,010e;120r,6,0,0,infeasible,,,2,16,16
E05987,010e;120r,6,0,1,infeasible,,,2,16,16
E05988,010e;120r,6,0,2,infeasible,,,2,16,16
E05989,010e;120r,6,1,0,infeasible,,,1,16,16
E05990,010e;120r,6,1,1,infeasible,,,1,16,16
E05991,010e;120r,6,1,2,infeasible,,,1,16,16
E05992,010e;120r,7,0,0,optimal,1,0,2,17,17
E05993,010e;120r,7,0,1,infeasible,,,2,17,17
E05994,010e;120r,7,0,2,infeasible,,,2,17,17
E05995,010e;120r,7,0,3,infeasible,,,2,17,17
E05996,010e;120r,7,1,0,infeasible,,,1,17,17
E05997,010e;120r,7,1,1,infeasible,,,1,17,17
E05998,010e;120r,7,1,2,infeasible,,,1,17,17
E05999,010e;120r,7,1,3,infeasible,,,1,17,17
E06000,010e;120e,0,0,0,infeasible,,,3,14,15
E06001,010e;120e,0,1,0,infeasible,,,1,14,15
E06002,010e;120e,1,0,0,optimal,1,0,3,15,16
E06003,010e;120e,1,0,1,infeasible,,,3,15,16
E06004,010e;120e,1,1,0,infeasible,,,1,15,16
E06005,010e;120e,1,1,1,infeasible,,,1,15,16
E06006,010e;120e,2,0,0,infeasible,,,3,15,16
E06007,010e;120e,2,0,1,infeasible,,,3,15,16
E06008,010e;120e,2,1,0,infeasible,,,1,15,16
E06009,010e;120e,2,1,1,infeasible,,,1,15,16
E06010,010e;120e,3,0,0,optimal,1,0,3,16,17
E06011,010e;120e,3,0,1,infeasible,,,3,16,17
E06012,010e;120e,3,0,2,infeasible,,,3,16,17
E06013,010e;120e,3,1,0,infeasible,,,1,16,17
E06014,010e;120e,3,1,1,infeasible,,,1,16,17
E06015,010e;120e,3,1,2,infeasible,,,1,16,17
E06016,010e;120e,4,0,0,infeasible,,,3,15,16
E06017,010e;120e,4,0,1,infeasible,,,3,15,16
E06018,010e;120e,4,1,0,infeasible,,,1,15,16
E06019,010e;120e,4,1,1,infeasible,,,1,15,16
E06020,010e;120e,5,0,0,optimal,1,0,3,16,17
E06021,010e;120e,5,0,1,infeasible,,,3,16,17
E06022,010e;120e,5,0,2,infeasible,,,3,16,17
E06023,010e;120e,5,1,0,infeasible,,,1,16,17
E06024,010e;120e,5,1,1,infeasible,,,1,16,17
E06025,010e;120e,5,1,2,infeasible,,,1,16,17
E06026,010e;120e,6,0,0,infeasible,,,3,16,17
E06027,010e;120e,6,0,1,infeasible,,,3,16,17
E06028,010e;120e,6,0,2,infeasible,,,3,16,17
E06029,010e;120e,6,1,0,infeasible,,,1,16,17
E06030,010e;120e,6,1,1,infeasible,,,1,16,17
E06031,010e;120e,6,1,2,infeasible,,,1,16,17
E06032,010e;120e,7,0,0,optimal,1,0,3,17,18
E06033,010e;120e,7,0,1,infeasible,,,3,17,18
E06034,010e;120e,7,0,2,infeasible,,,3,17,18
E06035,010e;120e,7,0,3,infeasible,,,3,17,18
E06036,010e;120e,7,1,0,infeasible,,,1,17,18
E06037,010e;120e,7,1,1,infeasible,,,1,17,18
E06038,010e;120e,7,1,2,infeasible,,,1,17,18
E06039,010e;120e,7,1,3,infeasible,,,1,17,18
E06040,010e;121k,0,0,0,infeasible,,,1,14,13
E06041,010e;121k,0,1,0,vacuous,0,,0,14,13
E06042,010e;121k,1,0,0,optimal,1,0,1,15,14
E06043,010e;121k,1,0,1,infeasible,,,1,15,14
E06044,010e;121k,1,1,0,vacuous,0,,0,15,14
E06045,010e;121k,1,1,1,vacuous,0,,0,15,14
E06046,010e;121k,2,0,0,optimal,2,0,1,15,14
E06047,010e;121k,2,0,1,infeasible,,,1,15,14
E06048,010e;121k,2,1,0,vacuous,0,,0,15,14
E06049,010e;121k,2,1,1,vacuous,0,,0,15,14
E06050,010e;121k,3,0,0,optimal,1,0,1,16,15
E06051,010e;121k,3,0,1,optimal,3,0;1,1,16,15
E06052,010e;121k,3,0,2,infeasible,,,1,16,15
E06053,010e;121k,3,1,0,vacuous,0,,0,16,15
E06054,010e;121k,3,1,1,vacuous,0,,0,16,15
E06055,010e;121k,3,1,2,vacuous,0,,0,16,15
E06056,010e;121k,4,0,0,optimal,3,0,1,15,14
E06057,010e;121k,4,0,1,infeasible,,,1,15,14
E06058,010e;121k,4,1,0,vacuous,0,,0,15,14
E06059,010e;121k,4,1,1,vacuous,0,,0,15,14
E06060,010e;121k,5,0,0,optimal,1,0,1,16,15
E06061,010e;121k,5,0,1,optimal,4,0;1,1,16,15
E06062,010e;121k,5,0,2,infeasible,,,1,16,15
E06063,010e;121k,5,1,0,vacuous,0,,0,16,15
E06064,010e;121k,5,1,1,vacuous,0,,0,16,15
E06065,010e;121k,5,1,2,vacuous,0,,0,16,15
E06066,010e;121k,6,0,0,optimal,2,0,1,16,15
E06067,010e;121k,6,0,1,optimal,5,0;1,1,16,15
E06068,010e;121k,6,0,2,infeasible,,,1,16,15
E06069,010e;121k,6,1,0,vacuous,0,,0,16,15
E06070,010e;121k,6,1,1,vacuous,0,,0,16,15
E06071,010e;121k,6,1,2,vacuous,0,,0,16,15
E06072,010e;121k,7,0,0,optimal,1,0,1,17,16
E06073,010e;121k,7,0,1,optimal,3,0;1,1,17,16
E06074,010e;121k,7,0,2,optimal,6,0;1;2,1,17,16
E06075,010e;121k,7,0,3,infeasible,,,1,17,16
E06076,010e;121k,7,1,0,vacuous,0,,0,17,16
E06077,010e;121k,7,1,1,vacuous,0,,0,17,16
E06078,010e;121k,7,1,2,vacuous,0,,0,17,16
E06079,010e;121k,7,1,3,vacuous,0,,0,17,16
E06080,010e;121r,0,0,0,infeasible,,,1,14,13
E06081,010e;121r,0,1,0,vacuous,0,,0,14,13
E06082,010e;121r,1,0,0,optimal,1,0,1,15,14
E06083,010e;121r,1,0,1,infeasible,,,1,15,14
E06084,010e;121r,1,1,0,vacuous,0,,0,15,14
E06085,010e;121r,1,1,1,vacuous,0,,0,15,14
E06086,010e;121r,2,0,0,optimal,2,0,1,15,14
E06087,010e;121r,2,0,1,infeasible,,,1,15,14
E06088,010e;121r,2,1,0,vacuous,0,,0,15,14
E06089,010e;121r,2,1,1,vacuous,0,,0,15,14
E06090,010e;121r,3,0,0,optimal,1,0,1,16,15
E06091,010e;121r,3,0,1,optimal,3,0;1,1,16,15
E06092,010e;121r,3,0,2,infeasible,,,1,16,15
E06093,010e;121r,3,1,0,vacuous,0,,0,16,15
E06094,010e;121r,3,1,1,vacuous,0,,0,16,15
E06095,010e;121r,3,1,2,vacuous,0,,0,16,15
E06096,010e;121r,4,0,0,infeasible,,,1,15,14
E06097,010e;121r,4,0,1,infeasible,,,1,15,14
E06098,010e;121r,4,1,0,vacuous,0,,0,15,14
E06099,010e;121r,4,1,1,vacuous,0,,0,15,14
E06100,010e;121r,5,0,0,optimal,1,0,1,16,15
E06101,010e;121r,5,0,1,infeasible,,,1,16,15
E06102,010e;121r,5,0,2,infeasible,,,1,16,15
E06103,010e;121r,5,1,0,vacuous,0,,0,16,15
E06104,010e;121r,5,1,1,vacuous,0,,0,16,15
E06105,010e;121r,5,1,2,vacuous,0,,0,16,15
E06106,010e;121r,6,0,0,optimal,2,0,1,16,15
E06107,010e;121r,6,0,1,infeasible,,,1,16,15
E06108,010e;121r,6,0,2,infeasible,,,1,16,15
E06109,010e;121r,6,1,0,vacuous,0,,0,16,15
E06110,010e;121r,6,1,1,vacuous,0,,0,16,15
E06111,010e;121r,6,1,2,vacuous,0,,0,16,15
E06112,010e;121r,7,0,0,optimal,1,0,1,17,16
E06113,010e;121r,7,0,1,optimal,3,0;1,1,17,16
E06114,010e;121r,7,0,2,infeasible,,,1,17,16
E06115,010e;121r,7,0,3,infeasible,,,1,17,16
E06116,010e;121r,7,1,0,vacuous,0,,0,17,16
E06117,010e;121r,7,1,1,vacuous,0,,0,17,16
E06118,010e;121r,7,1,2,vacuous,0,,0,17,16
E06119,010e;121r,7,1,3,vacuous,0,,0,17,16
E06120,010e;121e,0,0,0,infeasible,,,2,14,14
E06121,010e;121e,0,1,0,vacuous,0,,0,14,14
E06122,010e;121e,1,0,0,optimal,1,0,2,15,15
E06123,010e;121e,1,0,1,infeasible,,,2,15,15
E06124,010e;121e,1,1,0,vacuous,0,,0,15,15
E06125,010e;121e,1,1,1,vacuous,0,,0,15,15
E06126,010e;121e,2,0,0,optimal,2,0,2,15,15
E06127,010e;121e,2,0,1,infeasible,,,2,15,15
E06128,010e;121e,2,1,0,vacuous,0,,0,15,15
E06129,010e;121e,2,1,1,vacuous,0,,0,15,15
E06130,010e;121e,3,0,0,optimal,1,0,2,16,16
E06131,010e;121e,3,0,1,optimal,3,0;1,2,16,16
E06132,010e;121e,3,0,2,infeasible,,,2,16,16
E06133,010e;121e,3,1,0,vacuous,0,,0,16,16
E06134,010e;121e,3,1,1,vacuous,0,,0,16,16
E06135,010e;121e,3,1,2,vacuous,0,,0,16,16
E06136,010e;121e,4,0,0,infeasible,,,2,15,15
E06137,010e;121e,4,0,1,infeasible,,,2,15,15
E06138,010e;121e,4,1,0,vacuous,0,,0,15,15
E06139,010e;121e,4,1,1,vacuous,0,,0,15,15
E06140,010e;121e,5,0,0,optimal,1,0,2,16,16
E06141,010e;121e,5,0,1,infeasible,,,2,16,16
E06142,010e;121e,5,0,2,infeasible,,,2,16,16
E06143,010e;121e,5,1,0,vacuous,0,,0,16,16
E06144,010e;121e,5,1,1,vacuous,0,,0,16,16
E06145,010e;121e,5,1,2,vacuous,0,,0,16,16
E06146,010e;121e,6,0,0,optimal,2,0,2,16,16
E06147,010e;121e,6,0,1,infeasible,,,2,16,16
E06148,010e;121e,6,0,2,infeasible,,,2,16,16
E06149,010e;121e,6,1,0,vacuous,0,,0,16,16
E06150,010e;121e,6,1,1,vacuous,0,,0,16,16
E06151,010e;121e,6,1,2,vacuous,0,,0,16,16
E06152,010e;121e,7,0,0,optimal,1,0,2,17,17
E06153,010e;121e,7,0,1,optimal,3,0;1,2,17,17
E06154,010e;121e,7,0,2,infeasible,,,2,17,17
E06155,010e;121e,7,0,3,infeasible,,,2,17,17
E06156,010e;121e,7,1,0,vacuous,0,,0,17,17
E06157,010e;121e,7,1,1,vacuous,0,,0,17,17
E06158,010e;121e,7,1,2,vacuous,0,,0,17,17
E06159,010e;121e,7,1,3,vacuous,0,,0,17,17
E06160,010e;020k,0,0,0,infeasible,,,1,14,14
E06161,010e;020k,0,1,0,infeasible,,,1,14,14
E06162,010e;020k,1,0,0,optimal,1,0,1,15,15
E06163,010e;020k,1,0,1,infeasible,,,1,15,15
E06164,010e;020k,1,1,0,infeasible,,,1,15,15
E06165,010e;020k,1,1,1,infeasible,,,1,15,15
E06166,010e;020k,2,0,0,infeasible,,,1,15,15
E06167,010e;020k,2,0,1,infeasible,,,1,15,15
E06168,010e;020k,2,1,0,infeasible,,,1,15,15
E06169,010e;020k,2,1,1,infeasible,,,1,15,15
E06170,010e;020k,3,0,0,optimal,1,0,1,16,16
E06171,010e;020k,3,0,1,infeasible,,,1,16,16
E06172,010e;020k,3,0,2,infeasible,,,1,16,16
E06173,010e;020k,3,1,0,infeasible,,,1,16,16
E06174,010e;020k,3,1,1,infeasible,,,1,16,16
E06175,010e;020k,3,1,2,infeasible,,,1,16,16
E06176,010e;020k,4,0,0,optimal,3,0,1,15,15
E06177,010e;020k,4,0,1,infeasible,,,1,15,15
E06178,010e;020k,4,1,0,infeasible,,,1,15,15
E06179,010e;020k,4,1,1,infeasible,,,1,15,15
E06180,010e;020k,5,0,0,optimal,1,0,1,16,16
E06181,010e;020k,5,0,1,optimal,4,0;1,1,16,16
E06182,010e;020k,5,0,2,infeasible,,,1,16,16
E06183,010e;020k,5,1,0,infeasible,,,1,16,16
E06184,010e;020k,5,1,1,infeasible,,,1,16,16
E06185,010e;020k,5,1,2,infeasible,,,1,16,16
E06186,010e;020k,6,0,0,optimal,3,1,1,16,16
E06187,010e;020k,6,0,1,infeasible,,,1,16,16
E06188,010e;020k,6,0,2,infeasible,,,1,16,16
E06189,010e;020k,6,1,0,infeasible,,,1,16,16
E06190,010e;020k,6,1,1,infeasible,,,1,16,16
E06191,010e;020k,6,1,2,infeasible,,,1,16,16
E06192,010e;020k,7,0,0,optimal,1,0,1,17,17
E06193,010e;020k,7,0,1,optimal,4,0;2,1,17,17
E06194,010e;020k,7,0,2,infeasible,,,1,17,17
E06195,010e;020k,7,0,3,infeasible,,,1,17,17
E06196,010e;020k,7,1,0,infeasible,,,1,17,17
E06197,010e;020k,7,1,1,infeasible,,,1,17,17
E06198,010e;020k,7,1,2,infeasible,,,1,17,17
E06199,010e;020k,7,1,3,infeasible,,,1,17,17
E06200,010e;020k;120k,0,0,0,infeasible,,,3,14,16
E06201,010e;020k;120k,0,1,0,infeasible,,,2,14,16
E06202,010e;020k;120k,1,0,0,optimal,1,0,3,15,17
E06203,010e;020k;120k,1,0,1,infeasible,,,3,15,17
E06204,010e;020k;120k,1,1,0,infeasible,,,2,15,17
E06205,010e;020k;120k,1,1,1,infeasible,,,2,15,17
E06206,010e;020k;120k,2,0,0,infeasible,,,3,15,17
E06207,010e;020k;120k,2,0,1,infeasible,,,3,15,17
E06208,010e;020k;120k,2,1,0,infeasible,,,2,15,17
E06209,010e;020k;120k,2,1,1,infeasible,,,2,15,17
E06210,010e;020k;120k,3,0,0,optimal,1,0,3,16,18
E06211,010e;020k;120k,3,0,1,infeasible,,,3,16,18
E06212,010e;020k;120k,3,0,2,infeasible,,,3,16,18
E06213,010e;020k;120k,3,1,0,infeasible,,,2,16,18
E06214,010e;020k;120k,3,1,1,infeasible,,,2,16,18
E06215,010e;020k;120k,3,1,2,infeasible,,,2,16,18
E06216,010e;020k;120k,4,0,0,infeasible,,,3,15,17
E06217,010e;020k;120k,4,0,1,infeasible,,,3,15,17
E06218,010e;020k;120k,4,1,0,infeasible,,,2,15,17
E06219,010e;020k;120k,4,1,1,infeasible,,,2,15,17
E06220,010e;020k;120k,5,0,0,optimal,1,0,3,16,18
E06221,010e;020k;120k,5,0,1,infeasible,,,3,16,18
E06222,010e;020k;120k,5,0,2,infeasible,,,3,16,18
E06223,010e;020k;120k,5,1,0,infeasible,,,2,16,18
E06224,010e;020k;120k,5,1,1,infeasible,,,2,16,18
E06225,010e;020k;120k,5,1,2,infeasible,,,2,16,18
E06226,010e;020k;120k,6,0,0,infeasible,,,3,16,18
E06227,010e;020k;120k,6,0,1,infeasible,,,3,16,18
E06228,010e;020k;120k,6,0,2,infeasible,,,3,16,18
E06229,010e;020k;120k,6,1,0,infeasible,,,2,16,18
E06230,010e;020k;120k,6,1,1,infeasible,,,2,16,18
E06231,010e;020k;120k,6,1,2,infeasible,,,2,16,18
E06232,010e;020k;120k,7,0,0,optimal,1,0,3,17,19
E06233,010e;020k;120k,7,0,1,infeasible,,,3,17,19
E06234,010e;020k;120k,7,0,2,infeasible,,,3,17,19
E06235,010e;020k;120k,7,0,3,infeasible,,,3,17,19
E06236,010e;020k;120k,7,1,0,infeasible,,,2,17,19
E06237,010e;020k;120k,7,1,1,infeasible,,,2,17,19
E06238,010e;020k;120k,7,1,2,infeasible,,,2,17,19
E06239,010e;020k;120k,7,1,3,infeasible,,,2,17,19
E06240,010e;020k;120r,0,0,0,infeasible,,,3,14,16
E06241,010e;020k;120r,0,1,0,infeasible,,,2,14,16
E06242,010e;020k;120r,1,0,0,optimal,1,0,3,15,17
E06243,010e;020k;120r,1,0,1,infeasible,,,3,15,17
E06244,010e;020k;120r,1,1,0,infeasible,,,2,15,17
E06245,010e;020k;120r,1,1,1,infeasible,,,2,15,17
E06246,010e;020k;120r,2,0,0,infeasible,,,3,15,17
E06247,010e;020k;120r,2,0,1,infeasible,,,3,15,17
E06248,010e;020k;120r,2,1,0,infeasible,,,2,15,17
E06249,010e;020k;120r,2,1,1,infeasible,,,2,15,17
E06250,010e;020k;120r,3,0,0,optimal,1,0,3,16,18
E06251,010e;020k;120r,3,0,1,infeasible,,,3,16,18
E06252,010e;020k;120r,3,0,2,infeasible,,,3,16,18
E06253,010e;020k;120r,3,1,0,infeasible,,,2,16,18
E06254,010e;020k;120r,3,1,1,infeasible,,,2,16,18
E06255,010e;020k;120r,3,1,2,infeasible,,,2,16,18
E06256,010e;020k;120r,4,0,0,infeasible,,,3,15,17
E06257,010e;020k;120r,4,0,1,infeasible,,,3,15,17
E06258,010e;020k;120r,4,1,0,infeasible,,,2,15,17
E06259,010e;020k;120r,4,1,1,infeasible,,,2,15,17
E06260,010e;020k;120r,5,0,0,optimal,1,0,3,16,18
E06261,010e;020k;120r,5,0,1,infeasible,,,3,16,18
E06262,010e;020k;120r,5,0,2,infeasible,,,3,16,18
E06263,010e;020k;120r,5,1,0,infeasible,,,2,16,18
E06264,010e;020k;120r,5,1,1,infeasible,,,2,16,18
E06265,010e;020k;120r,5,1,2,infeasible,,,2,16,18
E06266,010e;020k;120r,6,0,0,infeasible,,,3,16,18
E06267,010e;020k;120r,6,0,1,infeasible,,,3,16,18
E06268,010e;020k;120r,6,0,2,infeasible,,,3,16,18
E06269,010e;020k;120r,6,1,0,infeasible,,,2,16,18
E06270,010e;020k;120r,6,1,1,infeasible,,,2,16,18
E06271,010e;020k;120r,6,1,2,infeasible,,,2,16,18
E06272,010e;020k;120r,7,0,0,optimal,1,0,3,17,19
E06273,010e;020k;120r,7,0,1,infeasible,,,3,17,19
E06274,010e;020k;120r,7,0,2,infeasible,,,3,17,19
E06275,010e;020k;120r,7,0,3,infeasible,,,3,17,19
E06276,010e;020k;120r,7,1,0,infeasible,,,2,17,19
E06277,010e;020k;120r,7,1,1,infeasible,,,2,17,19
E06278,010e;020k;120r,7,1,2,infeasible,,,2,17,19
E06279,010e;020k;120r,7,1,3,infeasible,,,2,17,19
E06280,010e;020k;120e,0,0,0,infeasible,,,4,14,17
E06281,010e;020k;120e,0,1,0,infeasible,,,2,14,17
E06282,010e;020k;120e,1,0,0,optimal,1,0,4,15,18
E06283,010e;020k;120e,1,0,1,infeasible,,,4,15,18
E06284,010e;020k;120e,1,1,0,infeasible,,,2,15,18
E06285,010e;020k;120e,1,1,1,infeasible,,,2,15,18
E06286,010e;020k;120e,2,0,0,infeasible,,,4,15,18
E06287,010e;020k;120e,2,0,1,infeasible,,,4,15,18
E06288,010e;020k;120e,2,1,0,infeasible,,,2,15,18
E06289,010e;020k;120e,2,1,1,infeasible,,,2,15,18
E06290,010e;020k;120e,3,0,0,optimal,1,0,4,16,19
E06291,010e;020k;120e,3,0,1,infeasible,,,4,16,19
E06292,010e;020k;120e,3,0,2,infeasible,,,4,16,19
E06293,010e;020k;120e,3,1,0,infeasible,,,2,16,19
E06294,010e;020k;120e,3,1,1,infeasible,,,2,16,19
E06295,010e;020k;120e,3,1,2,infeasible,,,2,16,19
E06296,010e;020k;120e,4,0,0,infeasible,,,4,15,18
E06297,010e;020k;120e,4,0,1,infeasible,,,4,15,18
E06298,010e;020k;120e,4,1,0,infeasible,,,2,15,18
E06299,010e;020k;120e,4,1,1,infeasible,,,2,15,18
E06300,010e;020k;120e,5,0,0,optimal,1,0,4,16,19
E06301,010e;020k;120e,5,0,1,infeasible,,,4,16,19
E06302,010e;020k;120e,5,0,2,infeasible,,,4,16,19
E06303,010e;020k;120e,5,1,0,infeasible,,,2,16,19
E06304,010e;020k;120e,5,1,1,infeasible,,,2,16,19
E06305,010e;020k;120e,5,1,2,infeasible,,,2,16,19
E06306,010e;020k;120e,6,0,0,infeasible,,,4,16,19
E06307,010e;020k;120e,6,0,1,infeasible,,,4,16,19
E06308,010e;020k;120e,6,0,2,infeasible,,,4,16,19
E06309,010e;020k;120e,6,1,0,infeasible,,,2,16,19
E06310,010e;020k;120e,6,1,1,infeasible,,,2,16,19
E06311,010e;020k;120e,6,1,2,infeasible,,,2,16,19
E06312,010e;020k;120e,7,0,0,optimal,1,0,4,17,20
E06313,010e;020k;120e,7,0,1,infeasible,,,4,17,20
E06314,010e;020k;120e,7,0,2,infeasible,,,4,17,20
E06315,010e;020k;120e,7,0,3,infeasible,,,4,17,20
E06316,010e;020k;120e,7,1,0,infeasible,,,2,17,20
E06317,010e;020k;120e,7,1,1,infeasible,,,2,17,20
E06318,010e;020k;120e,7,1,2,infeasible,,,2,17,20
E06319,010e;020k;120e,7,1,3,infeasible,,,2,17,20
E06320,010e;020k;121k,0,0,0,infeasible,,,2,14,15
E06321,010e;020k;121k,0,1,0,infeasible,,,1,14,15
E06322,010e;020k;121k,1,0,0,optimal,1,0,2,15,16
E06323,010e;020k;121k,1,0,1,infeasible,,,2,15,16
E06324,010e;020k;121k,1,1,0,infeasible,,,1,15,16
E06325,010e;020k;121k,1,1,1,infeasible,,,1,15,16
E06326,010e;020k;121k,2,0,0,infeasible,,,2,15,16
E06327,010e;020k;121k,2,0,1,infeasible,,,2,15,16
E06328,010e;020k;121k,2,1,0,infeasible,,,1,15,16
E06329,010e;020k;121k,2,1,1,infeasible,,,1,15,16
E06330,010e;020k;121k,3,0,0,optimal,1,0,2,16,17
E06331,010e;020k;121k,3,0,1,infeasible,,,2,16,17
E06332,010e;020k;121k,3,0,2,infeasible,,,2,16,17
E06333,010e;020k;121k,3,1,0,infeasible,,,1,16,17
E06334,010e;020k;121k,3,1,1,infeasible,,,1,16,17
E06335,010e;020k;121k,3,1,2,infeasible,,,1,16,17
E06336,010e;020k;121k,4,0,0,optimal,3,0,2,15,16
E06337,010e;020k;121k,4,0,1,infeasible,,,2,15,16
E06338,010e;020k;121k,4,1,0,infeasible,,,1,15,16
E06339,010e;020k;121k,4,1,1,infeasible,,,1,15,16
E06340,010e;020k;121k,5,0,0,optimal,1,0,2,16,17
E06341,010e;020k;121k,5,0,1,optimal,4,0;1,2,16,17
E06342,010e;020k;121k,5,0,2,infeasible,,,2,16,17
E06343,010e;020k;121k,5,1,0,infeasible,,,1,16,17
E06344,010e;020k;121k,5,1,1,infeasible,,,1,16,17
E06345,010e;020k;121k,5,1,2,infeasible,,,1,16,17
E06346,010e;020k;121k,6,0,0,optimal,3,1,2,16,17
E06347,010e;020k;121k,6,0,1,infeasible,,,2,16,17
E06348,010e;020k;121k,6,0,2,infeasible,,,2,16,17
E06349,010e;020k;121k,6,1,0,infeasible,,,1,16,17
E06350,010e;020k;121k,6,1,1,infeasible,,,1,16,17
E06351,010e;020k;121k,6,1,2,infeasible,,,1,16,17
E06352,010e;020k;121k,7,0,0,optimal,1,0,2,17,18
E06353,010e;020k;121k,7,0,1,optimal,4,0;2,2,17,18
E06354,010e;020k;121k,7,0,2,infeasible,,,2,17,18
E06355,010e;020k;121k,7,0,3,infeasible,,,2,17,18
E06356,010e;020k;121k,7,1,0,infeasible,,,1,17,18
E06357,010e;020k;121k,7,1,1,infeasible,,,1,17,18
E06358,010e;020k;121k,7,1,2,infeasible,,,1,17,18
E06359,010e;020k;121k,7,1,3,infeasible,,,1,17,18
E06360,010e;020k;121r,0,0,0,infeasible,,,2,14,15
E06361,010e;020k;121r,0,1,0,infeasible,,,1,14,15
E06362,010e;020k;121r,1,0,0,optimal,1,0,2,15,16
E06363,010e;020k;121r,1,0,1,infeasible,,,2,15,16
E06364,010e;020k;121r,1,1,0,infeasible,,,1,15,16
E06365,010e;020k;121r,1,1,1,infeasible,,,1,15,16
E06366,010e;020k;121r,2,0,0,infeasible,,,2,15,16
E06367,010e;020k;121r,2,0,1,infeasible,,,2,15,16
E06368,010e;020k;121r,2,1,0,infeasible,,,1,15,16
E06369,010e;020k;121r,2,1,1,infeasible,,,1,15,16
E06370,010e;020k;121r,3,0,0,optimal,1,0,2,16,17
E06371,010e;020k;121r,3,0,1,infeasible,,,2,16,17
E06372,010e;020k;121r,3,0,2,infeasible,,,2,16,17
E06373,010e;020k;121r,3,1,0,infeasible,,,1,16,17
E06374,010e;020k;121r,3,1,1,infeasible,,,1,16,17
E06375,010e;020k;121r,3,1,2,infeasible,,,1,16,17
E06376,010e;020k;121r,4,0,0,infeasible,,,2,15,16
E06377,010e;020k;121r,4,0,1,infeasible,,,2,15,16
E06378,010e;020k;121r,4,1,0,infeasible,,,1,15,16
E06379,010e;020k;121r,4,1,1,infeasible,,,1,15,16
E06380,010e;020k;121r,5,0,0,optimal,1,0,2,16,17
E06381,010e;020k;121r,5,0,1,infeasible,,,2,16,17
E06382,010e;020k;121r,5,0,2,infeasible,,,2,16,17
E06383,010e;020k;121r,5,1,0,infeasible,,,1,16,17
E06384,010e;020k;121r,5,1,1,infeasible,,,1,16,17
E06385,010e;020k;121r,5,1,2,infeasible,,,1,16,17
E06386,010e;020k;121r,6,0,0,optimal,5,0;1,2,16,17
E06387,010e;020k;121r,6,0,1,infeasible,,,2,16,17
E06388,010e;020k;121r,6,0,2,infeasible,,,2,16,17
E06389,010e;020k;121r,6,1,0,infeasible,,,1,16,17
E06390,010e;020k;121r,6,1,1,infeasible,,,1,16,17
E06391,010e;020k;121r,6,1,2,infeasible,,,1,16,17
E06392,010e;020k;121r,7,0,0,optimal,1,0,2,17,18
E06393,010e;020k;121r,7,0,1,optimal,6,0;1;2,2,17,18
E06394,010e;020k;121r,7,0,2,infeasible,,,2,17,18
E06395,010e;020k;121r,7,0,3,infeasible,,,2,17,18
E06396,010e;020k;121r,7,1,0,infeasible,,,1,17,18
E06397,010e;020k;121r,7,1,1,infeasible,,,1,17,18
E06398,010e;020k;121r,7,1,2,infeasible,,,1,17,18
E06399,010e;020k;121r,7,1,3,infeasible,,,1,17,18
E06400,010e;020k;121e,0,0,0,infeasible,,,3,14,16
E06401,010e;020k;121e,0,1,0,infeasible,,,1,14,16
E06402,010e;020k;121e,1,0,0,optimal,1,0,3,15,17
E06403,010e;020k;121e,1,0,1,infeasible,,,3,15,17
E06404,010e;020k;121e,1,1,0,infeasible,,,1,15,17
E06405,010e;020k;121e,1,1,1,infeasible,,,1,15,17
E06406,010e;020k;121e,2,0,0,infeasible,,,3,15,17
E06407,010e;020k;121e,2,0,1,infeasible,,,3,15,17
E06408,010e;020k;121e,2,1,0,infeasible,,,1,15,17
E06409,010e;020k;121e,2,1,1,infeasible,,,1,15,17
E06410,010e;020k;121e,3,0,0,optimal,1,0,3,16,18
E06411,010e;020k;121e,3,0,1,infeasible,,,3,16,18
E06412,010e;020k;121e,3,0,2,infeasible,,,3,16,18
E06413,010e;020k;121e,3,1,0,infeasible,,,1,16,18
E06414,010e;020k;121e,3,1,1,infeasible,,,1,16,18
E06415,010e;020k;121e,3,1,2,infeasible,,,1,16,18
E06416,010e;020k;121e,4,0,0,infeasible,,,3,15,17
E06417,010e;020k;121e,4,0,1,infeasible,,,3,15,17
E06418,010e;020k;121e,4,1,0,infeasible,,,1,15,17
E06419,010e;020k;121e,4,1,1,infeasible,,,1,15,17
E06420,010e;020k;121e,5,0,0,optimal,1,0,3,16,18
E06421,010e;020k;121e,5,0,1,infeasible,,,3,16,18
E06422,010e;020k;121e,5,0,2,infeasible,,,3,16,18
E06423,010e;020k;121e,5,1,0,infeasible,,,1,16,18
E06424,010e;020k;121e,5,1,1,infeasible,,,1,16,18
E06425,010e;020k;121e,5,1,2,infeasible,,,1,16,18
E06426,010e;020k;121e,6,0,0,optimal,5,0;1,3,16,18
E06427,010e;020k;121e,6,0,1,infeasible,,,3,16,18
E06428,010e;020k;121e,6,0,2,infeasible,,,3,16,18
E06429,010e;020k;121e,6,1,0,infeasible,,,1,16,18
E06430,010e;020k;121e,6,1,1,infeasible,,,1,16,18
E06431,010e;020k;121e,6,1,2,infeasible,,,1,16,18
E06432,010e;020k;121e,7,0,0,optimal,1,0,3,17,19
E06433,010e;020k;121e,7,0,1,optimal,6,0;1;2,3,17,19
E06434,010e;020k;121e,7,0,2,infeasible,,,3,17,19
E06435,010e;020k;121e,7,0,3,infeasible,,,3,17,19
E06436,010e;020k;121e,7,1,0,infeasible,,,1,17,19
E06437,010e;020k;121e,7,1,1,infeasible,,,1,17,19
E06438,010e;020k;121e,7,1,2,infeasible,,,1,17,19
E06439,010e;020k;121e,7,1,3,infeasible,,,1,17,19
E06440,010e;020r,0,0,0,infeasible,,,1,14,14
E06441,010e;020r,0,1,0,infeasible,,,1,14,14
E06442,010e;020r,1,0,0,optimal,1,0,1,15,15
E06443,010e;020r,1,0,1,infeasible,,,1,15,15
E06444,010e;020r,1,1,0,infeasible,,,1,15,15
E06445,010e;020r,1,1,1,infeasible,,,1,15,15
E06446,010e;020r,2,0,0,infeasible,,,1,15,15
E06447,010e;020r,2,0,1,infeasible,,,1,15,15
E06448,010e;020r,2,1,0,infeasible,,,1,15,15
E06449,010e;020r,2,1,1,infeasible,,,1,15,15
E06450,010e;020r,3,0,0,optimal,1,0,1,16,16
E06451,010e;020r,3,0,1,infeasible,,,1,16,16
E06452,010e;020r,3,0,2,infeasible,,,1,16,16
E06453,010e;020r,3,1,0,infeasible,,,1,16,16
E06454,010e;020r,3,1,1,infeasible,,,1,16,16
E06455,010e;020r,3,1,2,infeasible,,,1,16,16
E06456,010e;020r,4,0,0,infeasible,,,1,15,15
E06457,010e;020r,4,0,1,infeasible,,,1,15,15
E06458,010e;020r,4,1,0,infeasible,,,1,15,15
E06459,010e;020r,4,1,1,infeasible,,,1,15,15
E06460,010e;020r,5,0,0,optimal,1,0,1,16,16
E06461,010e;020r,5,0,1,infeasible,,,1,16,16
E06462,010e;020r,5,0,2,infeasible,,,1,16,16
E06463,010e;020r,5,1,0,infeasible,,,1,16,16
E06464,010e;020r,5,1,1,infeasible,,,1,16,16
E06465,010e;020r,5,1,2,infeasible,,,1,16,16
E06466,010e;020r,6,0,0,infeasible,,,1,16,16
E06467,010e;020r,6,0,1,infeasible,,,1,16,16
E06468,010e;020r,6,0,2,infeasible,,,1,16,16
E06469,010e;020r,6,1,0,infeasible,,,1,16,16
E06470,010e;020r,6,1,1,infeasible,,,1,16,16
E06471,010e;020r,6,1,2,infeasible,,,1,16,16
E06472,010e;020r,7,0,0,optimal,1,0,1,17,17
E06473,010e;020r,7,0,1,infeasible,,,1,17,17
E06474,010e;020r,7,0,2,infeasible,,,1,17,17
E06475,010e;020r,7,0,3,infeasible,,,1,17,17
E06476,010e;020r,7,1,0,infeasible,,,1,17,17
E06477,010e;020r,7,1,1,infeasible,,,1,17,17
E06478,010e;020r,7,1,2,infeasible,,,1,17,17
E06479,010e;020r,7,1,3,infeasible,,,1,17,17
E06480,010e;020r;120k,0,0,0,infeasible,,,3,14,16
E06481,010e;020r;120k,0,1,0,infeasible,,,2,14,16
E06482,010e;020r;120k,1,0,0,optimal,1,0,3,15,17
E06483,010e;020r;120k,1,0,1,infeasible,,,3,15,17
E06484,010e;020r;120k,1,1,0,infeasible,,,2,15,17
E06485,010e;020r;120k,1,1,1,infeasible,,,2,15,17
E06486,010e;020r;120k,2,0,0,infeasible,,,3,15,17
E06487,010e;020r;120k,2,0,1,infeasible,,,3,15,17
E06488,010e;020r;120k,2,1,0,infeasible,,,2,15,17
E06489,010e;020r;120k,2,1,1,infeasible,,,2,15,17
E06490,010e;020r;120k,3,0,0,optimal,1,0,3,16,18
E06491,010e;020r;120k,3,0,1,infeasible,,,3,16,18
E06492,010e;020r;120k,3,0,2,infeasible,,,3,16,18
E06493,010e;020r;120k,3,1,0,infeasible,,,2,16,18
E06494,010e;020r;120k,3,1,1,infeasible,,,2,16,18
E06495,010e;020r;120k,3,1,2,infeasible,,,2,16,18
E06496,010e;020r;120k,4,0,0,infeasible,,,3,15,17
E06497,010e;020r;120k,4,0,1,infeasible,,,3,15,17
E06498,010e;020r;120k,4,1,0,infeasible,,,2,15,17
E06499,010e;020r;120k,4,1,1,infeasible,,,2,15,17
E06500,010e;020r;120k,5,0,0,optimal,1,0,3,16,18
E06501,010e;020r;120k,5,0,1,infeasible,,,3,16,18
E06502,010e;020r;120k,5,0,2,infeasible,,,3,16,18
E06503,010e;020r;120k,5,1,0,infeasible,,,2,16,18
E06504,010e;020r;120k,5,1,1,infeasible,,,2,16,18
E06505,010e;020r;120k,5,1,2,infeasible,,,2,16,18
E06506,010e;020r;120k,6,0,0,infeasible,,,3,16,18
E06507,010e;020r;120k,6,0,1,infeasible,,,3,16,18
E06508,010e;020r;120k,6,0,2,infeasible,,,3,16,18
E06509,010e;020r;120k,6,1,0,infeasible,,,2,16,18
E06510,010e;020r;120k,6,1,1,infeasible,,,2,16,18
E06511,010e;020r;120k,6,1,2,infeasible,,,2,16,18
E06512,010e;020r;120k,7,0,0,optimal,1,0,3,17,19
E06513,010e;020r;120k,7,0,1,infeasible,,,3,17,19
E06514,010e;020r;120k,7,0,2,infeasible,,,3,17,19
E06515,010e;020r;120k,7,0,3,infeasible,,,3,17,19
E06516,010e;020r;120k,7,1,0,infeasible,,,2,17,19
E06517,010e;020r;120k,7,1,1,infeasible,,,2,17,19
E06518,010e;020r;120k,7,1,2,infeasible,,,2,17,19
E06519,010e;020r;120k,7,1,3,infeasible,,,2,17,19
E06520,010e;020r;120r,0,0,0,infeasible,,,3,14,16
E06521,010e;020r;120r,0,1,0,infeasible,,,2,14,16
E06522,010e;020r;120r,1,0,0,optimal,1,0,3,15,17
E06523,010e;020r;120r,1,0,1,infeasible,,,3,15,17
E06524,010e;020r;120r,1,1,0,infeasible,,,2,15,17
E06525,010e;020r;120r,1,1,1,infeasible,,,2,15,17
E06526,010e;020r;120r,2,0,0,infeasible,,,3,15,17
E06527,010e;020r;120r,2,0,1,infeasible,,,3,15,17
E06528,010e;020r;120r,2,1,0,infeasible,,,2,15,17
E06529,010e;020r;120r,2,1,1,infeasible,,,2,15,17
E06530,010e;020r;120r,3,0,0,optimal,1,0,3,16,18
E06531,010e;020r;120r,3,0,1,infeasible,,,3,16,18
E06532,010e;020r;120r,3,0,2,infeasible,,,3,16,18
E06533,010e;020r;120r,3,1,0,infeasible,,,2,16,18
E06534,010e;020r;120r,3,1,1,infeasible,,,2,16,18
E06535,010e;020r;120r,3,1,2,infeasible,,,2,16,18
E06536,010e;020r;120r,4,0,0,infeasible,,,3,15,17
E06537,010e;020r;120r,4,0,1,infeasible,,,3,15,17
E06538,010e;020r;120r,4,1,0,infeasible,,,2,15,17
E06539,010e;020r;120r,4,1,1,infeasible,,,2,15,17
E06540,010e;020r;120r,5,0,0,optimal,1,0,3,16,18
E06541,010e;020r;120r,5,0,1,infeasible,,,3,16,18
E06542,010e;020r;120r,5,0,2,infeasible,,,3,16,18
E06543,010e;020r;120r,5,1,0,infeasible,,,2,16,18
E06544,010e;020r;120r,5,1,1,infeasible,,,2,16,18
E06545,010e;020r;120r,5,1,2,infeasible,,,2,16,18
E06546,010e;020r;120r,6,0,0,infeasible,,,3,16,18
E06547,010e;020r;120r,6,0,1,infeasible,,,3,16,18
E06548,010e;020r;120r,6,0,2,infeasible,,,3,16,18
E06549,010e;020r;120r,6,1,0,infeasible,,,2,16,18
E06550,010e;020r;120r,6,1,1,infeasible,,,2,16,18
E06551,010e;020r;120r,6,1,2,infeasible,,,2,16,18
E06552,010e;020r;120r,7,0,0,optimal,1,0,3,17,19
E06553,010e;020r;120r,7,0,1,infeasible,,,3,17,19
E06554,010e;020r;120r,7,0,2,infeasible,,,3,17,19
E06555,010e;020r;120r,7,0,3,infeasible,,,3,17,19
E06556,010e;020r;120r,7,1,0,infeasible,,,2,17,19
E06557,010e;020r;120r,7,1,1,infeasible,,,2,17,19
E06558,010e;020r;120r,7,1,2,infeasible,,,2,17,19
E06559,010e;020r;120r,7,1,3,infeasible,,,2,17,19
E06560,010e;020r;120e,0,0,0,infeasible,,,4,14,17
E06561,010e;020r;120e,0,1,0,infeasible,,,2,14,17
E06562,010e;020r;120e,1,0,0,optimal,1,0,4,15,18
E06563,010e;020r;120e,1,0,1,infeasible,,,4,15,18
E06564,010e;020r;120e,1,1,0,infeasible,,,2,15,18
E06565,010e;020r;120e,1,1,1,infeasible,,,2,15,18
E06566,010e;020r;120e,2,0,0,infeasible,,,4,15,18
E06567,010e;020r;120e,2,0,1,infeasible,,,4,15,18
E06568,010e;020r;120e,2,1,0,infeasible,,,2,15,18
E06569,010e;020r;120e,2,1,1,infeasible,,,2,15,18
E06570,010e;020r;120e,3,0,0,optimal,1,0,4,16,19
E06571,010e;020r;120e,3,0,1,infeasible,,,4,16,19
E06572,010e;020r;120e,3,0,2,infeasible,,,4,16,19
E06573,010e;020r;120e,3,1,0,infeasible,,,2,16,19
E06574,010e;020r;120e,3,1,1,infeasible,,,2,16,19
E06575,010e;020r;120e,3,1,2,infeasible,,,2,16,19
E06576,010e;020r;120e,4,0,0,infeasible,,,4,15,18
E06577,010e;020r;120e,4,0,1,infeasible,,,4,15,18
E06578,010e;020r;120e,4,1,0,infeasible,,,2,15,18
E06579,010e;020r;120e,4,1,1,infeasible,,,2,15,18
E06580,010e;020r;120e,5,0,0,optimal,1,0,4,16,19
E06581,010e;020r;120e,5,0,1,infeasible,,,4,16,19
E06582,010e;020r;120e,5,0,2,infeasible,,,4,16,19
E06583,010e;020r;120e,5,1,0,infeasible,,,2,16,19
E06584,010e;020r;120e,5,1,1,infeasible,,,2,16,19
E06585,010e;020r;120e,5,1,2,infeasible,,,2,16,19
E06586,010e;020r;120e,6,0,0,infeasible,,,4,16,19
E06587,010e;020r;120e,6,0,1,infeasible,,,4,16,19
E06588,010e;020r;120e,6,0,2,infeasible,,,4,16,19
E06589,010e;020r;120e,6,1,0,infeasible,,,2,16,19
E06590,010e;020r;120e,6,1,1,infeasible,,,2,16,19
E06591,010e;020r;120e,6,1,2,infeasible,,,2,16,19
E06592,010e;020r;120e,7,0,0,optimal,1,0,4,17,20
E06593,010e;020r;120e,7,0,1,infeasible,,,4,17,20
E06594,010e;020r;120e,7,0,2,infeasible,,,4,17,20
E06595,010e;020r;120e,7,0,3,infeasible,,,4,17,20
E06596,010e;020r;120e,7,1,0,infeasible,,,2,17,20
E06597,010e;020r;120e,7,1,1,infeasible,,,2,17,20
E06598,010e;020r;120e,7,1,2,infeasible,,,2,17,20
E06599,010e;020r;120e,7,1,3,infeasible,,,2,17,20
E06600,010e;020r;121k,0,0,0,infeasible,,,2,14,15
E06601,010e;020r;121k,0,1,0,infeasible,,,1,14,15
E06602,010e;020r;121k,1,0,0,optimal,1,0,2,15,16
E06603,010e;020r;121k,1,0,1,infeasible,,,2,15,16
E06604,010e;020r;121k,1,1,0,infeasible,,,1,15,16
E06605,010e;020r;121k,1,1,1,infeasible,,,1,15,16
E06606,010e;020r;121k,2,0,0,infeasible,,,2,15,16
E06607,010e;020r;121k,2,0,1,infeasible,,,2,15,16
E06608,010e;020r;121k,2,1,0,infeasible,,,1,15,16
E06609,010e;020r;121k,2,1,1,infeasible,,,1,15,16
E06610,010e;020r;121k,3,0,0,optimal,1,0,2,16,17
E06611,010e;020r;121k,3,0,1,infeasible,,,2,16,17
E06612,010e;020r;121k,3,0,2,infeasible,,,2,16,17
E06613,010e;020r;121k,3,1,0,infeasible,,,1,16,17
E06614,010e;020r;121k,3,1,1,infeasible,,,1,16,17
E06615,010e;020r;121k,3,1,2,infeasible,,,1,16,17
E06616,010e;020r;121k,4,0,0,infeasible,,,2,15,16
E06617,010e;020r;121k,4,0,1,infeasible,,,2,15,16
E06618,010e;020r;121k,4,1,0,infeasible,,,1,15,16
E06619,010e;020r;121k,4,1,1,infeasible,,,1,15,16
E06620,010e;020r;121k,5,0,0,optimal,1,0,2,16,17
E06621,010e;020r;121k,5,0,1,infeasible,,,2,16,17
E06622,010e;020r;121k,5,0,2,infeasible,,,2,16,17
E06623,010e;020r;121k,5,1,0,infeasible,,,1,16,17
E06624,010e;020r;121k,5,1,1,infeasible,,,1,16,17
E06625,010e;020r;121k,5,1,2,infeasible,,,1,16,17
E06626,010e;020r;121k,6,0,0,infeasible,,,2,16,17
E06627,010e;020r;121k,6,0,1,infeasible,,,2,16,17
E06628,010e;020r;121k,6,0,2,infeasible,,,2,16,17
E06629,010e;020r;121k,6,1,0,infeasible,,,1,16,17
E06630,010e;020r;121k,6,1,1,infeasible,,,1,16,17
E06631,010e;020r;121k,6,1,2,infeasible,,,1,16,17
E06632,010e;020r;121k,7,0,0,optimal,1,0,2,17,18
E06633,010e;020r;121k,7,0,1,infeasible,,,2,17,18
E06634,010e;020r;121k,7,0,2,infeasible,,,2,17,18
E06635,010e;020r;121k,7,0,3,infeasible,,,2,17,18
E06636,010e;020r;121k,7,1,0,infeasible,,,1,17,18
E06637,010e;020r;121k,7,1,1,infeasible,,,1,17,18
E06638,010e;020r;121k,7,1,2,infeasible,,,1,17,18
E06639,010e;020r;121k,7,1,3,infeasible,,,1,17,18
E06640,010e;020r;121r,0,0,0,infeasible,,,2,14,15
E06641,010e;020r;121r,0,1,0,infeasible,,,1,14,15
E06642,010e;020r;121r,1,0,0,optimal,1,0,2,15,16
E06643,010e;020r;121r,1,0,1,infeasible,,,2,15,16
E06644,010e;020r;121r,1,1,0,infeasible,,,1,15,16
E06645,010e;020r;121r,1,1,1,infeasible,,,1,15,16
E06646,010e;020r;121r,2,0,0,infeasible,,,2,15,16
E06647,010e;020r;121r,2,0,1,infeasible,,,2,15,16
E06648,010e;020r;121r,2,1,0,infeasible,,,1,15,16
E06649,010e;020r;121r,2,1,1,infeasible,,,1,15,16
E06650,010e;020r;121r,3,0,0,optimal,1,0,2,16,17
E06651,010e;020r;121r,3,0,1,infeasible,,,2,16,17
E06652,010e;020r;121r,3,0,2,infeasible,,,2,16,17
E06653,010e;020r;121r,3,1,0,infeasible,,,1,16,17
E06654,010e;020r;121r,3,1,1,infeasible,,,1,16,17
E06655,010e;020r;121r,3,1,2,infeasible,,,1,16,17
E06656,010e;020r;121r,4,0,0,infeasible,,,2,15,16
E06657,010e;020r;121r,4,0,1,infeasible,,,2,15,16
E06658,010e;020r;121r,4,1,0,infeasible,,,1,15,16
E06659,010e;020r;121r,4,1,1,infeasible,,,1,15,16
E06660,010e;020r;121r,5,0,0,optimal,1,0,2,16,17
E06661,010e;020r;121r,5,0,1,infeasible,,,2,16,17
E06662,010e;020r;121r,5,0,2,infeasible,,,2,16,17
E06663,010e;020r;121r,5,1,0,infeasible,,,1,16,17
E06664,010e;020r;121r,5,1,1,infeasible,,,1,16,17
E06665,010e;020r;121r,5,1,2,infeasible,,,1,16,17
E06666,010e;020r;121r,6,0,0,infeasible,,,2,16,17
E06667,010e;020r;121r,6,0,1,infeasible,,,2,16,17
E06668,010e;020r;121r,6,0,2,infeasible,,,2,16,17
E06669,010e;020r;121r,6,1,0,infeasible,,,1,16,17
E06670,010e;020r;121r,6,1,1,infeasible,,,1,16,17
E06671,010e;020r;121r,6,1,2,infeasible,,,1,16,17
E06672,010e;020r;121r,7,0,0,optimal,1,0,2,17,18
E06673,010e;020r;121r,7,0,1,infeasible,,,2,17,18
E06674,010e;020r;121r,7,0,2,infeasible,,,2,17,18
E06675,010e;020r;121r,7,0,3,infeasible,,,2,17,18
E06676,010e;020r;121r,7,1,0,infeasible,,,1,17,18
E06677,010e;020r;121r,7,1,1,infeasible,,,1,17,18
E06678,010e;020r;121r,7,1,2,infeasible,,,1,17,18
E06679,010e;020r;121r,7,1,3,infeasible,,,1,17,18
E06680,010e;020r;121e,0,0,0,infeasible,,,3,14,16
E06681,010e;020r;121e,0,1,0,infeasible,,,1,14,16
E06682,010e;020r;121e,1,0,0,optimal,1,0,3,15,17
E06683,010e;020r;121e,1,0,1,infeasible,,,3,15,17
E06684,010e;020r;121e,1,1,0,infeasible,,,1,15,17
E06685,010e;020r;121e,1,1,1,infeasible,,,1,15,17
E06686,010e;020r;121e,2,0,0,infeasible,,,3,15,17
E06687,010e;020r;121e,2,0,1,infeasible,,,3,15,17
E06688,010e;020r;121e,2,1,0,infeasible,,,1,15,17
E06689,010e;020r;121e,2,1,1,infeasible,,,1,15,17
E06690,010e;020r;121e,3,0,0,optimal,1,0,3,16,18
E06691,010e;020r;121e,3,0,1,infeasible,,,3,16,18
E06692,010e;020r;121e,3,0,2,infeasible,,,3,16,18
E06693,010e;020r;121e,3,1,0,infeasible,,,1,16,18
E06694,010e;020r;121e,3,1,1,infeasible,,,1,16,18
E06695,010e;020r;121e,3,1,2,infeasible,,,1,16,18
E06696,010e;020r;121e,4,0,0,infeasible,,,3,15,17
E06697,010e;020r;121e,4,0,1,infeasible,,,3,15,17
E06698,010e;020r;121e,4,1,0,infeasible,,,1,15,17
E06699,010e;020r;121e,4,1,1,infeasible,,,1,15,17
E06700,010e;020r;121e,5,0,0,optimal,1,0,3,16,18
E06701,010e;020r;121e,5,0,1,infeasible,,,3,16,18
E06702,010e;020r;121e,5,0,2,infeasible,,,3,16,18
E06703,010e;020r;121e,5,1,0,infeasible,,,1,16,18
E06704,010e;020r;121e,5,1,1,infeasible,,,1,16,18
E06705,010e;020r;121e,5,1,2,infeasible,,,1,16,18
E06706,010e;020r;121e,6,0,0,infeasible,,,3,16,18
E06707,010e;020r;121e,6,0,1,infeasible,,,3,16,18
E06708,010e;020r;121e,6,0,2,infeasible,,,3,16,18
E06709,010e;020r;121e,6,1,0,infeasible,,,1,16,18
E06710,010e;020r;121e,6,1,1,infeasible,,,1,16,18
E06711,010e;020r;121e,6,1,2,infeasible,,,1,16,18
E06712,010e;020r;121e,7,0,0,optimal,1,0,3,17,19
E06713,010e;020r;121e,7,0,1,infeasible,,,3,17,19
E06714,010e;020r;121e,7,0,2,infeasible,,,3,17,19
E06715,010e;020r;121e,7,0,3,infeasible,,,3,17,19
E06716,010e;020r;121e,7,1,0,infeasible,,,1,17,19
E06717,010e;020r;121e,7,1,1,infeasible,,,1,17,19
E06718,010e;020r;121e,7,1,2,infeasible,,,1,17,19
E06719,010e;020r;121e,7,1,3,infeasible,,,1,17,19
E06720,010e;020e,0,0,0,infeasible,,,2,14,15
E06721,010e;020e,0,1,0,infeasible,,,1,14,15
E06722,010e;020e,1,0,0,optimal,1,0,2,15,16
E06723,010e;020e,1,0,1,infeasible,,,2,15,16
E06724,010e;020e,1,1,0,infeasible,,,1,15,16
E06725,010e;020e,1,1,1,infeasible,,,1,15,16
E06726,010e;020e,2,0,0,infeasible,,,2,15,16
E06727,010e;020e,2,0,1,infeasible,,,2,15,16
E06728,010e;020e,2,1,0,infeasible,,,1,15,16
E06729,010e;020e,2,1,1,infeasible,,,1,15,16
E06730,010e;020e,3,0,0,optimal,1,0,2,16,17
E06731,010e;020e,3,0,1,infeasible,,,2,16,17
E06732,010e;020e,3,0,2,infeasible,,,2,16,17
E06733,010e;020e,3,1,0,infeasible,,,1,16,17
E06734,010e;020e,3,1,1,infeasible,,,1,16,17
E06735,010e;020e,3,1,2,infeasible,,,1,16,17
E06736,010e;020e,4,0,0,infeasible,,,2,15,16
E06737,010e;020e,4,0,1,infeasible,,,2,15,16
E06738,010e;020e,4,1,0,infeasible,,,1,15,16
E06739,010e;020e,4,1,1,infeasible,,,1,15,16
E06740,010e;020e,5,0,0,optimal,1,0,2,16,17
E06741,010e;020e,5,0,1,infeasible,,,2,16,17
E06742,010e;020e,5,0,2,infeasible,,,2,16,17
E06743,010e;020e,5,1,0,infeasible,,,1,16,17
E06744,010e;020e,5,1,1,infeasible,,,1,16,17
E06745,010e;020e,5,1,2,infeasible,,,1,16,17
E06746,010e;020e,6,0,0,infeasible,,,2,16,17
E06747,010e;020e,6,0,1,infeasible,,,2,16,17
E06748,010e;020e,6,0,2,infeasible,,,2,16,17
E06749,010e;020e,6,1,0,infeasible,,,1,16,17
E06750,010e;020e,6,1,1,infeasible,,,1,16,17
E06751,010e;020e,6,1,2,infeasible,,,1,16,17
E06752,010e;020e,7,0,0,optimal,1,0,2,17,18
E06753,010e;020e,7,0,1,infeasible,,,2,17,18
E06754,010e;020e,7,0,2,infeasible,,,2,17,18
E06755,010e;020e,7,0,3,infeasible,,,2,17,18
E06756,010e;020e,7,1,0,infeasible,,,1,17,18
E06757,010e;020e,7,1,1,infeasible,,,1,17,18
E06758,010e;020e,7,1,2,infeasible,,,1,17,18
E06759,010e;020e,7,1,3,infeasible,,,1,17,18
E06760,010e;020e;120k,0,0,0,infeasible,,,4,14,17
E06761,010e;020e;120k,0,1,0,infeasible,,,2,14,17
E06762,010e;020e;120k,1,0,0,optimal,1,0,4,15,18
E06763,010e;020e;120k,1,0,1,infeasible,,,4,15,18
E06764,010e;020e;120k,1,1,0,infeasible,,,2,15,18
E06765,010e;020e;120k,1,1,1,infeasible,,,2,15,18
E06766,010e;020e;120k,2,0,0,infeasible,,,4,15,18
E06767,010e;020e;120k,2,0,1,infeasible,,,4,15,18
E06768,010e;020e;120k,2,1,0,infeasible,,,2,15,18
E06769,010e;020e;120k,2,1,1,infeasible,,,2,15,18
E06770,010e;020e;120k,3,0,0,optimal,1,0,4,16,19
E06771,010e;020e;120k,3,0,1,infeasible,,,4,16,19
E06772,010e;020e;120k,3,0,2,infeasible,,,4,16,19
E06773,010e;020e;120k,3,1,0,infeasible,,,2,16,19
E06774,010e;020e;120k,3,1,1,infeasible,,,2,16,19
E06775,010e;020e;120k,3,1,2,infeasible,,,2,16,19
E06776,010e;020e;120k,4,0,0,infeasible,,,4,15,18
E06777,010e;020e;120k,4,0,1,infeasible,,,4,15,18
E06778,010e;020e;120k,4,1,0,infeasible,,,2,15,18
E06779,010e;020e;120k,4,1,1,infeasible,,,2,15,18
E06780,010e;020e;120k,5,0,0,optimal,1,0,4,16,19
E06781,010e;020e;120k,5,0,1,infeasible,,,4,16,19
E06782,010e;020e;120k,5,0,2,infeasible,,,4,16,19
E06783,010e;020e;120k,5,1,0,infeasible,,,2,16,19
E06784,010e;020e;120k,5,1,1,infeasible,,,2,16,19
E06785,010e;020e;120k,5,1,2,infeasible,,,2,16,19
E06786,010e;020e;120k,6,0,0,infeasible,,,4,16,19
E06787,010e;020e;120k,6,0,1,infeasible,,,4,16,19
E06788,010e;020e;120k,6,0,2,infeasible,,,4,16,19
E06789,010e;020e;120k,6,1,0,infeasible,,,2,16,19
E06790,010e;020e;120k,6,1,1,infeasible,,,2,16,19
E06791,010e;020e;120k,6,1,2,infeasible,,,2,16,19
E06792,010e;020e;120k,7,0,0,optimal,1,0,4,17,20
E06793,010e;020e;120k,7,0,1,infeasible,,,4,17,20
E06794,010e;020e;120k,7,0,2,infeasible,,,4,17,20
E06795,010e;020e;120k,7,0,3,infeasible,,,4,17,20
E06796,010e;020e;120k,7,1,0,infeasible,,,2,17,20
E06797,010e;020e;120k,7,1,1,infeasible,,,2,17,20
E06798,010e;020e;120k,7,1,2,infeasible,,,2,17,20
E06799,010e;020e;120k,7,1,3,infeasible,,,2,17,20
E06800,010e;020e;120r,0,0,0,infeasible,,,4,14,17
E06801,010e;020e;120r,0,1,0,infeasible,,,2,14,17
E06802,010e;020e;120r,1,0,0,optimal,1,0,4,15,18
E06803,010e;020e;120r,1,0,1,infeasible,,,4,15,18
E06804,010e;020e;120r,1,1,0,infeasible,,,2,15,18
E06805,010e;020e;120r,1,1,1,infeasible,,,2,15,18
E06806,010e;020e;120r,2,0,0,infeasible,,,4,15,18
E06807,010e;020e;120r,2,0,1,infeasible,,,4,15,18
E06808,010e;020e;120r,2,1,0,infeasible,,,2,15,18
E06809,010e;020e;120r,2,1,1,infeasible,,,2,15,18
E06810,010e;020e;120r,3,0,0,optimal,1,0,4,16,19
E06811,010e;020e;120r,3,0,1,infeasible,,,4,16,19
E06812,010e;020e;120r,3,0,2,infeasible,,,4,16,19
E06813,010e;020e;120r,3,1,0,infeasible,,,2,16,19
E06814,010e;020e;120r,3,1,1,infeasible,,,2,16,19
E06815,010e;020e;120r,3,1,2,infeasible,,,2,16,19
E06816,010e;020e;120r,4,0,0,infeasible,,,4,15,18
E06817,010e;020e;120r,4,0,1,infeasible,,,4,15,18
E06818,010e;020e;120r,4,1,0,infeasible,,,2,15,18
E06819,010e;020e;120r,4,1,1,infeasible,,,2,15,18
E06820,010e;020e;120r,5,0,0,optimal,1,0,4,16,19
E06821,010e;020e;120r,5,0,1,infeasible,,,4,16,19
E06822,010e;020e;120r,5,0,2,infeasible,,,4,16,19
E06823,010e;020e;120r,5,1,0,infeasible,,,2,16,19
E06824,010e;020e;120r,5,1,1,infeasible,,,2,16,19
E06825,010e;020e;120r,5,1,2,infeasible,,,2,16,19
E06826,010e;020e;120r,6,0,0,infeasible,,,4,16,19
E06827,010e;020e;120r,6,0,1,infeasible,,,4,16,19
E06828,010e;020e;120r,6,0,2,infeasible,,,4,16,19
E06829,010e;020e;120r,6,1,0,infeasible,,,2,16,19
E06830,010e;020e;120r,6,1,1,infeasible,,,2,16,19
E06831,010e;020e;120r,6,1,2,infeasible,,,2,16,19
E06832,010e;020e;120r,7,0,0,optimal,1,0,4,17,20
E06833,010e;020e;120r,7,0,1,infeasible,,,4,17,20
E06834,010e;020e;120r,7,0,2,infeasible,,,4,17,20
E06835,010e;020e;120r,7,0,3,infeasible,,,4,17,20
E06836,010e;020e;120r,7,1,0,infeasible,,,2,17,20
E06837,010e;020e;120r,7,1,1,infeasible,,,2,17,20
E06838,010e;020e;120r,7,1,2,infeasible,,,2,17,20
E06839,010e;020e;120r,7,1,3,infeasible,,,2,17,20
E06840,010e;020e;120e,0,0,0,infeasible,,,5,14,18
E06841,010e;020e;120e,0,1,0,infeasible,,,2,14,18
E06842,010e;020e;120e,1,0,0,optimal,1,0,5,15,19
E06843,010e;020e;120e,1,0,1,infeasible,,,5,15,19
E06844,010e;020e;120e,1,1,0,infeasible,,,2,15,19
E06845,010e;020e;120e,1,1,1,infeasible,,,2,15,19
E06846,010e;020e;120e,2,0,0,infeasible,,,5,15,19
E06847,010e;020e;120e,2,0,1,infeasible,,,5,15,19
E06848,010e;020e;120e,2,1,0,infeasible,,,2,15,19
E06849,010e;020e;120e,2,1,1,infeasible,,,2,15,19
E06850,010e;020e;120e,3,0,0,optimal,1,0,5,16,20
E06851,010e;020e;120e,3,0,1,infeasible,,,5,16,20
E06852,010e;020e;120e,3,0,2,infeasible,,,5,16,20
E06853,010e;020e;120e,3,1,0,infeasible,,,2,16,20
E06854,010e;020e;120e,3,1,1,infeasible,,,2,16,20
E06855,010e;020e;120e,3,1,2,infeasible,,,2,16,20
E06856,010e;020e;120e,4,0,0,infeasible,,,5,15,19
E06857,010e;020e;120e,4,0,1,infeasible,,,5,15,19
E06858,010e;020e;120e,4,1,0,infeasible,,,2,15,19
E06859,010e;020e;120e,4,1,1,infeasible,,,2,15,19
E06860,010e;020e;120e,5,0,0,optimal,1,0,5,16,20
E06861,010e;020e;120e,5,0,1,infeasible,,,5,16,20
E06862,010e;020e;120e,5,0,2,infeasible,,,5,16,20
E06863,010e;020e;120e,5,1,0,infeasible,,,2,16,20
E06864,010e;020e;120e,5,1,1,infeasible,,,2,16,20
E06865,010e;020e;120e,5,1,2,infeasible,,,2,16,20
E06866,010e;020e;120e,6,0,0,infeasible,,,5,16,20
E06867,010e;020e;120e,6,0,1,infeasible,,,5,16,20
E06868,010e;020e;120e,6,0,2,infeasible,,,5,16,20
E06869,010e;020e;120e,6,1,0,infeasible,,,2,16,20
E06870,010e;020e;120e,6,1,1,infeasible,,,2,16,20
E06871,010e;020e;120e,6,1,2,infeasible,,,2,16,20
E06872,010e;020e;120e,7,0,0,optimal,1,0,5,17,21
E06873,010e;020e;120e,7,0,1,infeasible,,,5,17,21
E06874,010e;020e;120e,7,0,2,infeasible,,,5,17,21
E06875,010e;020e;120e,7,0,3,infeasible,,,5,17,21
E06876,010e;020e;120e,7,1,0,infeasible,,,2,17,21
E06877,010e;020e;120e,7,1,1,infeasible,,,2,17,21
E06878,010e;020e;120e,7,1,2,infeasible,,,2,17,21
E06879,010e;020e;120e,7,1,3,infeasible,,,2,17,21
E06880,010e;020e;121k,0,0,0,infeasible,,,3,14,16
E06881,010e;020e;121k,0,1,0,infeasible,,,1,14,16
E06882,010e;020e;121k,1,0,0,optimal,1,0,3,15,17
E06883,010e;020e;121k,1,0,1,infeasible,,,3,15,17
E06884,010e;020e;121k,1,1,0,infeasible,,,1,15,17
E06885,010e;020e;121k,1,1,1,infeasible,,,1,15,17
E06886,010e;020e;121k,2,0,0,infeasible,,,3,15,17
E06887,010e;020e;121k,2,0,1,infeasible,,,3,15,17
E06888,010e;020e;121k,2,1,0,infeasible,,,1,15,17
E06889,010e;020e;121k,2,1,1,infeasible,,,1,15,17
E06890,010e;020e;121k,3,0,0,optimal,1,0,3,16,18
E06891,010e;020e;121k,3,0,1,infeasible,,,3,16,18
E06892,010e;020e;121k,3,0,2,infeasible,,,3,16,18
E06893,010e;020e;121k,3,1,0,infeasible,,,1,16,18
E06894,010e;020e;121k,3,1,1,infeasible,,,1,16,18
E06895,010e;020e;121k,3,1,2,infeasible,,,1,16,18
E06896,010e;020e;121k,4,0,0,infeasible,,,3,15,17
E06897,010e;020e;121k,4,0,1,infeasible,,,3,15,17
E06898,010e;020e;121k,4,1,0,infeasible,,,1,15,17
E06899,010e;020e;121k,4,1,1,infeasible,,,1,15,17
E06900,010e;020e;121k,5,0,0,optimal,1,0,3,16,18
E06901,010e;020e;121k,5,0,1,infeasible,,,3,16,18
E06902,010e;020e;121k,5,0,2,infeasible,,,3,16,18
E06903,010e;020e;121k,5,1,0,infeasible,,,1,16,18
E06904,010e;020e;121k,5,1,1,infeasible,,,1,16,18
E06905,010e;020e;121k,5,1,2,infeasible,,,1,16,18
E06906,010e;020e;121k,6,0,0,infeasible,,,3,16,18
E06907,010e;020e;121k,6,0,1,infeasible,,,3,16,18
E06908,010e;020e;121k,6,0,2,infeasible,,,3,16,18
E06909,010e;020e;121k,6,1,0,infeasible,,,1,16,18
E06910,010e;020e;121k,6,1,1,infeasible,,,1,16,18
E06911,010e;020e;121k,6,1,2,infeasible,,,1,16,18
E06912,010e;020e;121k,7,0,0,optimal,1,0,3,17,19
E06913,010e;020e;121k,7,0,1,infeasible,,,3,17,19
E06914,010e;020e;121k,7,0,2,infeasible,,,3,17,19
E06915,010e;020e;121k,7,0,3,infeasible,,,3,17,19
E06916,010e;020e;121k,7,1,0,infeasible,,,1,17,19
E06917,010e;020e;121k,7,1,1,infeasible,,,1,17,19
E06918,010e;020e;121k,7,1,2,infeasible,,,1,17,19
E06919,010e;020e;121k,7,1,3,infeasible,,,1,17,19
E06920,010e;020e;121r,0,0,0,infeasible,,,3,14,16
E06921,010e;020e;121r,0,1,0,infeasible,,,1,14,16
E06922,010e;020e;121r,1,0,0,optimal,1,0,3,15,17
E06923,010e;020e;121r,1,0,1,infeasible,,,3,15,17
E06924,010e;020e;121r,1,1,0,infeasible,,,1,15,17
E06925,010e;020e;121r,1,1,1,infeasible,,,1,15,17
E06926,010e;020e;121r,2,0,0,infeasible,,,3,15,17
E06927,010e;020e;121r,2,0,1,infeasible,,,3,15,17
E06928,010e;020e;121r,2,1,0,infeasible,,,1,15,17
E06929,010e;020e;121r,2,1,1,infeasible,,,1,15,17
E06930,010e;020e;121r,3,0,0,optimal,1,0,3,16,18
E06931,010e;020e;121r,3,0,1,infeasible,,,3,16,18
E06932,010e;020e;121r,3,0,2,infeasible,,,3,16,18
E06933,010e;020e;121r,3,1,0,infeasible,,,1,16,18
E06934,010e;020e;121r,3,1,1,infeasible,,,1,16,18
E06935,010e;020e;121r,3,1,2,infeasible,,,1,16,18
E06936,010e;020e;121r,4,0,0,infeasible,,,3,15,17
E06937,010e;020e;121r,4,0,1,infeasible,,,3,15,17
E06938,010e;020e;121r,4,1,0,infeasible,,,1,15,17
E06939,010e;020e;121r,4,1,1,infeasible,,,1,15,17
E06940,010e;020e;121r,5,0,0,optimal,1,0,3,16,18
E06941,010e;020e;121r,5,0,1,infeasible,,,3,16,18
E06942,010e;020e;121r,5,0,2,infeasible,,,3,16,18
E06943,010e;020e;121r,5,1,0,infeasible,,,1,16,18
E06944,010e;020e;121r,5,1,1,infeasible,,,1,16,18
E06945,010e;020e;121r,5,1,2,infeasible,,,1,16,18
E06946,010e;020e;121r,6,0,0,infeasible,,,3,16,18
E06947,010e;020e;121r,6,0,1,infeasible,,,3,16,18
E06948,010e;020e;121r,6,0,2,infeasible,,,3,16,18
E06949,010e;020e;121r,6,1,0,infeasible,,,1,16,18
E06950,010e;020e;121r,6,1,1,infeasible,,,1,16,18
E06951,010e;020e;121r,6,1,2,infeasible,,,1,16,18
E06952,010e;020e;121r,7,0,0,optimal,1,0,3,17,19
E06953,010e;020e;121r,7,0,1,infeasible,,,3,17,19
E06954,010e;020e;121r,7,0,2,infeasible,,,3,17,19
E06955,010e;020e;121r,7,0,3,infeasible,,,3,17,19
E06956,010e;020e;121r,7,1,0,infeasible,,,1,17,19
E06957,010e;020e;121r,7,1,1,infeasible,,,1,17,19
E06958,010e;020e;121r,7,1,2,infeasible,,,1,17,19
E06959,010e;020e;121r,7,1,3,infeasible,,,1,17,19
E06960,010e;020e;121e,0,0,0,infeasible,,,4,14,17
E06961,010e;020e;121e,0,1,0,infeasible,,,1,14,17
E06962,010e;020e;121e,1,0,0,optimal,1,0,4,15,18
E06963,010e;020e;121e,1,0,1,infeasible,,,4,15,18
E06964,010e;020e;121e,1,1,0,infeasible,,,1,15,18
E06965,010e;020e;121e,1,1,1,infeasible,,,1,15,18
E06966,010e;020e;121e,2,0,0,infeasible,,,4,15,18
E06967,010e;020e;121e,2,0,1,infeasible,,,4,15,18
E06968,010e;020e;121e,2,1,0,infeasible,,,1,15,18
E06969,010e;020e;121e,2,1,1,infeasible,,,1,15,18
E06970,010e;020e;121e,3,0,0,optimal,1,0,4,16,19
E06971,010e;020e;121e,3,0,1,infeasible,,,4,16,19
E06972,010e;020e;121e,3,0,2,infeasible,,,4,16,19
E06973,010e;020e;121e,3,1,0,infeasible,,,1,16,19
E06974,010e;020e;121e,3,1,1,infeasible,,,1,16,19
E06975,010e;020e;121e,3,1,2,infeasible,,,1,16,19
E06976,010e;020e;121e,4,0,0,infeasible,,,4,15,18
E06977,010e;020e;121e,4,0,1,infeasible,,,4,15,18
E06978,010e;020e;121e,4,1,0,infeasible,,,1,15,18
E06979,010e;020e;121e,4,1,1,infeasible,,,1,15,18
E06980,010e;020e;121e,5,0,0,optimal,1,0,4,16,19
E06981,010e;020e;121e,5,0,1,infeasible,,,4,16,19
E06982,010e;020e;121e,5,0,2,infeasible,,,4,16,19
E06983,010e;020e;121e,5,1,0,infeasible,,,1,16,19
E06984,010e;020e;121e,5,1,1,infeasible,,,1,16,19
E06985,010e;020e;121e,5,1,2,infeasible,,,1,16,19
E06986,010e;020e;121e,6,0,0,infeasible,,,4,16,19
E06987,010e;020e;121e,6,0,1,infeasible,,,4,16,19
E06988,010e;020e;121e,6,0,2,infeasible,,,4,16,19
E06989,010e;020e;121e,6,1,0,infeasible,,,1,16,19
E06990,010e;020e;121e,6,1,1,infeasible,,,1,16,19
E06991,010e;020e;121e,6,1,2,infeasible,,,1,16,19
E06992,010e;020e;121e,7,0,0,optimal,1,0,4,17,20
E06993,010e;020e;121e,7,0,1,infeasible,,,4,17,20
E06994,010e;020e;121e,7,0,2,infeasible,,,4,17,20
E06995,010e;020e;121e,7,0,3,infeasible,,,4,17,20
E06996,010e;020e;121e,7,1,0,infeasible,,,1,17,20
E06997,010e;020e;121e,7,1,1,infeasible,,,1,17,20
E06998,010e;020e;121e,7,1,2,infeasible,,,1,17,20
E06999,010e;020e;121e,7,1,3,infeasible,,,1,17,20
E07000,010e;021k,0,0,0,infeasible,,,1,14,13
E07001,010e;021k,0,1,0,vacuous,0,,0,14,13
E07002,010e;021k,1,0,0,optimal,1,0,1,15,14
E07003,010e;021k,1,0,1,infeasible,,,1,15,14
E07004,010e;021k,1,1,0,vacuous,0,,0,15,14
E07005,010e;021k,1,1,1,vacuous,0,,0,15,14
E07006,010e;021k,2,0,0,infeasible,,,1,15,14
E07007,010e;021k,2,0,1,infeasible,,,1,15,14
E07008,010e;021k,2,1,0,vacuous,0,,0,15,14
E07009,010e;021k,2,1,1,vacuous,0,,0,15,14
E07010,010e;021k,3,0,0,optimal,1,0,1,16,15
E07011,010e;021k,3,0,1,infeasible,,,1,16,15
E07012,010e;021k,3,0,2,infeasible,,,1,16,15
E07013,010e;021k,3,1,0,vacuous,0,,0,16,15
E07014,010e;021k,3,1,1,vacuous,0,,0,16,15
E07015,010e;021k,3,1,2,vacuous,0,,0,16,15
E07016,010e;021k,4,0,0,optimal,3,0,1,15,14
E07017,010e;021k,4,0,1,infeasible,,,1,15,14
E07018,010e;021k,4,1,0,vacuous,0,,0,15,14
E07019,010e;021k,4,1,1,vacuous,0,,0,15,14
E07020,010e;021k,5,0,0,optimal,1,0,1,16,15
E07021,010e;021k,5,0,1,optimal,4,0;1,1,16,15
E07022,010e;021k,5,0,2,infeasible,,,1,16,15
E07023,010e;021k,5,1,0,vacuous,0,,0,16,15
E07024,010e;021k,5,1,1,vacuous,0,,0,16,15
E07025,010e;021k,5,1,2,vacuous,0,,0,16,15
E07026,010e;021k,6,0,0,optimal,3,1,1,16,15
E07027,010e;021k,6,0,1,infeasible,,,1,16,15
E07028,010e;021k,6,0,2,infeasible,,,1,16,15
E07029,010e;021k,6,1,0,vacuous,0,,0,16,15
E07030,010e;021k,6,1,1,vacuous,0,,0,16,15
E07031,010e;021k,6,1,2,vacuous,0,,0,16,15
E07032,010e;021k,7,0,0,optimal,1,0,1,17,16
E07033,010e;021k,7,0,1,optimal,4,0;2,1,17,16
E07034,010e;021k,7,0,2,infeasible,,,1,17,16
E07035,010e;021k,7,0,3,infeasible,,,1,17,16
E07036,010e;021k,7,1,0,vacuous,0,,0,17,16
E07037,010e;021k,7,1,1,vacuous,0,,0,17,16
E07038,010e;021k,7,1,2,vacuous,0,,0,17,16
E07039,010e;021k,7,1,3,vacuous,0,,0,17,16
E07040,010e;021k;120k,0,0,0,infeasible,,,3,14,15
E07041,010e;021k;120k,0,1,0,infeasible,,,1,14,15
E07042,010e;021k;120k,1,0,0,optimal,1,0,3,15,16
E07043,010e;021k;120k,1,0,1,infeasible,,,3,15,16
E07044,010e;021k;120k,1,1,0,infeasible,,,1,15,16
E07045,010e;021k;120k,1,1,1,infeasible,,,1,15,16
E07046,010e;021k;120k,2,0,0,infeasible,,,3,15,16
E07047,010e;021k;120k,2,0,1,infeasible,,,3,15,16
E07048,010e;021k;120k,2,1,0,infeasible,,,1,15,16
E07049,010e;021k;120k,2,1,1,infeasible,,,1,15,16
E07050,010e;021k;120k,3,0,0,optimal,1,0,3,16,17
E07051,010e;021k;120k,3,0,1,infeasible,,,3,16,17
E07052,010e;021k;120k,3,0,2,infeasible,,,3,16,17
E07053,010e;021k;120k,3,1,0,infeasible,,,1,16,17
E07054,010e;021k;120k,3,1,1,infeasible,,,1,16,17
E07055,010e;021k;120k,3,1,2,infeasible,,,1,16,17
E07056,010e;021k;120k,4,0,0,infeasible,,,3,15,16
E07057,010e;021k;120k,4,0,1,infeasible,,,3,15,16
E07058,010e;021k;120k,4,1,0,infeasible,,,1,15,16
E07059,010e;021k;120k,4,1,1,infeasible,,,1,15,16
E07060,010e;021k;120k,5,0,0,optimal,1,0,3,16,17
E07061,010e;021k;120k,5,0,1,infeasible,,,3,16,17
E07062,010e;021k;120k,5,0,2,infeasible,,,3,16,17
E07063,010e;021k;120k,5,1,0,infeasible,,,1,16,17
E07064,010e;021k;120k,5,1,1,infeasible,,,1,16,17
E07065,010e;021k;120k,5,1,2,infeasible,,,1,16,17
E07066,010e;021k;120k,6,0,0,infeasible,,,3,16,17
E07067,010e;021k;120k,6,0,1,infeasible,,,3,16,17
E07068,010e;021k;120k,6,0,2,infeasible,,,3,16,17
E07069,010e;021k;120k,6,1,0,infeasible,,,1,16,17
E07070,010e;021k;120k,6,1,1,infeasible,,,1,16,17
E07071,010e;021k;120k,6,1,2,infeasible,,,1,16,17
E07072,010e;021k;120k,7,0,0,optimal,1,0,3,17,18
E07073,010e;021k;120k,7,0,1,infeasible,,,3,17,18
E07074,010e;021k;120k,7,0,2,infeasible,,,3,17,18
E07075,010e;021k;120k,7,0,3,infeasible,,,3,17,18
E07076,010e;021k;120k,7,1,0,infeasible,,,1,17,18
E07077,010e;021k;120k,7,1,1,infeasible,,,1,17,18
E07078,010e;021k;120k,7,1,2,infeasible,,,1,17,18
E07079,010e;021k;120k,7,1,3,infeasible,,,1,17,18
E07080,010e;021k;120r,0,0,0,infeasible,,,3,14,15
E07081,010e;021k;120r,0,1,0,infeasible,,,1,14,15
E07082,010e;021k;120r,1,0,0,optimal,1,0,3,15,16
E07083,010e;021k;120r,1,0,1,infeasible,,,3,15,16
E07084,010e;021k;120r,1,1,0,infeasible,,,1,15,16
E07085,010e;021k;120r,1,1,1,infeasible,,,1,15,16
E07086,010e;021k;120r,2,0,0,infeasible,,,3,15,16
E07087,010e;021k;120r,2,0,1,infeasible,,,3,15,16
E07088,010e;021k;120r,2,1,0,infeasible,,,1,15,16
E07089,010e;021k;120r,2,1,1,infeasible,,,1,15,16
E07090,010e;021k;120r,3,0,0,optimal,1,0,3,16,17
E07091,010e;021k;120r,3,0,1,infeasible,,,3,16,17
E07092,010e;021k;120r,3,0,2,infeasible,,,3,16,17
E07093,010e;021k;120r,3,1,0,infeasible,,,1,16,17
E07094,010e;021k;120r,3,1,1,infeasible,,,1,16,17
E07095,010e;021k;120r,3,1,2,infeasible,,,1,16,17
E07096,010e;021k;120r,4,0,0,infeasible,,,3,15,16
E07097,010e;021k;120r,4,0,1,infeasible,,,3,15,16
E07098,010e;021k;120r,4,1,0,infeasible,,,1,15,16
E07099,010e;021k;120r,4,1,1,infeasible,,,1,15,16
E07100,010e;021k;120r,5,0,0,optimal,1,0,3,16,17
E07101,010e;021k;120r,5,0,1,infeasible,,,3,16,17
E07102,010e;021k;120r,5,0,2,infeasible,,,3,16,17
E07103,010e;021k;120r,5,1,0,infeasible,,,1,16,17
E07104,010e;021k;120r,5,1,1,infeasible,,,1,16,17
E07105,010e;021k;120r,5,1,2,infeasible,,,1,16,17
E07106,010e;021k;120r,6,0,0,infeasible,,,3,16,17
E07107,010e;021k;120r,6,0,1,infeasible,,,3,16,17
E07108,010e;021k;120r,6,0,2,infeasible,,,3,16,17
E07109,010e;021k;120r,6,1,0,infeasible,,,1,16,17
E07110,010e;021k;120r,6,1,1,infeasible,,,1,16,17
E07111,010e;021k;120r,6,1,2,infeasible,,,1,16,17
E07112,010e;021k;120r,7,0,0,optimal,1,0,3,17,18
E07113,010e;021k;120r,7,0,1,infeasible,,,3,17,18
E07114,010e;021k;120r,7,0,2,infeasible,,,3,17,18
E07115,010e;021k;120r,7,0,3,infeasible,,,3,17,18
E07116,010e;021k;120r,7,1,0,infeasible,,,1,17,18
E07117,010e;021k;120r,7,1,1,infeasible,,,1,17,18
E07118,010e;021k;120r,7,1,2,infeasible,,,1,17,18
E07119,010e;021k;120r,7,1,3,infeasible,,,1,17,18
E07120,010e;021k;120e,0,0,0,infeasible,,,4,14,16
E07121,010e;021k;120e,0,1,0,infeasible,,,1,14,16
E07122,010e;021k;120e,1,0,0,optimal,1,0,4,15,17
E07123,010e;021k;120e,1,0,1,infeasible,,,4,15,17
E07124,010e;021k;120e,1,1,0,infeasible,,,1,15,17
E07125,010e;021k;120e,1,1,1,infeasible,,,1,15,17
E07126,010e;021k;120e,2,0,0,infeasible,,,4,15,17
E07127,010e;021k;120e,2,0,1,infeasible,,,4,15,17
E07128,010e;021k;120e,2,1,0,infeasible,,,1,15,17
E07129,010e;021k;120e,2,1,1,infeasible,,,1,15,17
E07130,010e;021k;120e,3,0,0,optimal,1,0,4,16,18
E07131,010e;021k;120e,3,0,1,infeasible,,,4,16,18
E07132,010e;021k;120e,3,0,2,infeasible,,,4,16,18
E07133,010e;021k;120e,3,1,0,infeasible,,,1,16,18
E07134,010e;021k;120e,3,1,1,infeasible,,,1,16,18
E07135,010e;021k;120e,3,1,2,infeasible,,,1,16,18
E07136,010e;021k;120e,4,0,0,infeasible,,,4,15,17
E07137,010e;021k;120e,4,0,1,infeasible,,,4,15,17
E07138,010e;021k;120e,4,1,0,infeasible,,,1,15,17
E07139,010e;021k;120e,4,1,1,infeasible,,,1,15,17
E07140,010e;021k;120e,5,0,0,optimal,1,0,4,16,18
E07141,010e;021k;120e,5,0,1,infeasible,,,4,16,18
E07142,010e;021k;120e,5,0,2,infeasible,,,4,16,18
E07143,010e;021k;120e,5,1,0,infeasible,,,1,16,18
E07144,010e;021k;120e,5,1,1,infeasible,,,1,16,18
E07145,010e;021k;120e,5,1,2,infeasible,,,1,16,18
E07146,010e;021k;120e,6,0,0,infeasible,,,4,16,18
E07147,010e;021k;120e,6,0,1,infeasible,,,4,16,18
E07148,010e;021k;120e,6,0,2,infeasible,,,4,16,18
E07149,010e;021k;120e,6,1,0,infeasible,,,1,16,18
E07150,010e;021k;120e,6,1,1,infeasible,,,1,16,18
E07151,010e;021k;120e,6,1,2,infeasible,,,1,16,18
E07152,010e;021k;120e,7,0,0,optimal,1,0,4,17,19
E07153,010e;021k;120e,7,0,1,infeasible,,,4,17,19
E07154,010e;021k;120e,7,0,2,infeasible,,,4,17,19
E07155,010e;021k;120e,7,0,3,infeasible,,,4,17,19
E07156,010e;021k;120e,7,1,0,infeasible,,,1,17,19
E07157,010e;021k;120e,7,1,1,infeasible,,,1,17,19
E07158,010e;021k;120e,7,1,2,infeasible,,,1,17,19
E07159,010e;021k;120e,7,1,3,infeasible,,,1,17,19
E07160,010e;021k;121k,0,0,0,infeasible,,,2,14,14
E07161,010e;021k;121k,0,1,0,vacuous,0,,0,14,14
E07162,010e;021k;121k,1,0,0,optimal,1,0,2,15,15
E07163,010e;021k;121k,1,0,1,infeasible,,,2,15,15
E07164,010e;021k;121k,1,1,0,vacuous,0,,0,15,15
E07165,010e;021k;121k,1,1,1,vacuous,0,,0,15,15
E07166,010e;021k;121k,2,0,0,infeasible,,,2,15,15
E07167,010e;021k;121k,2,0,1,infeasible,,,2,15,15
E07168,010e;021k;121k,2,1,0,vacuous,0,,0,15,15
E07169,010e;021k;121k,2,1,1,vacuous,0,,0,15,15
E07170,010e;021k;121k,3,0,0,optimal,1,0,2,16,16
E07171,010e;021k;121k,3,0,1,infeasible,,,2,16,16
E07172,010e;021k;121k,3,0,2,infeasible,,,2,16,16
E07173,010e;021k;121k,3,1,0,vacuous,0,,0,16,16
E07174,010e;021k;121k,3,1,1,vacuous,0,,0,16,16
E07175,010e;021k;121k,3,1,2,vacuous,0,,0,16,16
E07176,010e;021k;121k,4,0,0,optimal,3,0,2,15,15
E07177,010e;021k;121k,4,0,1,infeasible,,,2,15,15
E07178,010e;021k;121k,4,1,0,vacuous,0,,0,15,15
E07179,010e;021k;121k,4,1,1,vacuous,0,,0,15,15
E07180,010e;021k;121k,5,0,0,optimal,1,0,2,16,16
E07181,010e;021k;121k,5,0,1,optimal,4,0;1,2,16,16
E07182,010e;021k;121k,5,0,2,infeasible,,,2,16,16
E07183,010e;021k;121k,5,1,0,vacuous,0,,0,16,16
E07184,010e;021k;121k,5,1,1,vacuous,0,,0,16,16
E07185,010e;021k;121k,5,1,2,vacuous,0,,0,16,16
E07186,010e;021k;121k,6,0,0,optimal,3,1,2,16,16
E07187,010e;021k;121k,6,0,1,infeasible,,,2,16,16
E07188,010e;021k;121k,6,0,2,infeasible,,,2,16,16
E07189,010e;021k;121k,6,1,0,vacuous,0,,0,16,16
E07190,010e;021k;121k,6,1,1,vacuous,0,,0,16,16
E07191,010e;021k;121k,6,1,2,vacuous,0,,0,16,16
E07192,010e;021k;121k,7,0,0,optimal,1,0,2,17,17
E07193,010e;021k;121k,7,0,1,optimal,4,0;2,2,17,17
E07194,010e;021k;121k,7,0,2,infeasible,,,2,17,17
E07195,010e;021k;121k,7,0,3,infeasible,,,2,17,17
E07196,010e;021k;121k,7,1,0,vacuous,0,,0,17,17
E07197,010e;021k;121k,7,1,1,vacuous,0,,0,17,17
E07198,010e;021k;121k,7,1,2,vacuous,0,,0,17,17
E07199,010e;021k;121k,7,1,3,vacuous,0,,0,17,17
E07200,010e;021k;121r,0,0,0,infeasible,,,2,14,14
E07201,010e;021k;121r,0,1,0,vacuous,0,,0,14,14
E07202,010e;021k;121r,1,0,0,optimal,1,0,2,15,15
E07203,010e;021k;121r,1,0,1,infeasible,,,2,15,15
E07204,010e;021k;121r,1,1,0,vacuous,0,,0,15,15
E07205,010e;021k;121r,1,1,1,vacuous,0,,0,15,15
E07206,010e;021k;121r,2,0,0,infeasible,,,2,15,15
E07207,010e;021k;121r,2,0,1,infeasible,,,2,15,15
E07208,010e;021k;121r,2,1,0,vacuous,0,,0,15,15
E07209,010e;021k;121r,2,1,1,vacuous,0,,0,15,15
E07210,010e;021k;121r,3,0,0,optimal,1,0,2,16,16
E07211,010e;021k;121r,3,0,1,infeasible,,,2,16,16
E07212,010e;021k;121r,3,0,2,infeasible,,,2,16,16
E07213,010e;021k;121r,3,1,0,vacuous,0,,0,16,16
E07214,010e;021k;121r,3,1,1,vacuous,0,,0,16,16
E07215,010e;021k;121r,3,1,2,vacuous,0,,0,16,16
E07216,010e;021k;121r,4,0,0,infeasible,,,2,15,15
E07217,010e;021k;121r,4,0,1,infeasible,,,2,15,15
E07218,010e;021k;121r,4,1,0,vacuous,0,,0,15,15
E07219,010e;021k;121r,4,1,1,vacuous,0,,0,15,15
E07220,010e;021k;121r,5,0,0,optimal,1,0,2,16,16
E07221,010e;021k;121r,5,0,1,infeasible,,,2,16,16
E07222,010e;021k;121r,5,0,2,infeasible,,,2,16,16
E07223,010e;021k;121r,5,1,0,vacuous,0,,0,16,16
E07224,010e;021k;121r,5,1,1,vacuous,0,,0,16,16
E07225,010e;021k;121r,5,1,2,vacuous,0,,0,16,16
E07226,010e;021k;121r,6,0,0,optimal,5,0;1,2,16,16
E07227,010e;021k;121r,6,0,1,infeasible,,,2,16,16
E07228,010e;021k;121r,6,0,2,infeasible,,,2,16,16
E07229,010e;021k;121r,6,1,0,vacuous,0,,0,16,16
E07230,010e;021k;121r,6,1,1,vacuous,0,,0,16,16
E07231,010e;021k;121r,6,1,2,vacuous,0,,0,16,16
E07232,010e;021k;121r,7,0,0,optimal,1,0,2,17,17
E07233,010e;021k;121r,7,0,1,optimal,6,0;1;2,2,17,17
E07234,010e;021k;121r,7,0,2,infeasible,,,2,17,17
E07235,010e;021k;121r,7,0,3,infeasible,,,2,17,17
E07236,010e;021k;121r,7,1,0,vacuous,0,,0,17,17
E07237,010e;021k;121r,7,1,1,vacuous,0,,0,17,17
E07238,010e;021k;121r,7,1,2,vacuous,0,,0,17,17
E07239,010e;021k;121r,7,1,3,vacuous,0,,0,17,17
E07240,010e;021k;121e,0,0,0,infeasible,,,3,14,15
E07241,010e;021k;121e,0,1,0,vacuous,0,,0,14,15
E07242,010e;021k;121e,1,0,0,optimal,1,0,3,15,16
E07243,010e;021k;121e,1,0,1,infeasible,,,3,15,16
E07244,010e;021k;121e,1,1,0,vacuous,0,,0,15,16
E07245,010e;021k;121e,1,1,1,vacuous,0,,0,15,16
E07246,010e;021k;121e,2,0,0,infeasible,,,3,15,16
E07247,010e;021k;121e,2,0,1,infeasible,,,3,15,16
E07248,010e;021k;121e,2,1,0,vacuous,0,,0,15,16
E07249,010e;021k;121e,2,1,1,vacuous,0,,0,15,16
E07250,010e;021k;121e,3,0,0,optimal,1,0,3,16,17
E07251,010e;021k;121e,3,0,1,infeasible,,,3,16,17
E07252,010e;021k;121e,3,0,2,infeasible,,,3,16,17
E07253,010e;021k;121e,3,1,0,vacuous,0,,0,16,17
E07254,010e;021k;121e,3,1,1,vacuous,0,,0,16,17
E07255,010e;021k;121e,3,1,2,vacuous,0,,0,16,17
E07256,010e;021k;121e,4,0,0,infeasible,,,3,15,16
E07257,010e;021k;121e,4,0,1,infeasible,,,3,15,16
E07258,010e;021k;121e,4,1,0,vacuous,0,,0,15,16
E07259,010e;021k;121e,4,1,1,vacuous,0,,0,15,16
E07260,010e;021k;121e,5,0,0,optimal,1,0,3,16,17
E07261,010e;021k;121e,5,0,1,infeasible,,,3,16,17
E07262,010e;021k;121e,5,0,2,infeasible,,,3,16,17
E07263,010e;021k;121e,5,1,0,vacuous,0,,0,16,17
E07264,010e;021k;121e,5,1,1,vacuous,0,,0,16,17
E07265,010e;021k;121e,5,1,2,vacuous,0,,0,16,17
E07266,010e;021k;121e,6,0,0,optimal,5,0;1,3,16,17
E07267,010e;021k;121e,6,0,1,infeasible,,,3,16,17
E07268,010e;021k;121e,6,0,2,infeasible,,,3,16,17
E07269,010e;021k;121e,6,1,0,vacuous,0,,0,16,17
E07270,010e;021k;121e,6,1,1,vacuous,0,,0,16,17
E07271,010e;021k;121e,6,1,2,vacuous,0,,0,16,17
E07272,010e;021k;121e,7,0,0,optimal,1,0,3,17,18
E07273,010e;021k;121e,7,0,1,optimal,6,0;1;2,3,17,18
E07274,010e;021k;121e,7,0,2,infeasible,,,3,17,18
E07275,010e;021k;121e,7,0,3,infeasible,,,3,17,18
E07276,010e;021k;121e,7,1,0,vacuous,0,,0,17,18
E07277,010e;021k;121e,7,1,1,vacuous,0,,0,17,18
E07278,010e;021k;121e,7,1,2,vacuous,0,,0,17,18
E07279,010e;021k;121e,7,1,3,vacuous,0,,0,17,18
E07280,010e;021r,0,0,0,infeasible,,,1,14,13
E07281,010e;021r,0,1,0,vacuous,0,,0,14,13
E07282,010e;021r,1,0,0,optimal,1,0,1,15,14
E07283,010e;021r,1,0,1,infeasible,,,1,15,14
E07284,010e;021r,1,1,0,vacuous,0,,0,15,14
E07285,010e;021r,1,1,1,vacuous,0,,0,15,14
E07286,010e;021r,2,0,0,infeasible,,,1,15,14
E07287,010e;021r,2,0,1,infeasible,,,1,15,14
E07288,010e;021r,2,1,0,vacuous,0,,0,15,14
E07289,010e;021r,2,1,1,vacuous,0,,0,15,14
E07290,010e;021r,3,0,0,optimal,1,0,1,16,15
E07291,010e;021r,3,0,1,infeasible,,,1,16,15
E07292,010e;021r,3,0,2,infeasible,,,1,16,15
E07293,010e;021r,3,1,0,vacuous,0,,0,16,15
E07294,010e;021r,3,1,1,vacuous,0,,0,16,15
E07295,010e;021r,3,1,2,vacuous,0,,0,16,15
E07296,010e;021r,4,0,0,infeasible,,,1,15,14
E07297,010e;021r,4,0,1,infeasible,,,1,15,14
E07298,010e;021r,4,1,0,vacuous,0,,0,15,14
E07299,010e;021r,4,1,1,vacuous,0,,0,15,14
E07300,010e;021r,5,0,0,optimal,1,0,1,16,15
E07301,010e;021r,5,0,1,infeasible,,,1,16,15
E07302,010e;021r,5,0,2,infeasible,,,1,16,15
E07303,010e;021r,5,1,0,vacuous,0,,0,16,15
E07304,010e;021r,5,1,1,vacuous,0,,0,16,15
E07305,010e;021r,5,1,2,vacuous,0,,0,16,15
E07306,010e;021r,6,0,0,infeasible,,,1,16,15
E07307,010e;021r,6,0,1,infeasible,,,1,16,15
E07308,010e;021r,6,0,2,infeasible,,,1,16,15
E07309,010e;021r,6,1,0,vacuous,0,,0,16,15
E07310,010e;021r,6,1,1,vacuous,0,,0,16,15
E07311,010e;021r,6,1,2,vacuous,0,,0,16,15
E07312,010e;021r,7,0,0,optimal,1,0,1,17,16
E07313,010e;021r,7,0,1,infeasible,,,1,17,16
E07314,010e;021r,7,0,2,infeasible,,,1,17,16
E07315,010e;021r,7,0,3,infeasible,,,1,17,16
E07316,010e;021r,7,1,0,vacuous,0,,0,17,16
E07317,010e;021r,7,1,1,vacuous,0,,0,17,16
E07318,010e;021r,7,1,2,vacuous,0,,0,17,16
E07319,010e;021r,7,1,3,vacuous,0,,0,17,16
E07320,010e;021r;120k,0,0,0,infeasible,,,3,14,15
E07321,010e;021r;120k,0,1,0,infeasible,,,1,14,15
E07322,010e;021r;120k,1,0,0,optimal,1,0,3,15,16
E07323,010e;021r;120k,1,0,1,infeasible,,,3,15,16
E07324,010e;021r;120k,1,1,0,infeasible,,,1,15,16
E07325,010e;021r;120k,1,1,1,infeasible,,,1,15,16
E07326,010e;021r;120k,2,0,0,infeasible,,,3,15,16
E07327,010e;021r;120k,2,0,1,infeasible,,,3,15,16
E07328,010e;021r;120k,2,1,0,infeasible,,,1,15,16
E07329,010e;021r;120k,2,1,1,infeasible,,,1,15,16
E07330,010e;021r;120k,3,0,0,optimal,1,0,3,16,17
E07331,010e;021r;120k,3,0,1,infeasible,,,3,16,17
E07332,010e;021r;120k,3,0,2,infeasible,,,3,16,17
E07333,010e;021r;120k,3,1,0,infeasible,,,1,16,17
E07334,010e;021r;120k,3,1,1,infeasible,,,1,16,17
E07335,010e;021r;120k,3,1,2,infeasible,,,1,16,17
E07336,010e;021r;120k,4,0,0,infeasible,,,3,15,16
E07337,010e;021r;120k,4,0,1,infeasible,,,3,15,16
E07338,010e;021r;120k,4,1,0,infeasible,,,1,15,16
E07339,010e;021r;120k,4,1,1,infeasible,,,1,15,16
E07340,010e;021r;120k,5,0,0,optimal,1,0,3,16,17
E07341,010e;021r;120k,5,0,1,infeasible,,,3,16,17
E07342,010e;021r;120k,5,0,2,infeasible,,,3,16,17
E07343,010e;021r;120k,5,1,0,infeasible,,,1,16,17
E07344,010e;021r;120k,5,1,1,infeasible,,,1,16,17
E07345,010e;021r;120k,5,1,2,infeasible,,,1,16,17
E07346,010e;021r;120k,6,0,0,infeasible,,,3,16,17
E07347,010e;021r;120k,6,0,1,infeasible,,,3,16,17
E07348,010e;021r;120k,6,0,2,infeasible,,,3,16,17
E07349,010e;021r;120k,6,1,0,infeasible,,,1,16,17
E07350,010e;021r;120k,6,1,1,infeasible,,,1,16,17
E07351,010e;021r;120k,6,1,2,infeasible,,,1,16,17
E07352,010e;021r;120k,7,0,0,optimal,1,0,3,17,18
E07353,010e;021r;120k,7,0,1,infeasible,,,3,17,18
E07354,010e;021r;120k,7,0,2,infeasible,,,3,17,18
E07355,010e;021r;120k,7,0,3,infeasible,,,3,17,18
E07356,010e;021r;120k,7,1,0,infeasible,,,1,17,18
E07357,010e;021r;120k,7,1,1,infeasible,,,1,17,18
E07358,010e;021r;120k,7,1,2,infeasible,,,1,17,18
E07359,010e;021r;120k,7,1,3,infeasible,,,1,17,18
E07360,010e;021r;120r,0,0,0,infeasible,,,3,14,15
E07361,010e;021r;120r,0,1,0,infeasible,,,1,14,15
E07362,010e;021r;120r,1,0,0,optimal,1,0,3,15,16
E07363,010e;021r;120r,1,0,1,infeasible,,,3,15,16
E07364,010e;021r;120r,1,1,0,infeasible,,,1,15,16
E07365,010e;021r;120r,1,1,1,infeasible,,,1,15,16
E07366,010e;021r;120r,2,0,0,infeasible,,,3,15,16
E07367,010e;021r;120r,2,0,1,infeasible,,,3,15,16
E07368,010e;021r;120r,2,1,0,infeasible,,,1,15,16
E07369,010e;021r;120r,2,1,1,infeasible,,,1,15,16
E07370,010e;021r;120r,3,0,0,optimal,1,0,3,16,17
E07371,010e;021r;120r,3,0,1,infeasible,,,3,16,17
E07372,010e;021r;120r,3,0,2,infeasible,,,3,16,17
E07373,010e;021r;120r,3,1,0,infeasible,,,1,16,17
E07374,010e;021r;120r,3,1,1,infeasible,,,1,16,17
E07375,010e;021r;120r,3,1,2,infeasible,,,1,16,17
E07376,010e;021r;120r,4,0,0,infeasible,,,3,15,16
E07377,010e;021r;120r,4,0,1,infeasible,,,3,15,16
E07378,010e;021r;120r,4,1,0,infeasible,,,1,15,16
E07379,010e;021r;120r,4,1,1,infeasible,,,1,15,16
E07380,010e;021r;120r,5,0,0,optimal,1,0,3,16,17
E07381,010e;021r;120r,5,0,1,infeasible,,,3,16,17
E07382,010e;021r;120r,5,0,2,infeasible,,,3,16,17
E07383,010e;021r;120r,5,1,0,infeasible,,,1,16,17
E07384,010e;021r;120r,5,1,1,infeasible,,,1,16,17
E07385,010e;021r;120r,5,1,2,infeasible,,,1,16,17
E07386,010e;021r;120r,6,0,0,infeasible,,,3,16,17
E07387,010e;021r;120r,6,0,1,infeasible,,,3,16,17
E07388,010e;021r;120r,6,0,2,infeasible,,,3,16,17
E07389,010e;021r;120r,6,1,0,infeasible,,,1,16,17
E07390,010e;021r;120r,6,1,1,infeasible,,,1,16,17
E07391,010e;021r;120r,6,1,2,infeasible,,,1,16,17
E07392,010e;021r;120r,7,0,0,optimal,1,0,3,17,18
E07393,010e;021r;120r,7,0,1,infeasible,,,3,17,18
E07394,010e;021r;120r,7,0,2,infeasible,,,3,17,18
E07395,010e;021r;120r,7,0,3,infeasible,,,3,17,18
E07396,010e;021r;120r,7,1,0,infeasible,,,1,17,18
E07397,010e;021r;120r,7,1,1,infeasible,,,1,17,18
E07398,010e;021r;120r,7,1,2,infeasible,,,1,17,18
E07399,010e;021r;120r,7,1,3,infeasible,,,1,17,18
E07400,010e;021r;120e,0,0,0,infeasible,,,4,14,16
E07401,010e;021r;120e,0,1,0,infeasible,,,1,14,16
E07402,010e;021r;120e,1,0,0,optimal,1,0,4,15,17
E07403,010e;021r;120e,1,0,1,infeasible,,,4,15,17
E07404,010e;021r;120e,1,1,0,infeasible,,,1,15,17
E07405,010e;021r;120e,1,1,1,infeasible,,,1,15,17
E07406,010e;021r;120e,2,0,0,infeasible,,,4,15,17
E07407,010e;021r;120e,2,0,1,infeasible,,,4,15,17
E07408,010e;021r;120e,2,1,0,infeasible,,,1,15,17
E07409,010e;021r;120e,2,1,1,infeasible,,,1,15,17
E07410,010e;021r;120e,3,0,0,optimal,1,0,4,16,18
E07411,010e;021r;120e,3,0,1,infeasible,,,4,16,18
E07412,010e;021r;120e,3,0,2,infeasible,,,4,16,18
E07413,010e;021r;120e,3,1,0,infeasible,,,1,16,18
E07414,010e;021r;120e,3,1,1,infeasible,,,1,16,18
E07415,010e;021r;120e,3,1,2,infeasible,,,1,16,18
E07416,010e;021r;120e,4,0,0,infeasible,,,4,15,17
E07417,010e;021r;120e,4,0,1,infeasible,,,4,15,17
E07418,010e;021r;120e,4,1,0,infeasible,,,1,15,17
E07419,010e;021r;120e,4,1,1,infeasible,,,1,15,17
E07420,010e;021r;120e,5,0,0,optimal,1,0,4,16,18
E07421,010e;021r;120e,5,0,1,infeasible,,,4,16,18
E07422,010e;021r;120e,5,0,2,infeasible,,,4,16,18
E07423,010e;021r;120e,5,1,0,infeasible,,,1,16,18
E07424,010e;021r;120e,5,1,1,infeasible,,,1,16,18
E07425,010e;021r;120e,5,1,2,infeasible,,,1,16,18
E07426,010e;021r;120e,6,0,0,infeasible,,,4,16,18
E07427,010e;021r;120e,6,0,1,infeasible,,,4,16,18
E07428,010e;021r;120e,6,0,2,infeasible,,,4,16,18
E07429,010e;021r;120e,6,1,0,infeasible,,,1,16,18
E07430,010e;021r;120e,6,1,1,infeasible,,,1,16,18
E07431,010e;021r;120e,6,1,2,infeasible,,,1,16,18
E07432,010e;021r;120e,7,0,0,optimal,1,0,4,17,19
E07433,010e;021r;120e,7,0,1,infeasible,,,4,17,19
E07434,010e;021r;120e,7,0,2,infeasible,,,4,17,19
E07435,010e;021r;120e,7,0,3,infeasible,,,4,17,19
E07436,010e;021r;120e,7,1,0,infeasible,,,1,17,19
E07437,010e;021r;120e,7,1,1,infeasible,,,1,17,19
E07438,010e;021r;120e,7,1,2,infeasible,,,1,17,19
E07439,010e;021r;120e,7,1,3,infeasible,,,1,17,19
E07440,010e;021r;121k,0,0,0,infeasible,,,2,14,14
E07441,010e;021r;121k,0,1,0,vacuous,0,,0,14,14
E07442,010e;021r;121k,1,0,0,optimal,1,0,2,15,15
E07443,010e;021r;121k,1,0,1,infeasible,,,2,15,15
E07444,010e;021r;121k,1,1,0,vacuous,0,,0,15,15
E07445,010e;021r;121k,1,1,1,vacuous,0,,0,15,15
E07446,010e;021r;121k,2,0,0,infeasible,,,2,15,15
E07447,010e;021r;121k,2,0,1,infeasible,,,2,15,15
E07448,010e;021r;121k,2,1,0,vacuous,0,,0,15,15
E07449,010e;021r;121k,2,1,1,vacuous,0,,0,15,15
E07450,010e;021r;121k,3,0,0,optimal,1,0,2,16,16
E07451,010e;021r;121k,3,0,1,infeasible,,,2,16,16
E07452,010e;021r;121k,3,0,2,infeasible,,,2,16,16
E07453,010e;021r;121k,3,1,0,vacuous,0,,0,16,16
E07454,010e;021r;121k,3,1,1,vacuous,0,,0,16,16
E07455,010e;021r;121k,3,1,2,vacuous,0,,0,16,16
E07456,010e;021r;121k,4,0,0,infeasible,,,2,15,15
E07457,010e;021r;121k,4,0,1,infeasible,,,2,15,15
E07458,010e;021r;121k,4,1,0,vacuous,0,,0,15,15
E07459,010e;021r;121k,4,1,1,vacuous,0,,0,15,15
E07460,010e;021r;121k,5,0,0,optimal,1,0,2,16,16
E07461,010e;021r;121k,5,0,1,infeasible,,,2,16,16
E07462,010e;021r;121k,5,0,2,infeasible,,,2,16,16
E07463,010e;021r;121k,5,1,0,vacuous,0,,0,16,16
E07464,010e;021r;121k,5,1,1,vacuous,0,,0,16,16
E07465,010e;021r;121k,5,1,2,vacuous,0,,0,16,16
E07466,010e;021r;121k,6,0,0,infeasible,,,2,16,16
E07467,010e;021r;121k,6,0,1,infeasible,,,2,16,16
E07468,010e;021r;121k,6,0,2,infeasible,,,2,16,16
E07469,010e;021r;121k,6,1,0,vacuous,0,,0,16,16
E07470,010e;021r;121k,6,1,1,vacuous,0,,0,16,16
E07471,010e;021r;121k,6,1,2,vacuous,0,,0,16,16
E07472,010e;021r;121k,7,0,0,optimal,1,0,2,17,17
E07473,010e;021r;121k,7,0,1,infeasible,,,2,17,17
E07474,010e;021r;121k,7,0,2,infeasible,,,2,17,17
E07475,010e;021r;121k,7,0,3,infeasible,,,2,17,17
E07476,010e;021r;121k,7,1,0,vacuous,0,,0,17,17
E07477,010e;021r;121k,7,1,1,vacuous,0,,0,17,17
E07478,010e;021r;121k,7,1,2,vacuous,0,,0,17,17
E07479,010e;021r;121k,7,1,3,vacuous,0,,0,17,17
E07480,010e;021r;121r,0,0,0,infeasible,,,2,14,14
E07481,010e;021r;121r,0,1,0,vacuous,0,,0,14,14
E07482,010e;021r;121r,1,0,0,optimal,1,0,2,15,15
E07483,010e;021r;121r,1,0,1,infeasible,,,2,15,15
E07484,010e;021r;121r,1,1,0,vacuous,0,,0,15,15
E07485,010e;021r;121r,1,1,1,vacuous,0,,0,15,15
E07486,010e;021r;121r,2,0,0,infeasible,,,2,15,15
E07487,010e;021r;121r,2,0,1,infeasible,,,2,15,15
E07488,010e;021r;121r,2,1,0,vacuous,0,,0,15,15
E07489,010e;021r;121r,2,1,1,vacuous,0,,0,15,15
E07490,010e;021r;121r,3,0,0,optimal,1,0,2,16,16
E07491,010e;021r;121r,3,0,1,infeasible,,,2,16,16
E07492,010e;021r;121r,3,0,2,infeasible,,,2,16,16
E07493,010e;021r;121r,3,1,0,vacuous,0,,0,16,16
E07494,010e;021r;121r,3,1,1,vacuous,0,,0,16,16
E07495,010e;021r;121r,3,1,2,vacuous,0,,0,16,16
E07496,010e;021r;121r,4,0,0,infeasible,,,2,15,15
E07497,010e;021r;121r,4,0,1,infeasible,,,2,15,15
E07498,010e;021r;121r,4,1,0,vacuous,0,,0,15,15
E07499,010e;021r;121r,4,1,1,vacuous,0,,0,15,15
E07500,010e;021r;121r,5,0,0,optimal,1,0,2,16,16
E07501,010e;021r;121r,5,0,1,infeasible,,,2,16,16
E07502,010e;021r;121r,5,0,2,infeasible,,,2,16,16
E07503,010e;021r;121r,5,1,0,vacuous,0,,0,16,16
E07504,010e;021r;121r,5,1,1,vacuous,0,,0,16,16
E07505,010e;021r;121r,5,1,2,vacuous,0,,0,16,16
E07506,010e;021r;121r,6,0,0,infeasible,,,2,16,16
E07507,010e;021r;121r,6,0,1,infeasible,,,2,16,16
E07508,010e;021r;121r,6,0,2,infeasible,,,2,16,16
E07509,010e;021r;121r,6,1,0,vacuous,0,,0,16,16
E07510,010e;021r;121r,6,1,1,vacuous,0,,0,16,16
E07511,010e;021r;121r,6,1,2,vacuous,0,,0,16,16
E07512,010e;021r;121r,7,0,0,optimal,1,0,2,17,17
E07513,010e;021r;121r,7,0,1,infeasible,,,2,17,17
E07514,010e;021r;121r,7,0,2,infeasible,,,2,17,17
E07515,010e;021r;121r,7,0,3,infeasible,,,2,17,17
E07516,010e;021r;121r,7,1,0,vacuous,0,,0,17,17
E07517,010e;021r;121r,7,1,1,vacuous,0,,0,17,17
E07518,010e;021r;121r,7,1,2,vacuous,0,,0,17,17
E07519,010e;021r;121r,7,1,3,vacuous,0,,0,17,17
E07520,010e;021r;121e,0,0,0,infeasible,,,3,14,15
E07521,010e;021r;121e,0,1,0,vacuous,0,,0,14,15
E07522,010e;021r;121e,1,0,0,optimal,1,0,3,15,16
E07523,010e;021r;121e,1,0,1,infeasible,,,3,15,16
E07524,010e;021r;121e,1,1,0,vacuous,0,,0,15,16
E07525,010e;021r;121e,1,1,1,vacuous,0,,0,15,16
E07526,010e;021r;121e,2,0,0,infeasible,,,3,15,16
E07527,010e;021r;121e,2,0,1,infeasible,,,3,15,16
E07528,010e;021r;121e,2,1,0,vacuous,0,,0,15,16
E07529,010e;021r;121e,2,1,1,vacuous,0,,0,15,16
E07530,010e;021r;121e,3,0,0,optimal,1,0,3,16,17
E07531,010e;021r;121e,3,0,1,infeasible,,,3,16,17
E07532,010e;021r;121e,3,0,2,infeasible,,,3,16,17
E07533,010e;021r;121e,3,1,0,vacuous,0,,0,16,17
E07534,010e;021r;121e,3,1,1,vacuous,0,,0,16,17
E07535,010e;021r;121e,3,1,2,vacuous,0,,0,16,17
E07536,010e;021r;121e,4,0,0,infeasible,,,3,15,16
E07537,010e;021r;121e,4,0,1,infeasible,,,3,15,16
E07538,010e;021r;121e,4,1,0,vacuous,0,,0,15,16
E07539,010e;021r;121e,4,1,1,vacuous,0,,0,15,16
E07540,010e;021r;121e,5,0,0,optimal,1,0,3,16,17
E07541,010e;021r;121e,5,0,1,infeasible,,,3,16,17
E07542,010e;021r;121e,5,0,2,infeasible,,,3,16,17
E07543,010e;021r;121e,5,1,0,vacuous,0,,0,16,17
E07544,010e;021r;121e,5,1,1,vacuous,0,,0,16,17
E07545,010e;021r;121e,5,1,2,vacuous,0,,0,16,17
E07546,010e;021r;121e,6,0,0,infeasible,,,3,16,17
E07547,010e;021r;121e,6,0,1,infeasible,,,3,16,17
E07548,010e;021r;121e,6,0,2,infeasible,,,3,16,17
E07549,010e;021r;121e,6,1,0,vacuous,0,,0,16,17
E07550,010e;021r;121e,6,1,1,vacuous,0,,0,16,17
E07551,010e;021r;121e,6,1,2,vacuous,0,,0,16,17
E07552,010e;021r;121e,7,0,0,optimal,1,0,3,17,18
E07553,010e;021r;121e,7,0,1,infeasible,,,3,17,18
E07554,010e;021r;121e,7,0,2,infeasible,,,3,17,18
E07555,010e;021r;121e,7,0,3,infeasible,,,3,17,18
E07556,010e;021r;121e,7,1,0,vacuous,0,,0,17,18
E07557,010e;021r;121e,7,1,1,vacuous,0,,0,17,18
E07558,010e;021r;121e,7,1,2,vacuous,0,,0,17,18
E07559,010e;021r;121e,7,1,3,vacuous,0,,0,17,18
E07560,010e;021e,0,0,0,infeasible,,,2,14,14
E07561,010e;021e,0,1,0,vacuous,0,,0,14,14
E07562,010e;021e,1,0,0,optimal,1,0,2,15,15
E07563,010e;021e,1,0,1,infeasible,,,2,15,15
E07564,010e;021e,1,1,0,vacuous,0,,0,15,15
E07565,010e;021e,1,1,1,vacuous,0,,0,15,15
E07566,010e;021e,2,0,0,infeasible,,,2,15,15
E07567,010e;021e,2,0,1,infeasible,,,2,15,15
E07568,010e;021e,2,1,0,vacuous,0,,0,15,15
E07569,010e;021e,2,1,1,vacuous,0,,0,15,15
E07570,010e;021e,3,0,0,optimal,1,0,2,16,16
E07571,010e;021e,3,0,1,infeasible,,,2,16,16
E07572,010e;021e,3,0,2,infeasible,,,2,16,16
E07573,010e;021e,3,1,0,vacuous,0,,0,16,16
E07574,010e;021e,3,1,1,vacuous,0,,0,16,16
E07575,010e;021e,3,1,2,vacuous,0,,0,16,16
E07576,010e;021e,4,0,0,infeasible,,,2,15,15
E07577,010e;021e,4,0,1,infeasible,,,2,15,15
E07578,010e;021e,4,1,0,vacuous,0,,0,15,15
E07579,010e;021e,4,1,1,vacuous,0,,0,15,15
E07580,010e;021e,5,0,0,optimal,1,0,2,16,16
E07581,010e;021e,5,0,1,infeasible,,,2,16,16
E07582,010e;021e,5,0,2,infeasible,,,2,16,16
E07583,010e;021e,5,1,0,vacuous,0,,0,16,16
E07584,010e;021e,5,1,1,vacuous,0,,0,16,16
E07585,010e;021e,5,1,2,vacuous,0,,0,16,16
E07586,010e;021e,6,0,0,infeasible,,,2,16,16
E07587,010e;021e,6,0,1,infeasible,,,2,16,16
E07588,010e;021e,6,0,2,infeasible,,,2,16,16
E07589,010e;021e,6,1,0,vacuous,0,,0,16,16
E07590,010e;021e,6,1,1,vacuous,0,,0,16,16
E07591,010e;021e,6,1,2,vacuous,0,,0,16,16
E07592,010e;021e,7,0,0,optimal,1,0,2,17,17
E07593,010e;021e,7,0,1,infeasible,,,2,17,17
E07594,010e;021e,7,0,2,infeasible,,,2,17,17
E07595,010e;021e,7,0,3,infeasible,,,2,17,17
E07596,010e;021e,7,1,0,vacuous,0,,0,17,17
E07597,010e;021e,7,1,1,vacuous,0,,0,17,17
E07598,010e;021e,7,1,2,vacuous,0,,0,17,17
E07599,010e;021e,7,1,3,vacuous,0,,0,17,17
E07600,010e;021e;120k,0,0,0,infeasible,,,4,14,16
E07601,010e;021e;120k,0,1,0,infeasible,,,1,14,16
E07602,010e;021e;120k,1,0,0,optimal,1,0,4,15,17
E07603,010e;021e;120k,1,0,1,infeasible,,,4,15,17
E07604,010e;021e;120k,1,1,0,infeasible,,,1,15,17
E07605,010e;021e;120k,1,1,1,infeasible,,,1,15,17
E07606,010e;021e;120k,2,0,0,infeasible,,,4,15,17
E07607,010e;021e;120k,2,0,1,infeasible,,,4,15,17
E07608,010e;021e;120k,2,1,0,infeasible,,,1,15,17
E07609,010e;021e;120k,2,1,1,infeasible,,,1,15,17
E07610,010e;021e;120k,3,0,0,optimal,1,0,4,16,18
E07611,010e;021e;120k,3,0,1,infeasible,,,4,16,18
E07612,010e;021e;120k,3,0,2,infeasible,,,4,16,18
E07613,010e;021e;120k,3,1,0,infeasible,,,1,16,18
E07614,010e;021e;120k,3,1,1,infeasible,,,1,16,18
E07615,010e;021e;120k,3,1,2,infeasible,,,1,16,18
E07616,010e;021e;120k,4,0,0,infeasible,,,4,15,17
E07617,010e;021e;120k,4,0,1,infeasible,,,4,15,17
E07618,010e;021e;120k,4,1,0,infeasible,,,1,15,17
E07619,010e;021e;120k,4,1,1,infeasible,,,1,15,17
E07620,010e;021e;120k,5,0,0,optimal,1,0,4,16,18
E07621,010e;021e;120k,5,0,1,infeasible,,,4,16,18
E07622,010e;021e;120k,5,0,2,infeasible,,,4,16,18
E07623,010e;021e;120k,5,1,0,infeasible,,,1,16,18
E07624,010e;021e;120k,5,1,1,infeasible,,,1,16,18
E07625,010e;021e;120k,5,1,2,infeasible,,,1,16,18
E07626,010e;021e;120k,6,0,0,infeasible,,,4,16,18
E07627,010e;021e;120k,6,0,1,infeasible,,,4,16,18
E07628,010e;021e;120k,6,0,2,infeasible,,,4,16,18
E07629,010e;021e;120k,6,1,0,infeasible,,,1,16,18
E07630,010e;021e;120k,6,1,1,infeasible,,,1,16,18
E07631,010e;021e;120k,6,1,2,infeasible,,,1,16,18
E07632,010e;021e;120k,7,0,0,optimal,1,0,4,17,19
E07633,010e;021e;120k,7,0,1,infeasible,,,4,17,19
E07634,010e;021e;120k,7,0,2,infeasible,,,4,17,19
E07635,010e;021e;120k,7,0,3,infeasible,,,4,17,19
E07636,010e;021e;120k,7,1,0,infeasible,,,1,17,19
E07637,010e;021e;120k,7,1,1,infeasible,,,1,17,19
E07638,010e;021e;120k,7,1,2,infeasible,,,1,17,19
E07639,010e;021e;120k,7,1,3,infeasible,,,1,17,19
E07640,010e;021e;120r,0,0,0,infeasible,,,4,14,16
E07641,010e;021e;120r,0,1,0,infeasible,,,1,14,16
E07642,010e;021e;120r,1,0,0,optimal,1,0,4,15,17
E07643,010e;021e;120r,1,0,1,infeasible,,,4,15,17
E07644,010e;021e;120r,1,1,0,infeasible,,,1,15,17
E07645,010e;021e;120r,1,1,1,infeasible,,,1,15,17
E07646,010e;021e;120r,2,0,0,infeasible,,,4,15,17
E07647,010e;021e;120r,2,0,1,infeasible,,,4,15,17
E07648,010e;021e;120r,2,1,0,infeasible,,,1,15,17
E07649,010e;021e;120r,2,1,1,infeasible,,,1,15,17
E07650,010e;021e;120r,3,0,0,optimal,1,0,4,16,18
E07651,010e;021e;120r,3,0,1,infeasible,,,4,16,18
E07652,010e;021e;120r,3,0,2,infeasible,,,4,16,18
E07653,010e;021e;120r,3,1,0,infeasible,,,1,16,18
E07654,010e;021e;120r,3,1,1,infeasible,,,1,16,18
E07655,010e;021e;120r,3,1,2,infeasible,,,1,16,18
E07656,010e;021e;120r,4,0,0,infeasible,,,4,15,17
E07657,010e;021e;120r,4,0,1,infeasible,,,4,15,17
E07658,010e;021e;120r,4,1,0,infeasible,,,1,15,17
E07659,010e;021e;120r,4,1,1,infeasible,,,1,15,17
E07660,010e;021e;120r,5,0,0,optimal,1,0,4,16,18
E07661,010e;021e;120r,5,0,1,infeasible,,,4,16,18
E07662,010e;021e;120r,5,0,2,infeasible,,,4,16,18
E07663,010e;021e;120r,5,1,0,infeasible,,,1,16,18
E07664,010e;021e;120r,5,1,1,infeasible,,,1,16,18
E07665,010e;021e;120r,5,1,2,infeasible,,,1,16,18
E07666,010e;021e;120r,6,0,0,infeasible,,,4,16,18
E07667,010e;021e;120r,6,0,1,infeasible,,,4,16,18
E07668,010e;021e;120r,6,0,2,infeasible,,,4,16,18
E07669,010e;021e;120r,6,1,0,infeasible,,,1,16,18
E07670,010e;021e;120r,6,1,1,infeasible,,,1,16,18
E07671,010e;021e;120r,6,1,2,infeasible,,,1,16,18
E07672,010e;021e;120r,7,0,0,optimal,1,0,4,17,19
E07673,010e;021e;120r,7,0,1,infeasible,,,4,17,19
E07674,010e;021e;120r,7,0,2,infeasible,,,4,17,19
E07675,010e;021e;120r,7,0,3,infeasible,,,4,17,19
E07676,010e;021e;120r,7,1,0,infeasible,,,1,17,19
E07677,010e;021e;120r,7,1,1,infeasible,,,1,17,19
E07678,010e;021e;120r,7,1,2,infeasible,,,1,17,19
E07679,010e;021e;120r,7,1,3,infeasible,,,1,17,19
E07680,010e;021e;120e,0,0,0,infeasible,,,5,14,17
E07681,010e;021e;120e,0,1,0,infeasible,,,1,14,17
E07682,010e;021e;120e,1,0,0,optimal,1,0,5,15,18
E07683,010e;021e;120e,1,0,1,infeasible,,,5,15,18
E07684,010e;021e;120e,1,1,0,infeasible,,,1,15,18
E07685,010e;021e;120e,1,1,1,infeasible,,,1,15,18
E07686,010e;021e;120e,2,0,0,infeasible,,,5,15,18
E07687,010e;021e;120e,2,0,1,infeasible,,,5,15,18
E07688,010e;021e;120e,2,1,0,infeasible,,,1,15,18
E07689,010e;021e;120e,2,1,1,infeasible,,,1,15,18
E07690,010e;021e;120e,3,0,0,optimal,1,0,5,16,19
E07691,010e;021e;120e,3,0,1,infeasible,,,5,16,19
E07692,010e;021e;120e,3,0,2,infeasible,,,5,16,19
E07693,010e;021e;120e,3,1,0,infeasible,,,1,16,19
E07694,010e;021e;120e,3,1,1,infeasible,,,1,16,19
E07695,010e;021e;120e,3,1,2,infeasible,,,1,16,19
E07696,010e;021e;120e,4,0,0,infeasible,,,5,15,18
E07697,010e;021e;120e,4,0,1,infeasible,,,5,15,18
E07698,010e;021e;120e,4,1,0,infeasible,,,1,15,18
E07699,010e;021e;120e,4,1,1,infeasible,,,1,15,18
E07700,010e;021e;120e,5,0,0,optimal,1,0,5,16,19
E07701,010e;021e;120e,5,0,1,infeasible,,,5,16,19
E07702,010e;021e;120e,5,0,2,infeasible,,,5,16,19
E07703,010e;021e;120e,5,1,0,infeasible,,,1,16,19
E07704,010e;021e;120e,5,1,1,infeasible,,,1,16,19
E07705,010e;021e;120e,5,1,2,infeasible,,,1,16,19
E07706,010e;021e;120e,6,0,0,infeasible,,,5,16,19
E07707,010e;021e;120e,6,0,1,infeasible,,,5,16,19
E07708,010e;021e;120e,6,0,2,infeasible,,,5,16,19
E07709,010e;021e;120e,6,1,0,infeasible,,,1,16,19
E07710,010e;021e;120e,6,1,1,infeasible,,,1,16,19
E07711,010e;021e;120e,6,1,2,infeasible,,,1,16,19
E07712,010e;021e;120e,7,0,0,optimal,1,0,5,17,20
E07713,010e;021e;120e,7,0,1,infeasible,,,5,17,20
E07714,010e;021e;120e,7,0,2,infeasible,,,5,17,20
E07715,010e;021e;120e,7,0,3,infeasible,,,5,17,20
E07716,010e;021e;120e,7,1,0,infeasible,,,1,17,20
E07717,010e;021e;120e,7,1,1,infeasible,,,1,17,20
E07718,010e;021e;120e,7,1,2,infeasible,,,1,17,20
E07719,010e;021e;120e,7,1,3,infeasible,,,1,17,20
E07720,010e;021e;121k,0,0,0,infeasible,,,3,14,15
E07721,010e;021e;121k,0,1,0,vacuous,0,,0,14,15
E07722,010e;021e;121k,1,0,0,optimal,1,0,3,15,16
E07723,010e;021e;121k,1,0,1,infeasible,,,3,15,16
E07724,010e;021e;121k,1,1,0,vacuous,0,,0,15,16
E07725,010e;021e;121k,1,1,1,vacuous,0,,0,15,16
E07726,010e;021e;121k,2,0,0,infeasible,,,3,15,16
E07727,010e;021e;121k,2,0,1,infeasible,,,3,15,16
E07728,010e;021e;121k,2,1,0,vacuous,0,,0,15,16
E07729,010e;021e;121k,2,1,1,vacuous,0,,0,15,16
E07730,010e;021e;121k,3,0,0,optimal,1,0,3,16,17
E07731,010e;021e;121k,3,0,1,infeasible,,,3,16,17
E07732,010e;021e;121k,3,0,2,infeasible,,,3,16,17
E07733,010e;021e;121k,3,1,0,vacuous,0,,0,16,17
E07734,010e;021e;121k,3,1,1,vacuous,0,,0,16,17
E07735,010e;021e;121k,3,1,2,vacuous,0,,0,16,17
E07736,010e;021e;121k,4,0,0,infeasible,,,3,15,16
E07737,010e;021e;121k,4,0,1,infeasible,,,3,15,16
E07738,010e;021e;121k,4,1,0,vacuous,0,,0,15,16
E07739,010e;021e;121k,4,1,1,vacuous,0,,0,15,16
E07740,010e;021e;121k,5,0,0,optimal,1,0,3,16,17
E07741,010e;021e;121k,5,0,1,infeasible,,,3,16,17
E07742,010e;021e;121k,5,0,2,infeasible,,,3,16,17
E07743,010e;021e;121k,5,1,0,vacuous,0,,0,16,17
E07744,010e;021e;121k,5,1,1,vacuous,0,,0,16,17
E07745,010e;021e;121k,5,1,2,vacuous,0,,0,16,17
E07746,010e;021e;121k,6,0,0,infeasible,,,3,16,17
E07747,010e;021e;121k,6,0,1,infeasible,,,3,16,17
E07748,010e;021e;121k,6,0,2,infeasible,,,3,16,17
E07749,010e;021e;121k,6,1,0,vacuous,0,,0,16,17
E07750,010e;021e;121k,6,1,1,vacuous,0,,0,16,17
E07751,010e;021e;121k,6,1,2,vacuous,0,,0,16,17
E07752,010e;021e;121k,7,0,0,optimal,1,0,3,17,18
E07753,010e;021e;121k,7,0,1,infeasible,,,3,17,18
E07754,010e;021e;121k,7,0,2,infeasible,,,3,17,18
E07755,010e;021e;121k,7,0,3,infeasible,,,3,17,18
E07756,010e;021e;121k,7,1,0,vacuous,0,,0,17,18
E07757,010e;021e;121k,7,1,1,vacuous,0,,0,17,18
E07758,010e;021e;121k,7,1,2,vacuous,0,,0,17,18
E07759,010e;021e;121k,7,1,3,vacuous,0,,0,17,18
E07760,010e;021e;121r,0,0,0,infeasible,,,3,14,15
E07761,010e;021e;121r,0,1,0,vacuous,0,,0,14,15
E07762,010e;021e;121r,1,0,0,optimal,1,0,3,15,16
E07763,010e;021e;121r,1,0,1,infeasible,,,3,15,16
E07764,010e;021e;121r,1,1,0,vacuous,0,,0,15,16
E07765,010e;021e;121r,1,1,1,vacuous,0,,0,15,16
E07766,010e;021e;121r,2,0,0,infeasible,,,3,15,16
E07767,010e;021e;121r,2,0,1,infeasible,,,3,15,16
E07768,010e;021e;121r,2,1,0,vacuous,0,,0,15,16
E07769,010e;021e;121r,2,1,1,vacuous,0,,0,15,16
E07770,010e;021e;121r,3,0,0,optimal,1,0,3,16,17
E07771,010e;021e;121r,3,0,1,infeasible,,,3,16,17
E07772,010e;021e;121r,3,0,2,infeasible,,,3,16,17
E07773,010e;021e;121r,3,1,0,vacuous,0,,0,16,17
E07774,010e;021e;121r,3,1,1,vacuous,0,,0,16,17
E07775,010e;021e;121r,3,1,2,vacuous,0,,0,16,17
E07776,010e;021e;121r,4,0,0,infeasible,,,3,15,16
E07777,010e;021e;121r,4,0,1,infeasible,,,3,15,16
E07778,010e;021e;121r,4,1,0,vacuous,0,,0,15,16
E07779,010e;021e;121r,4,1,1,vacuous,0,,0,15,16
E07780,010e;021e;121r,5,0,0,optimal,1,0,3,16,17
E07781,010e;021e;121r,5,0,1,infeasible,,,3,16,17
E07782,010e;021e;121r,5,0,2,infeasible,,,3,16,17
E07783,010e;021e;121r,5,1,0,vacuous,0,,0,16,17
E07784,010e;021e;121r,5,1,1,vacuous,0,,0,16,17
E07785,010e;021e;121r,5,1,2,vacuous,0,,0,16,17
E07786,010e;021e;121r,6,0,0,infeasible,,,3,16,17
E07787,010e;021e;121r,6,0,1,infeasible,,,3,16,17
E07788,010e;021e;121r,6,0,2,infeasible,,,3,16,17
E07789,010e;021e;121r,6,1,0,vacuous,0,,0,16,17
E07790,010e;021e;121r,6,1,1,vacuous,0,,0,16,17
E07791,010e;021e;121r,6,1,2,vacuous,0,,0,16,17
E07792,010e;021e;121r,7,0,0,optimal,1,0,3,17,18
E07793,010e;021e;121r,7,0,1,infeasible,,,3,17,18
E07794,010e;021e;121r,7,0,2,infeasible,,,3,17,18
E07795,010e;021e;121r,7,0,3,infeasible,,,3,17,18
E07796,010e;021e;121r,7,1,0,vacuous,0,,0,17,18
E07797,010e;021e;121r,7,1,1,vacuous,0,,0,17,18
E07798,010e;021e;121r,7,1,2,vacuous,0,,0,17,18
E07799,010e;021e;121r,7,1,3,vacuous,0,,0,17,18
E07800,010e;021e;121e,0,0,0,infeasible,,,4,14,16
E07801,010e;021e;121e,0,1,0,vacuous,0,,0,14,16
E07802,010e;021e;121e,1,0,0,optimal,1,0,4,15,17
E07803,010e;021e;121e,1,0,1,infeasible,,,4,15,17
E07804,010e;021e;121e,1,1,0,vacuous,0,,0,15,17
E07805,010e;021e;121e,1,1,1,vacuous,0,,0,15,17
E07806,010e;021e;121e,2,0,0,infeasible,,,4,15,17
E07807,010e;021e;121e,2,0,1,infeasible,,,4,15,17
E07808,010e;021e;121e,2,1,0,vacuous,0,,0,15,17
E07809,010e;021e;121e,2,1,1,vacuous,0,,0,15,17
E07810,010e;021e;121e,3,0,0,optimal,1,0,4,16,18
E07811,010e;021e;121e,3,0,1,infeasible,,,4,16,18
E07812,010e;021e;121e,3,0,2,infeasible,,,4,16,18
E07813,010e;021e;121e,3,1,0,vacuous,0,,0,16,18
E07814,010e;021e;121e,3,1,1,vacuous,0,,0,16,18
E07815,010e;021e;121e,3,1,2,vacuous,0,,0,16,18
E07816,010e;021e;121e,4,0,0,infeasible,,,4,15,17
E07817,010e;021e;121e,4,0,1,infeasible,,,4,15,17
E07818,010e;021e;121e,4,1,0,vacuous,0,,0,15,17
E07819,010e;021e;121e,4,1,1,vacuous,0,,0,15,17
E07820,010e;021e;121e,5,0,0,optimal,1,0,4,16,18
E07821,010e;021e;121e,5,0,1,infeasible,,,4,16,18
E07822,010e;021e;121e,5,0,2,infeasible,,,4,16,18
E07823,010e;021e;121e,5,1,0,vacuous,0,,0,16,18
E07824,010e;021e;121e,5,1,1,vacuous,0,,0,16,18
E07825,010e;021e;121e,5,1,2,vacuous,0,,0,16,18
E07826,010e;021e;121e,6,0,0,infeasible,,,4,16,18
E07827,010e;021e;121e,6,0,1,infeasible,,,4,16,18
E07828,010e;021e;121e,6,0,2,infeasible,,,4,16,18
E07829,010e;021e;121e,6,1,0,vacuous,0,,0,16,18
E07830,010e;021e;121e,6,1,1,vacuous,0,,0,16,18
E07831,010e;021e;121e,6,1,2,vacuous,0,,0,16,18
E07832,010e;021e;121e,7,0,0,optimal,1,0,4,17,19
E07833,010e;021e;121e,7,0,1,infeasible,,,4,17,19
E07834,010e;021e;121e,7,0,2,infeasible,,,4,17,19
E07835,010e;021e;121e,7,0,3,infeasible,,,4,17,19
E07836,010e;021e;121e,7,1,0,vacuous,0,,0,17,19
E07837,010e;021e;121e,7,1,1,vacuous,0,,0,17,19
E07838,010e;021e;121e,7,1,2,vacuous,0,,0,17,19
E07839,010e;021e;121e,7,1,3,vacuous,0,,0,17,19
E07840,011k,0,0,0,vacuous,0,,0,14,10
E07841,011k,0,1,0,vacuous,0,,0,14,10
E07842,011k,1,0,0,vacuous,0,,0,15,11
E07843,011k,1,0,1,vacuous,0,,0,15,11
E07844,011k,1,1,0,vacuous,0,,0,15,11
E07845,011k,1,1,1,vacuous,0,,0,15,11
E07846,011k,2,0,0,vacuous,0,,0,15,11
E07847,011k,2,0,1,vacuous,0,,0,15,11
E07848,011k,2,1,0,vacuous,0,,0,15,11
E07849,011k,2,1,1,vacuous,0,,0,15,11
E07850,011k,3,0,0,vacuous,0,,0,16,12
E07851,011k,3,0,1,vacuous,0,,0,16,12
E07852,011k,3,0,2,vacuous,0,,0,16,12
E07853,011k,3,1,0,vacuous,0,,0,16,12
E07854,011k,3,1,1,vacuous,0,,0,16,12
E07855,011k,3,1,2,vacuous,0,,0,16,12
E07856,011k,4,0,0,vacuous,0,,0,15,11
E07857,011k,4,0,1,vacuous,0,,0,15,11
E07858,011k,4,1,0,vacuous,0,,0,15,11
E07859,011k,4,1,1,vacuous,0,,0,15,11
E07860,011k,5,0,0,vacuous,0,,0,16,12
E07861,011k,5,0,1,vacuous,0,,0,16,12
E07862,011k,5,0,2,vacuous,0,,0,16,12
E07863,011k,5,1,0,vacuous,0,,0,16,12
E07864,011k,5,1,1,vacuous,0,,0,16,12
E07865,011k,5,1,2,vacuous,0,,0,16,12
E07866,011k,6,0,0,vacuous,0,,0,16,12
E07867,011k,6,0,1,vacuous,0,,0,16,12
E07868,011k,6,0,2,vacuous,0,,0,16,12
E07869,011k,6,1,0,vacuous,0,,0,16,12
E07870,011k,6,1,1,vacuous,0,,0,16,12
E07871,011k,6,1,2,vacuous,0,,0,16,12
E07872,011k,7,0,0,vacuous,0,,0,17,13
E07873,011k,7,0,1,vacuous,0,,0,17,13
E07874,011k,7,0,2,vacuous,0,,0,17,13
E07875,011k,7,0,3,vacuous,0,,0,17,13
E07876,011k,7,1,0,vacuous,0,,0,17,13
E07877,011k,7,1,1,vacuous,0,,0,17,13
E07878,011k,7,1,2,vacuous,0,,0,17,13
E07879,011k,7,1,3,vacuous,0,,0,17,13
E07880,011k;120k,0,0,0,infeasible,,,1,14,12
E07881,011k;120k,0,1,0,vacuous,0,,0,14,12
E07882,011k;120k,1,0,0,optimal,1,0,1,15,13
E07883,011k;120k,1,0,1,infeasible,,,1,15,13
E07884,011k;120k,1,1,0,vacuous,0,,0,15,13
E07885,011k;120k,1,1,1,vacuous,0,,0,15,13
E07886,011k;120k,2,0,0,optimal,2,0,1,15,13
E07887,011k;120k,2,0,1,infeasible,,,1,15,13
E07888,011k;120k,2,1,0,vacuous,0,,0,15,13
E07889,011k;120k,2,1,1,vacuous,0,,0,15,13
E07890,011k;120k,3,0,0,optimal,1,0,1,16,14
E07891,011k;120k,3,0,1,optimal,3,0;1,1,16,14
E07892,011k;120k,3,0,2,infeasible,,,1,16,14
E07893,011k;120k,3,1,0,vacuous,0,,0,16,14
E07894,011k;120k,3,1,1,vacuous,0,,0,16,14
E07895,011k;120k,3,1,2,vacuous,0,,0,16,14
E07896,011k;120k,4,0,0,optimal,3,0,1,15,13
E07897,011k;120k,4,0,1,infeasible,,,1,15,13
E07898,011k;120k,4,1,0,vacuous,0,,0,15,13
E07899,011k;120k,4,1,1,vacuous,0,,0,15,13
E07900,011k;120k,5,0,0,optimal,1,0,1,16,14
E07901,011k;120k,5,0,1,optimal,4,0;1,1,16,14
E07902,011k;120k,5,0,2,infeasible,,,1,16,14
E07903,011k;120k,5,1,0,vacuous,0,,0,16,14
E07904,011k;120k,5,1,1,vacuous,0,,0,16,14
E07905,011k;120k,5,1,2,vacuous,0,,0,16,14
E07906,011k;120k,6,0,0,optimal,2,0,1,16,14
E07907,011k;120k,6,0,1,optimal,5,0;1,1,16,14
E07908,011k;120k,6,0,2,infeasible,,,1,16,14
E07909,011k;120k,6,1,0,vacuous,0,,0,16,14
E07910,011k;120k,6,1,1,vacuous,0,,0,16,14
E07911,011k;120k,6,1,2,vacuous,0,,0,16,14
E07912,011k;120k,7,0,0,optimal,1,0,1,17,15
E07913,011k;120k,7,0,1,optimal,3,0;1,1,17,15
E07914,011k;120k,7,0,2,optimal,6,0;1;2,1,17,15
E07915,011k;120k,7,0,3,infeasible,,,1,17,15
E07916,011k;120k,7,1,0,vacuous,0,,0,17,15
E07917,011k;120k,7,1,1,vacuous,0,,0,17,15
E07918,011k;120k,7,1,2,vacuous,0,,0,17,15
E07919,011k;120k,7,1,3,vacuous,0,,0,17,15
E07920,011k;120r,0,0,0,infeasible,,,1,14,12
E07921,011k;120r,0,1,0,vacuous,0,,0,14,12
E07922,011k;120r,1,0,0,optimal,1,0,1,15,13
E07923,011k;120r,1,0,1,infeasible,,,1,15,13
E07924,011k;120r,1,1,0,vacuous,0,,0,15,13
E07925,011k;120r,1,1,1,vacuous,0,,0,15,13
E07926,011k;120r,2,0,0,optimal,2,0,1,15,13
E07927,011k;120r,2,0,1,infeasible,,,1,15,13
E07928,011k;120r,2,1,0,vacuous,0,,0,15,13
E07929,011k;120r,2,1,1,vacuous,0,,0,15,13
E07930,011k;120r,3,0,0,optimal,1,0,1,16,14
E07931,011k;120r,3,0,1,optimal,3,0;1,1,16,14
E07932,011k;120r,3,0,2,infeasible,,,1,16,14
E07933,011k;120r,3,1,0,vacuous,0,,0,16,14
E07934,011k;120r,3,1,1,vacuous,0,,0,16,14
E07935,011k;120r,3,1,2,vacuous,0,,0,16,14
E07936,011k;120r,4,0,0,infeasible,,,1,15,13
E07937,011k;120r,4,0,1,infeasible,,,1,15,13
E07938,011k;120r,4,1,0,vacuous,0,,0,15,13
E07939,011k;120r,4,1,1,vacuous,0,,0,15,13
E07940,011k;120r,5,0,0,optimal,1,0,1,16,14
E07941,011k;120r,5,0,1,infeasible,,,1,16,14
E07942,011k;120r,5,0,2,infeasible,,,1,16,14
E07943,011k;120r,5,1,0,vacuous,0,,0,16,14
E07944,011k;120r,5,1,1,vacuous,0,,0,16,14
E07945,011k;120r,5,1,2,vacuous,0,,0,16,14
E07946,011k;120r,6,0,0,optimal,2,0,1,16,14
E07947,011k;120r,6,0,1,infeasible,,,1,16,14
E07948,011k;120r,6,0,2,infeasible,,,1,16,14
E07949,011k;120r,6,1,0,vacuous,0,,0,16,14
E07950,011k;120r,6,1,1,vacuous,0,,0,16,14
E07951,011k;120r,6,1,2,vacuous,0,,0,16,14
E07952,011k;120r,7,0,0,optimal,1,0,1,17,15
E07953,011k;120r,7,0,1,optimal,3,0;1,1,17,15
E07954,011k;120r,7,0,2,infeasible,,,1,17,15
E07955,011k;120r,7,0,3,infeasible,,,1,17,15
E07956,011k;120r,7,1,0,vacuous,0,,0,17,15
E07957,011k;120r,7,1,1,vacuous,0,,0,17,15
E07958,011k;120r,7,1,2,vacuous,0,,0,17,15
E07959,011k;120r,7,1,3,vacuous,0,,0,17,15
E07960,011k;120e,0,0,0,infeasible,,,2,14,13
E07961,011k;120e,0,1,0,vacuous,0,,0,14,13
E07962,011k;120e,1,0,0,optimal,1,0,2,15,14
E07963,011k;120e,1,0,1,infeasible,,,2,15,14
E07964,011k;120e,1,1,0,vacuous,0,,0,15,14
E07965,011k;120e,1,1,1,vacuous,0,,0,15,14
E07966,011k;120e,2,0,0,optimal,2,0,2,15,14
E07967,011k;120e,2,0,1,infeasible,,,2,15,14
E07968,011k;120e,2,1,0,vacuous,0,,0,15,14
E07969,011k;120e,2,1,1,vacuous,0,,0,15,14
E07970,011k;120e,3,0,0,optimal,1,0,2,16,15
E07971,011k;120e,3,0,1,optimal,3,0;1,2,16,15
E07972,011k;120e,3,0,2,infeasible,,,2,16,15
E07973,011k;120e,3,1,0,vacuous,0,,0,16,15
E07974,011k;120e,3,1,1,vacuous,0,,0,16,15
E07975,011k;120e,3,1,2,vacuous,0,,0,16,15
E07976,011k;120e,4,0,0,infeasible,,,2,15,14
E07977,011k;120e,4,0,1,infeasible,,,2,15,14
E07978,011k;120e,4,1,0,vacuous,0,,0,15,14
E07979,011k;120e,4,1,1,vacuous,0,,0,15,14
E07980,011k;120e,5,0,0,optimal,1,0,2,16,15
E07981,011k;120e,5,0,1,infeasible,,,2,16,15
E07982,011k;120e,5,0,2,infeasible,,,2,16,15
E07983,011k;120e,5,1,0,vacuous,0,,0,16,15
E07984,011k;120e,5,1,1,vacuous,0,,0,16,15
E07985,011k;120e,5,1,2,vacuous,0,,0,16,15
E07986,011k;120e,6,0,0,optimal,2,0,2,16,15
E07987,011k;120e,6,0,1,infeasible,,,2,16,15
E07988,011k;120e,6,0,2,infeasible,,,2,16,15
E07989,011k;120e,6,1,0,vacuous,0,,0,16,15
E07990,011k;120e,6,1,1,vacuous,0,,0,16,15
E07991,011k;120e,6,1,2,vacuous,0,,0,16,15
E07992,011k;120e,7,0,0,optimal,1,0,2,17,16
E07993,011k;120e,7,0,1,optimal,3,0;1,2,17,16
E07994,011k;120e,7,0,2,infeasible,,,2,17,16
E07995,011k;120e,7,0,3,infeasible,,,2,17,16
E07996,011k;120e,7,1,0,vacuous,0,,0,17,16
E07997,011k;120e,7,1,1,vacuous,0,,0,17,16
E07998,011k;120e,7,1,2,vacuous,0,,0,17,16
E07999,011k;120e,7,1,3,vacuous,0,,0,17,16
E08000,011k;121k,0,0,0,infeasible,,,1,14,11
E08001,011k;121k,0,1,0,vacuous,0,,0,14,11
E08002,011k;121k,1,0,0,optimal,1,0,1,15,12
E08003,011k;121k,1,0,1,infeasible,,,1,15,12
E08004,011k;121k,1,1,0,vacuous,0,,0,15,12
E08005,011k;121k,1,1,1,vacuous,0,,0,15,12
E08006,011k;121k,2,0,0,optimal,2,0,1,15,12
E08007,011k;121k,2,0,1,infeasible,,,1,15,12
E08008,011k;121k,2,1,0,vacuous,0,,0,15,12
E08009,011k;121k,2,1,1,vacuous,0,,0,15,12
E08010,011k;121k,3,0,0,optimal,1,0,1,16,13
E08011,011k;121k,3,0,1,optimal,3,0;1,1,16,13
E08012,011k;121k,3,0,2,infeasible,,,1,16,13
E08013,011k;121k,3,1,0,vacuous,0,,0,16,13
E08014,011k;121k,3,1,1,vacuous,0,,0,16,13
E08015,011k;121k,3,1,2,vacuous,0,,0,16,13
E08016,011k;121k,4,0,0,optimal,3,0,1,15,12
E08017,011k;121k,4,0,1,infeasible,,,1,15,12
E08018,011k;121k,4,1,0,vacuous,0,,0,15,12
E08019,011k;121k,4,1,1,vacuous,0,,0,15,12
E08020,011k;121k,5,0,0,optimal,1,0,1,16,13
E08021,011k;121k,5,0,1,optimal,4,0;1,1,16,13
E08022,011k;121k,5,0,2,infeasible,,,1,16,13
E08023,011k;121k,5,1,0,vacuous,0,,0,16,13
E08024,011k;121k,5,1,1,vacuous,0,,0,16,13
E08025,011k;121k,5,1,2,vacuous,0,,0,16,13
E08026,011k;121k,6,0,0,optimal,2,0,1,16,13
E08027,011k;121k,6,0,1,optimal,5,0;1,1,16,13
E08028,011k;121k,6,0,2,infeasible,,,1,16,13
E08029,011k;121k,6,1,0,vacuous,0,,0,16,13
E08030,011k;121k,6,1,1,vacuous,0,,0,16,13
E08031,011k;121k,6,1,2,vacuous,0,,0,16,13
E08032,011k;121k,7,0,0,optimal,1,0,1,17,14
E08033,011k;121k,7,0,1,optimal,3,0;1,1,17,14
E08034,011k;121k,7,0,2,optimal,6,0;1;2,1,17,14
E08035,011k;121k,7,0,3,infeasible,,,1,17,14
E08036,011k;121k,7,1,0,vacuous,0,,0,17,14
E08037,011k;121k,7,1,1,vacuous,0,,0,17,14
E08038,011k;121k,7,1,2,vacuous,0,,0,17,14
E08039,011k;121k,7,1,3,vacuous,0,,0,17,14
E08040,011k;121r,0,0,0,infeasible,,,1,14,11
E08041,011k;121r,0,1,0,vacuous,0,,0,14,11
E08042,011k;121r,1,0,0,optimal,1,0,1,15,12
E08043,011k;121r,1,0,1,infeasible,,,1,15,12
E08044,011k;121r,1,1,0,vacuous,0,,0,15,12
E08045,011k;121r,1,1,1,vacuous,0,,0,15,12
E08046,011k;121r,2,0,0,optimal,2,0,1,15,12
E08047,011k;121r,2,0,1,infeasible,,,1,15,12
E08048,011k;121r,2,1,0,vacuous,0,,0,15,12
E08049,011k;121r,2,1,1,vacuous,0,,0,15,12
E08050,011k;121r,3,0,0,optimal,1,0,1,16,13
E08051,011k;121r,3,0,1,optimal,3,0;1,1,16,13
E08052,011k;121r,3,0,2,infeasible,,,1,16,13
E08053,011k;121r,3,1,0,vacuous,0,,0,16,13
E08054,011k;121r,3,1,1,vacuous,0,,0,16,13
E08055,011k;121r,3,1,2,vacuous,0,,0,16,13
E08056,011k;121r,4,0,0,infeasible,,,1,15,12
E08057,011k;121r,4,0,1,infeasible,,,1,15,12
E08058,011k;121r,4,1,0,vacuous,0,,0,15,12
E08059,011k;121r,4,1,1,vacuous,0,,0,15,12
E08060,011k;121r,5,0,0,optimal,1,0,1,16,13
E08061,011k;121r,5,0,1,infeasible,,,1,16,13
E08062,011k;121r,5,0,2,infeasible,,,1,16,13
E08063,011k;121r,5,1,0,vacuous,0,,0,16,13
E08064,011k;121r,5,1,1,vacuous,0,,0,16,13
E08065,011k;121r,5,1,2,vacuous,0,,0,16,13
E08066,011k;121r,6,0,0,optimal,2,0,1,16,13
E08067,011k;121r,6,0,1,infeasible,,,1,16,13
E08068,011k;121r,6,0,2,infeasible,,,1,16,13
E08069,011k;121r,6,1,0,vacuous,0,,0,16,13
E08070,011k;121r,6,1,1,vacuous,0,,0,16,13
E08071,011k;121r,6,1,2,vacuous,0,,0,16,13
E08072,011k;121r,7,0,0,optimal,1,0,1,17,14
E08073,011k;121r,7,0,1,optimal,3,0;1,1,17,14
E08074,011k;121r,7,0,2,infeasible,,,1,17,14
E08075,011k;121r,7,0,3,infeasible,,,1,17,14
E08076,011k;121r,7,1,0,vacuous,0,,0,17,14
E08077,011k;121r,7,1,1,vacuous,0,,0,17,14
E08078,011k;121r,7,1,2,vacuous,0,,0,17,14
E08079,011k;121r,7,1,3,vacuous,0,,0,17,14
E08080,011k;121e,0,0,0,infeasible,,,2,14,12
E08081,011k;121e,0,1,0,vacuous,0,,0,14,12
E08082,011k;121e,1,0,0,optimal,1,0,2,15,13
E08083,011k;121e,1,0,1,infeasible,,,2,15,13
E08084,011k;121e,1,1,0,vacuous,0,,0,15,13
E08085,011k;121e,1,1,1,vacuous,0,,0,15,13
E08086,011k;121e,2,0,0,optimal,2,0,2,15,13
E08087,011k;121e,2,0,1,infeasible,,,2,15,13
E08088,011k;121e,2,1,0,vacuous,0,,0,15,13
E08089,011k;121e,2,1,1,vacuous,0,,0,15,13
E08090,011k;121e,3,0,0,optimal,1,0,2,16,14
E08091,011k;121e,3,0,1,optimal,3,0;1,2,16,14
E08092,011k;121e,3,0,2,infeasible,,,2,16,14
E08093,011k;121e,3,1,0,vacuous,0,,0,16,14
E08094,011k;121e,3,1,1,vacuous,0,,0,16,14
E08095,011k;121e,3,1,2,vacuous,0,,0,16,14
E08096,011k;121e,4,0,0,infeasible,,,2,15,13
E08097,011k;121e,4,0,1,infeasible,,,2,15,13
E08098,011k;121e,4,1,0,vacuous,0,,0,15,13
E08099,011k;121e,4,1,1,vacuous,0,,0,15,13
E08100,011k;121e,5,0,0,optimal,1,0,2,16,14
E08101,011k;121e,5,0,1,infeasible,,,2,16,14
E08102,011k;121e,5,0,2,infeasible,,,2,16,14
E08103,011k;121e,5,1,0,vacuous,0,,0,16,14
E08104,011k;121e,5,1,1,vacuous,0,,0,16,14
E08105,011k;121e,5,1,2,vacuous,0,,0,16,14
E08106,011k;121e,6,0,0,optimal,2,0,2,16,14
E08107,011k;121e,6,0,1,infeasible,,,2,16,14
E08108,011k;121e,6,0,2,infeasible,,,2,16,14
E08109,011k;121e,6,1,0,vacuous,0,,0,16,14
E08110,011k;121e,6,1,1,vacuous,0,,0,16,14
E08111,011k;121e,6,1,2,vacuous,0,,0,16,14
E08112,011k;121e,7,0,0,optimal,1,0,2,17,15
E08113,011k;121e,7,0,1,optimal,3,0;1,2,17,15
E08114,011k;121e,7,0,2,infeasible,,,2,17,15
E08115,011k;121e,7,0,3,infeasible,,,2,17,15
E08116,011k;121e,7,1,0,vacuous,0,,0,17,15
E08117,011k;121e,7,1,1,vacuous,0,,0,17,15
E08118,011k;121e,7,1,2,vacuous,0,,0,17,15
E08119,011k;121e,7,1,3,vacuous,0,,0,17,15
E08120,011k;020k,0,0,0,infeasible,,,1,14,12
E08121,011k;020k,0,1,0,infeasible,,,1,14,12
E08122,011k;020k,1,0,0,optimal,1,0,1,15,13
E08123,011k;020k,1,0,1,infeasible,,,1,15,13
E08124,011k;020k,1,1,0,infeasible,,,1,15,13
E08125,011k;020k,1,1,1,infeasible,,,1,15,13
E08126,011k;020k,2,0,0,infeasible,,,1,15,13
E08127,011k;020k,2,0,1,infeasible,,,1,15,13
E08128,011k;020k,2,1,0,infeasible,,,1,15,13
E08129,011k;020k,2,1,1,infeasible,,,1,15,13
E08130,011k;020k,3,0,0,optimal,1,0,1,16,14
E08131,011k;020k,3,0,1,infeasible,,,1,16,14
E08132,011k;020k,3,0,2,infeasible,,,1,16,14
E08133,011k;020k,3,1,0,infeasible,,,1,16,14
E08134,011k;020k,3,1,1,infeasible,,,1,16,14
E08135,011k;020k,3,1,2,infeasible,,,1,16,14
E08136,011k;020k,4,0,0,optimal,3,0,1,15,13
E08137,011k;020k,4,0,1,infeasible,,,1,15,13
E08138,011k;020k,4,1,0,infeasible,,,1,15,13
E08139,011k;020k,4,1,1,infeasible,,,1,15,13
E08140,011k;020k,5,0,0,optimal,1,0,1,16,14
E08141,011k;020k,5,0,1,optimal,4,0;1,1,16,14
E08142,011k;020k,5,0,2,infeasible,,,1,16,14
E08143,011k;020k,5,1,0,infeasible,,,1,16,14
E08144,011k;020k,5,1,1,infeasible,,,1,16,14
E08145,011k;020k,5,1,2,infeasible,,,1,16,14
E08146,011k;020k,6,0,0,optimal,3,1,1,16,14
E08147,011k;020k,6,0,1,infeasible,,,1,16,14
E08148,011k;020k,6,0,2,infeasible,,,1,16,14
E08149,011k;020k,6,1,0,infeasible,,,1,16,14
E08150,011k;020k,6,1,1,infeasible,,,1,16,14
E08151,011k;020k,6,1,2,infeasible,,,1,16,14
E08152,011k;020k,7,0,0,optimal,1,0,1,17,15
E08153,011k;020k,7,0,1,optimal,4,0;2,1,17,15
E08154,011k;020k,7,0,2,infeasible,,,1,17,15
E08155,011k;020k,7,0,3,infeasible,,,1,17,15
E08156,011k;020k,7,1,0,infeasible,,,1,17,15
E08157,011k;020k,7,1,1,infeasible,,,1,17,15
E08158,011k;020k,7,1,2,infeasible,,,1,17,15
E08159,011k;020k,7,1,3,infeasible,,,1,17,15
E08160,011k;020k;120k,0,0,0,infeasible,,,2,14,14
E08161,011k;020k;120k,0,1,0,infeasible,,,1,14,14
E08162,011k;020k;120k,1,0,0,optimal,1,0,2,15,15
E08163,011k;020k;120k,1,0,1,infeasible,,,2,15,15
E08164,011k;020k;120k,1,1,0,infeasible,,,1,15,15
E08165,011k;020k;120k,1,1,1,infeasible,,,1,15,15
E08166,011k;020k;120k,2,0,0,infeasible,,,2,15,15
E08167,011k;020k;120k,2,0,1,infeasible,,,2,15,15
E08168,011k;020k;120k,2,1,0,infeasible,,,1,15,15
E08169,011k;020k;120k,2,1,1,infeasible,,,1,15,15
E08170,011k;020k;120k,3,0,0,optimal,1,0,2,16,16
E08171,011k;020k;120k,3,0,1,infeasible,,,2,16,16
E08172,011k;020k;120k,3,0,2,infeasible,,,2,16,16
E08173,011k;020k;120k,3,1,0,infeasible,,,1,16,16
E08174,011k;020k;120k,3,1,1,infeasible,,,1,16,16
E08175,011k;020k;120k,3,1,2,infeasible,,,1,16,16
E08176,011k;020k;120k,4,0,0,optimal,3,0,2,15,15
E08177,011k;020k;120k,4,0,1,infeasible,,,2,15,15
E08178,011k;020k;120k,4,1,0,infeasible,,,1,15,15
E08179,011k;020k;120k,4,1,1,infeasible,,,1,15,15
E08180,011k;020k;120k,5,0,0,optimal,1,0,2,16,16
E08181,011k;020k;120k,5,0,1,optimal,4,0;1,2,16,16
E08182,011k;020k;120k,5,0,2,infeasible,,,2,16,16
E08183,011k;020k;120k,5,1,0,infeasible,,,1,16,16
E08184,011k;020k;120k,5,1,1,infeasible,,,1,16,16
E08185,011k;020k;120k,5,1,2,infeasible,,,1,16,16
E08186,011k;020k;120k,6,0,0,optimal,3,1,2,16,16
E08187,011k;020k;120k,6,0,1,infeasible,,,2,16,16
E08188,011k;020k;120k,6,0,2,infeasible,,,2,16,16
E08189,011k;020k;120k,6,1,0,infeasible,,,1,16,16
E08190,011k;020k;120k,6,1,1,infeasible,,,1,16,16
E08191,011k;020k;120k,6,1,2,infeasible,,,1,16,16
E08192,011k;020k;120k,7,0,0,optimal,1,0,2,17,17
E08193,011k;020k;120k,7,0,1,optimal,4,0;2,2,17,17
E08194,011k;020k;120k,7,0,2,infeasible,,,2,17,17
E08195,011k;020k;120k,7,0,3,infeasible,,,2,17,17
E08196,011k;020k;120k,7,1,0,infeasible,,,1,17,17
E08197,011k;020k;120k,7,1,1,infeasible,,,1,17,17
E08198,011k;020k;120k,7,1,2,infeasible,,,1,17,17
E08199,011k;020k;120k,7,1,3,infeasible,,,1,17,17
E08200,011k;020k;120r,0,0,0,infeasible,,,2,14,14
E08201,011k;020k;120r,0,1,0,infeasible,,,1,14,14
E08202,011k;020k;120r,1,0,0,optimal,1,0,2,15,15
E08203,011k;020k;120r,1,0,1,infeasible,,,2,15,15
E08204,011k;020k;120r,1,1,0,infeasible,,,1,15,15
E08205,011k;020k;120r,1,1,1,infeasible,,,1,15,15
E08206,011k;020k;120r,2,0,0,infeasible,,,2,15,15
E08207,011k;020k;120r,2,0,1,infeasible,,,2,15,15
E08208,011k;020k;120r,2,1,0,infeasible,,,1,15,15
E08209,011k;020k;120r,2,1,1,infeasible,,,1,15,15
E08210,011k;020k;120r,3,0,0,optimal,1,0,2,16,16
E08211,011k;020k;120r,3,0,1,infeasible,,,2,16,16
E08212,011k;020k;120r,3,0,2,infeasible,,,2,16,16
E08213,011k;020k;120r,3,1,0,infeasible,,,1,16,16
E08214,011k;020k;120r,3,1,1,infeasible,,,1,16,16
E08215,011k;020k;120r,3,1,2,infeasible,,,1,16,16
E08216,011k;020k;120r,4,0,0,infeasible,,,2,15,15
E08217,011k;020k;120r,4,0,1,infeasible,,,2,15,15
E08218,011k;020k;120r,4,1,0,infeasible,,,1,15,15
E08219,011k;020k;120r,4,1,1,infeasible,,,1,15,15
E08220,011k;020k;120r,5,0,0,optimal,1,0,2,16,16
E08221,011k;020k;120r,5,0,1,infeasible,,,2,16,16
E08222,011k;020k;120r,5,0,2,infeasible,,,2,16,16
E08223,011k;020k;120r,5,1,0,infeasible,,,1,16,16
E08224,011k;020k;120r,5,1,1,infeasible,,,1,16,16
E08225,011k;020k;120r,5,1,2,infeasible,,,1,16,16
E08226,011k;020k;120r,6,0,0,optimal,5,0;1,2,16,16
E08227,011k;020k;120r,6,0,1,infeasible,,,2,16,16
E08228,011k;020k;120r,6,0,2,infeasible,,,2,16,16
E08229,011k;020k;120r,6,1,0,infeasible,,,1,16,16
E08230,011k;020k;120r,6,1,1,infeasible,,,1,16,16
E08231,011k;020k;120r,6,1,2,infeasible,,,1,16,16
E08232,011k;020k;120r,7,0,0,optimal,1,0,2,17,17
E08233,011k;020k;120r,7,0,1,optimal,6,0;1;2,2,17,17
E08234,011k;020k;120r,7,0,2,infeasible,,,2,17,17
E08235,011k;020k;120r,7,0,3,infeasible,,,2,17,17
E08236,011k;020k;120r,7,1,0,infeasible,,,1,17,17
E08237,011k;020k;120r,7,1,1,infeasible,,,1,17,17
E08238,011k;020k;120r,7,1,2,infeasible,,,1,17,17
E08239,011k;020k;120r,7,1,3,infeasible,,,1,17,17
E08240,011k;020k;120e,0,0,0,infeasible,,,3,14,15
E08241,011k;020k;120e,0,1,0,infeasible,,,1,14,15
E08242,011k;020k;120e,1,0,0,optimal,1,0,3,15,16
E08243,011k;020k;120e,1,0,1,infeasible,,,3,15,16
E08244,011k;020k;120e,1,1,0,infeasible,,,1,15,16
E08245,011k;020k;120e,1,1,1,infeasible,,,1,15,16
E08246,011k;020k;120e,2,0,0,infeasible,,,3,15,16
E08247,011k;020k;120e,2,0,1,infeasible,,,3,15,16
E08248,011k;020k;120e,2,1,0,infeasible,,,1,15,16
E08249,011k;020k;120e,2,1,1,infeasible,,,1,15,16
E08250,011k;020k;120e,3,0,0,optimal,1,0,3,16,17
E08251,011k;020k;120e,3,0,1,infeasible,,,3,16,17
E08252,011k;020k;120e,3,0,2,infeasible,,,3,16,17
E08253,011k;020k;120e,3,1,0,infeasible,,,1,16,17
E08254,011k;020k;120e,3,1,1,infeasible,,,1,16,17
E08255,011k;020k;120e,3,1,2,infeasible,,,1,16,17
E08256,011k;020k;120e,4,0,0,infeasible,,,3,15,16
E08257,011k;020k;120e,4,0,1,infeasible,,,3,15,16
E08258,011k;020k;120e,4,1,0,infeasible,,,1,15,16
E08259,011k;020k;120e,4,1,1,infeasible,,,1,15,16
E08260,011k;020k;120e,5,0,0,optimal,1,0,3,16,17
E08261,011k;020k;120e,5,0,1,infeasible,,,3,16,17
E08262,011k;020k;120e,5,0,2,infeasible,,,3,16,17
E08263,011k;020k;120e,5,1,0,infeasible,,,1,16,17
E08264,011k;020k;120e,5,1,1,infeasible,,,1,16,17
E08265,011k;020k;120e,5,1,2,infeasible,,,1,16,17
E08266,011k;020k;120e,6,0,0,optimal,5,0;1,3,16,17
E08267,011k;020k;120e,6,0,1,infeasible,,,3,16,17
E08268,011k;020k;120e,6,0,2,infeasible,,,3,16,17
E08269,011k;020k;120e,6,1,0,infeasible,,,1,16,17
E08270,011k;020k;120e,6,1,1,infeasible,,,1,16,17
E08271,011k;020k;120e,6,1,2,infeasible,,,1,16,17
E08272,011k;020k;120e,7,0,0,optimal,1,0,3,17,18
E08273,011k;020k;120e,7,0,1,optimal,6,0;1;2,3,17,18
E08274,011k;020k;120e,7,0,2,infeasible,,,3,17,18
E08275,011k;020k;120e,7,0,3,infeasible,,,3,17,18
E08276,011k;020k;120e,7,1,0,infeasible,,,1,17,18
E08277,011k;020k;120e,7,1,1,infeasible,,,1,17,18
E08278,011k;020k;120e,7,1,2,infeasible,,,1,17,18
E08279,011k;020k;120e,7,1,3,infeasible,,,1,17,18
E08280,011k;020k;121k,0,0,0,infeasible,,,2,14,13
E08281,011k;020k;121k,0,1,0,infeasible,,,1,14,13
E08282,011k;020k;121k,1,0,0,optimal,1,0,2,15,14
E08283,011k;020k;121k,1,0,1,infeasible,,,2,15,14
E08284,011k;020k;121k,1,1,0,infeasible,,,1,15,14
E08285,011k;020k;121k,1,1,1,infeasible,,,1,15,14
E08286,011k;020k;121k,2,0,0,infeasible,,,2,15,14
E08287,011k;020k;121k,2,0,1,infeasible,,,2,15,14
E08288,011k;020k;121k,2,1,0,infeasible,,,1,15,14
E08289,011k;020k;121k,2,1,1,infeasible,,,1,15,14
E08290,011k;020k;121k,3,0,0,optimal,1,0,2,16,15
E08291,011k;020k;121k,3,0,1,infeasible,,,2,16,15
E08292,011k;020k;121k,3,0,2,infeasible,,,2,16,15
E08293,011k;020k;121k,3,1,0,infeasible,,,1,16,15
E08294,011k;020k;121k,3,1,1,infeasible,,,1,16,15
E08295,011k;020k;121k,3,1,2,infeasible,,,1,16,15
E08296,011k;020k;121k,4,0,0,optimal,3,0,2,15,14
E08297,011k;020k;121k,4,0,1,infeasible,,,2,15,14
E08298,011k;020k;121k,4,1,0,infeasible,,,1,15,14
E08299,011k;020k;121k,4,1,1,infeasible,,,1,15,14
E08300,011k;020k;121k,5,0,0,optimal,1,0,2,16,15
E08301,011k;020k;121k,5,0,1,optimal,4,0;1,2,16,15
E08302,011k;020k;121k,5,0,2,infeasible,,,2,16,15
E08303,011k;020k;121k,5,1,0,infeasible,,,1,16,15
E08304,011k;020k;121k,5,1,1,infeasible,,,1,16,15
E08305,011k;020k;121k,5,1,2,infeasible,,,1,16,15
E08306,011k;020k;121k,6,0,0,optimal,3,1,2,16,15
E08307,011k;020k;121k,6,0,1,infeasible,,,2,16,15
E08308,011k;020k;121k,6,0,2,infeasible,,,2,16,15
E08309,011k;020k;121k,6,1,0,infeasible,,,1,16,15
E08310,011k;020k;121k,6,1,1,infeasible,,,1,16,15
E08311,011k;020k;121k,6,1,2,infeasible,,,1,16,15
E08312,011k;020k;121k,7,0,0,optimal,1,0,2,17,16
E08313,011k;020k;121k,7,0,1,optimal,4,0;2,2,17,16
E08314,011k;020k;121k,7,0,2,infeasible,,,2,17,16
E08315,011k;020k;121k,7,0,3,infeasible,,,2,17,16
E08316,011k;020k;121k,7,1,0,infeasible,,,1,17,16
E08317,011k;020k;121k,7,1,1,infeasible,,,1,17,16
E08318,011k;020k;121k,7,1,2,infeasible,,,1,17,16
E08319,011k;020k;121k,7,1,3,infeasible,,,1,17,16
E08320,011k;020k;121r,0,0,0,infeasible,,,2,14,13
E08321,011k;020k;121r,0,1,0,infeasible,,,1,14,13
E08322,011k;020k;121r,1,0,0,optimal,1,0,2,15,14
E08323,011k;020k;121r,1,0,1,infeasible,,,2,15,14
E08324,011k;020k;121r,1,1,0,infeasible,,,1,15,14
E08325,011k;020k;121r,1,1,1,infeasible,,,1,15,14
E08326,011k;020k;121r,2,0,0,infeasible,,,2,15,14
E08327,011k;020k;121r,2,0,1,infeasible,,,2,15,14
E08328,011k;020k;121r,2,1,0,infeasible,,,1,15,14
E08329,011k;020k;121r,2,1,1,infeasible,,,1,15,14
E08330,011k;020k;121r,3,0,0,optimal,1,0,2,16,15
E08331,011k;020k;121r,3,0,1,infeasible,,,2,16,15
E08332,011k;020k;121r,3,0,2,infeasible,,,2,16,15
E08333,011k;020k;121r,3,1,0,infeasible,,,1,16,15
E08334,011k;020k;121r,3,1,1,infeasible,,,1,16,15
E08335,011k;020k;121r,3,1,2,infeasible,,,1,16,15
E08336,011k;020k;121r,4,0,0,infeasible,,,2,15,14
E08337,011k;020k;121r,4,0,1,infeasible,,,2,15,14
E08338,011k;020k;121r,4,1,0,infeasible,,,1,15,14
E08339,011k;020k;121r,4,1,1,infeasible,,,1,15,14
E08340,011k;020k;121r,5,0,0,optimal,1,0,2,16,15
E08341,011k;020k;121r,5,0,1,infeasible,,,2,16,15
E08342,011k;020k;121r,5,0,2,infeasible,,,2,16,15
E08343,011k;020k;121r,5,1,0,infeasible,,,1,16,15
E08344,011k;020k;121r,5,1,1,infeasible,,,1,16,15
E08345,011k;020k;121r,5,1,2,infeasible,,,1,16,15
E08346,011k;020k;121r,6,0,0,optimal,5,0;1,2,16,15
E08347,011k;020k;121r,6,0,1,infeasible,,,2,16,15
E08348,011k;020k;121r,6,0,2,infeasible,,,2,16,15
E08349,011k;020k;121r,6,1,0,infeasible,,,1,16,15
E08350,011k;020k;121r,6,1,1,infeasible,,,1,16,15
E08351,011k;020k;121r,6,1,2,infeasible,,,1,16,15
E08352,011k;020k;121r,7,0,0,optimal,1,0,2,17,16
E08353,011k;020k;121r,7,0,1,optimal,6,0;1;2,2,17,16
E08354,011k;020k;121r,7,0,2,infeasible,,,2,17,16
E08355,011k;020k;121r,7,0,3,infeasible,,,2,17,16
E08356,011k;020k;121r,7,1,0,infeasible,,,1,17,16
E08357,011k;020k;121r,7,1,1,infeasible,,,1,17,16
E08358,011k;020k;121r,7,1,2,infeasible,,,1,17,16
E08359,011k;020k;121r,7,1,3,infeasible,,,1,17,16
E08360,011k;020k;121e,0,0,0,infeasible,,,3,14,14
E08361,011k;020k;121e,0,1,0,infeasible,,,1,14,14
E08362,011k;020k;121e,1,0,0,optimal,1,0,3,15,15
E08363,011k;020k;121e,1,0,1,infeasible,,,3,15,15
E08364,011k;020k;121e,1,1,0,infeasible,,,1,15,15
E08365,011k;020k;121e,1,1,1,infeasible,,,1,15,15
E08366,011k;020k;121e,2,0,0,infeasible,,,3,15,15
E08367,011k;020k;121e,2,0,1,infeasible,,,3,15,15
E08368,011k;020k;121e,2,1,0,infeasible,,,1,15,15
E08369,011k;020k;121e,2,1,1,infeasible,,,1,15,15
E08370,011k;020k;121e,3,0,0,optimal,1,0,3,16,16
E08371,011k;020k;121e,3,0,1,infeasible,,,3,16,16
E08372,011k;020k;121e,3,0,2,infeasible,,,3,16,16
E08373,011k;020k;121e,3,1,0,infeasible,,,1,16,16
E08374,011k;020k;121e,3,1,1,infeasible,,,1,16,16
E08375,011k;020k;121e,3,1,2,infeasible,,,1,16,16
E08376,011k;020k;121e,4,0,0,infeasible,,,3,15,15
E08377,011k;020k;121e,4,0,1,infeasible,,,3,15,15
E08378,011k;020k;121e,4,1,0,infeasible,,,1,15,15
E08379,011k;020k;121e,4,1,1,infeasible,,,1,15,15
E08380,011k;020k;121e,5,0,0,optimal,1,0,3,16,16
E08381,011k;020k;121e,5,0,1,infeasible,,,3,16,16
E08382,011k;020k;121e,5,0,2,infeasible,,,3,16,16
E08383,011k;020k;121e,5,1,0,infeasible,,,1,16,16
E08384,011k;020k;121e,5,1,1,infeasible,,,1,16,16
E08385,011k;020k;121e,5,1,2,infeasible,,,1,16,16
E08386,011k;020k;121e,6,0,0,optimal,5,0;1,3,16,16
E08387,011k;020k;121e,6,0,1,infeasible,,,3,16,16
E08388,011k;020k;121e,6,0,2,infeasible,,,3,16,16
E08389,011k;020k;121e,6,1,0,infeasible,,,1,16,16
E08390,011k;020k;121e,6,1,1,infeasible,,,1,16,16
E08391,011k;020k;121e,6,1,2,infeasible,,,1,16,16
E08392,011k;020k;121e,7,0,0,optimal,1,0,3,17,17
E08393,011k;020k;121e,7,0,1,optimal,6,0;1;2,3,17,17
E08394,011k;020k;121e,7,0,2,infeasible,,,3,17,17
E08395,011k;020k;121e,7,0,3,infeasible,,,3,17,17
E08396,011k;020k;121e,7,1,0,infeasible,,,1,17,17
E08397,011k;020k;121e,7,1,1,infeasible,,,1,17,17
E08398,011k;020k;121e,7,1,2,infeasible,,,1,17,17
E08399,011k;020k;121e,7,1,3,infeasible,,,1,17,17
E08400,011k;020r,0,0,0,infeasible,,,1,14,12
E08401,011k;020r,0,1,0,infeasible,,,1,14,12
E08402,011k;020r,1,0,0,optimal,1,0,1,15,13
E08403,011k;020r,1,0,1,infeasible,,,1,15,13
E08404,011k;020r,1,1,0,infeasible,,,1,15,13
E08405,011k;020r,1,1,1,infeasible,,,1,15,13
E08406,011k;020r,2,0,0,infeasible,,,1,15,13
E08407,011k;020r,2,0,1,infeasible,,,1,15,13
E08408,011k;020r,2,1,0,infeasible,,,1,15,13
E08409,011k;020r,2,1,1,infeasible,,,1,15,13
E08410,011k;020r,3,0,0,optimal,1,0,1,16,14
E08411,011k;020r,3,0,1,infeasible,,,1,16,14
E08412,011k;020r,3,0,2,infeasible,,,1,16,14
E08413,011k;020r,3,1,0,infeasible,,,1,16,14
E08414,011k;020r,3,1,1,infeasible,,,1,16,14
E08415,011k;020r,3,1,2,infeasible,,,1,16,14
E08416,011k;020r,4,0,0,infeasible,,,1,15,13
E08417,011k;020r,4,0,1,infeasible,,,1,15,13
E08418,011k;020r,4,1,0,infeasible,,,1,15,13
E08419,011k;020r,4,1,1,infeasible,,,1,15,13
E08420,011k;020r,5,0,0,optimal,1,0,1,16,14
E08421,011k;020r,5,0,1,infeasible,,,1,16,14
E08422,011k;020r,5,0,2,infeasible,,,1,16,14
E08423,011k;020r,5,1,0,infeasible,,,1,16,14
E08424,011k;020r,5,1,1,infeasible,,,1,16,14
E08425,011k;020r,5,1,2,infeasible,,,1,16,14
E08426,011k;020r,6,0,0,infeasible,,,1,16,14
E08427,011k;020r,6,0,1,infeasible,,,1,16,14
E08428,011k;020r,6,0,2,infeasible,,,1,16,14
E08429,011k;020r,6,1,0,infeasible,,,1,16,14
E08430,011k;020r,6,1,1,infeasible,,,1,16,14
E08431,011k;020r,6,1,2,infeasible,,,1,16,14
E08432,011k;020r,7,0,0,optimal,1,0,1,17,15
E08433,011k;020r,7,0,1,infeasible,,,1,17,15
E08434,011k;020r,7,0,2,infeasible,,,1,17,15
E08435,011k;020r,7,0,3,infeasible,,,1,17,15
E08436,011k;020r,7,1,0,infeasible,,,1,17,15
E08437,011k;020r,7,1,1,infeasible,,,1,17,15
E08438,011k;020r,7,1,2,infeasible,,,1,17,15
E08439,011k;020r,7,1,3,infeasible,,,1,17,15
E08440,011k;020r;120k,0,0,0,infeasible,,,2,14,14
E08441,011k;020r;120k,0,1,0,infeasible,,,1,14,14
E08442,011k;020r;120k,1,0,0,optimal,1,0,2,15,15
E08443,011k;020r;120k,1,0,1,infeasible,,,2,15,15
E08444,011k;020r;120k,1,1,0,infeasible,,,1,15,15
E08445,011k;020r;120k,1,1,1,infeasible,,,1,15,15
E08446,011k;020r;120k,2,0,0,infeasible,,,2,15,15
E08447,011k;020r;120k,2,0,1,infeasible,,,2,15,15
E08448,011k;020r;120k,2,1,0,infeasible,,,1,15,15
E08449,011k;020r;120k,2,1,1,infeasible,,,1,15,15
E08450,011k;020r;120k,3,0,0,optimal,1,0,2,16,16
E08451,011k;020r;120k,3,0,1,infeasible,,,2,16,16
E08452,011k;020r;120k,3,0,2,infeasible,,,2,16,16
E08453,011k;020r;120k,3,1,0,infeasible,,,1,16,16
E08454,011k;020r;120k,3,1,1,infeasible,,,1,16,16
E08455,011k;020r;120k,3,1,2,infeasible,,,1,16,16
E08456,011k;020r;120k,4,0,0,infeasible,,,2,15,15
E08457,011k;020r;120k,4,0,1,infeasible,,,2,15,15
E08458,011k;020r;120k,4,1,0,infeasible,,,1,15,15
E08459,011k;020r;120k,4,1,1,infeasible,,,1,15,15
E08460,011k;020r;120k,5,0,0,optimal,1,0,2,16,16
E08461,011k;020r;120k,5,0,1,infeasible,,,2,16,16
E08462,011k;020r;120k,5,0,2,infeasible,,,2,16,16
E08463,011k;020r;120k,5,1,0,infeasible,,,1,16,16
E08464,011k;020r;120k,5,1,1,infeasible,,,1,16,16
E08465,011k;020r;120k,5,1,2,infeasible,,,1,16,16
E08466,011k;020r;120k,6,0,0,infeasible,,,2,16,16
E08467,011k;020r;120k,6,0,1,infeasible,,,2,16,16
E08468,011k;020r;120k,6,0,2,infeasible,,,2,16,16
E08469,011k;020r;120k,6,1,0,infeasible,,,1,16,16
E08470,011k;020r;120k,6,1,1,infeasible,,,1,16,16
E08471,011k;020r;120k,6,1,2,infeasible,,,1,16,16
E08472,011k;020r;120k,7,0,0,optimal,1,0,2,17,17
E08473,011k;020r;120k,7,0,1,infeasible,,,2,17,17
E08474,011k;020r;120k,7,0,2,infeasible,,,2,17,17
E08475,011k;020r;120k,7,0,3,infeasible,,,2,17,17
E08476,011k;020r;120k,7,1,0,infeasible,,,1,17,17
E08477,011k;020r;120k,7,1,1,infeasible,,,1,17,17
E08478,011k;020r;120k,7,1,2,infeasible,,,1,17,17
E08479,011k;020r;120k,7,1,3,infeasible,,,1,17,17
E08480,011k;020r;120r,0,0,0,infeasible,,,2,14,14
E08481,011k;020r;120r,0,1,0,infeasible,,,1,14,14
E08482,011k;020r;120r,1,0,0,optimal,1,0,2,15,15
E08483,011k;020r;120r,1,0,1,infeasible,,,2,15,15
E08484,011k;020r;120r,1,1,0,infeasible,,,1,15,15
E08485,011k;020r;120r,1,1,1,infeasible,,,1,15,15
E08486,011k;020r;120r,2,0,0,infeasible,,,2,15,15
E08487,011k;020r;120r,2,0,1,infeasible,,,2,15,15
E08488,011k;020r;120r,2,1,0,infeasible,,,1,15,15
E08489,011k;020r;120r,2,1,1,infeasible,,,1,15,15
E08490,011k;020r;120r,3,0,0,optimal,1,0,2,16,16
E08491,011k;020r;120r,3,0,1,infeasible,,,2,16,16
E08492,011k;020r;120r,3,0,2,infeasible,,,2,16,16
E08493,011k;020r;120r,3,1,0,infeasible,,,1,16,16
E08494,011k;020r;120r,3,1,1,infeasible,,,1,16,16
E08495,011k;020r;120r,3,1,2,infeasible,,,1,16,16
E08496,011k;020r;120r,4,0,0,infeasible,,,2,15,15
E08497,011k;020r;120r,4,0,1,infeasible,,,2,15,15
E08498,011k;020r;120r,4,1,0,infeasible,,,1,15,15
E08499,011k;020r;120r,4,1,1,infeasible,,,1,15,15
E08500,011k;020r;120r,5,0,0,optimal,1,0,2,16,16
E08501,011k;020r;120r,5,0,1,infeasible,,,2,16,16
E08502,011k;020r;120r,5,0,2,infeasible,,,2,16,16
E08503,011k;020r;120r,5,1,0,infeasible,,,1,16,16
E08504,011k;020r;120r,5,1,1,infeasible,,,1,16,16
E08505,011k;020r;120r,5,1,2,infeasible,,,1,16,16
E08506,011k;020r;120r,6,0,0,infeasible,,,2,16,16
E08507,011k;020r;120r,6,0,1,infeasible,,,2,16,16
E08508,011k;020r;120r,6,0,2,infeasible,,,2,16,16
E08509,011k;020r;120r,6,1,0,infeasible,,,1,16,16
E08510,011k;020r;120r,6,1,1,infeasible,,,1,16,16
E08511,011k;020r;120r,6,1,2,infeasible,,,1,16,16
E08512,011k;020r;120r,7,0,0,optimal,1,0,2,17,17
E08513,011k;020r;120r,7,0,1,infeasible,,,2,17,17
E08514,011k;020r;120r,7,0,2,infeasible,,,2,17,17
E08515,011k;020r;120r,7,0,3,infeasible,,,2,17,17
E08516,011k;020r;120r,7,1,0,infeasible,,,1,17,17
E08517,011k;020r;120r,7,1,1,infeasible,,,1,17,17
E08518,011k;020r;120r,7,1,2,infeasible,,,1,17,17
E08519,011k;020r;120r,7,1,3,infeasible,,,1,17,17
E08520,011k;020r;120e,0,0,0,infeasible,,,3,14,15
E08521,011k;020r;120e,0,1,0,infeasible,,,1,14,15
E08522,011k;020r;120e,1,0,0,optimal,1,0,3,15,16
E08523,011k;020r;120e,1,0,1,infeasible,,,3,15,16
E08524,011k;020r;120e,1,1,0,infeasible,,,1,15,16
E08525,011k;020r;120e,1,1,1,infeasible,,,1,15,16
E08526,011k;020r;120e,2,0,0,infeasible,,,3,15,16
E08527,011k;020r;120e,2,0,1,infeasible,,,3,15,16
E08528,011k;020r;120e,2,1,0,infeasible,,,1,15,16
E08529,011k;020r;120e,2,1,1,infeasible,,,1,15,16
E08530,011k;020r;120e,3,0,0,optimal,1,0,3,16,17
E08531,011k;020r;120e,3,0,1,infeasible,,,3,16,17
E08532,011k;020r;120e,3,0,2,infeasible,,,3,16,17
E08533,011k;020r;120e,3,1,0,infeasible,,,1,16,17
E08534,011k;020r;120e,3,1,1,infeasible,,,1,16,17
E08535,011k;020r;120e,3,1,2,infeasible,,,1,16,17
E08536,011k;020r;120e,4,0,0,infeasible,,,3,15,16
E08537,011k;020r;120e,4,0,1,infeasible,,,3,15,16
E08538,011k;020r;120e,4,1,0,infeasible,,,1,15,16
E08539,011k;020r;120e,4,1,1,infeasible,,,1,15,16
E08540,011k;020r;120e,5,0,0,optimal,1,0,3,16,17
E08541,011k;020r;120e,5,0,1,infeasible,,,3,16,17
E08542,011k;020r;120e,5,0,2,infeasible,,,3,16,17
E08543,011k;020r;120e,5,1,0,infeasible,,,1,16,17
E08544,011k;020r;120e,5,1,1,infeasible,,,1,16,17
E08545,011k;020r;120e,5,1,2,infeasible,,,1,16,17
E08546,011k;020r;120e,6,0,0,infeasible,,,3,16,17
E08547,011k;020r;120e,6,0,1,infeasible,,,3,16,17
E08548,011k;020r;120e,6,0,2,infeasible,,,3,16,17
E08549,011k;020r;120e,6,1,0,infeasible,,,1,16,17
E08550,011k;020r;120e,6,1,1,infeasible,,,1,16,17
E08551,011k;020r;120e,6,1,2,infeasible,,,1,16,17
E08552,011k;020r;120e,7,0,0,optimal,1,0,3,17,18
E08553,011k;020r;120e,7,0,1,infeasible,,,3,17,18
E08554,011k;020r;120e,7,0,2,infeasible,,,3,17,18
E08555,011k;020r;120e,7,0,3,infeasible,,,3,17,18
E08556,011k;020r;120e,7,1,0,infeasible,,,1,17,18
E08557,011k;020r;120e,7,1,1,infeasible,,,1,17,18
E08558,011k;020r;120e,7,1,2,infeasible,,,1,17,18
E08559,011k;020r;120e,7,1,3,infeasible,,,1,17,18
E08560,011k;020r;121k,0,0,0,infeasible,,,2,14,13
E08561,011k;020r;121k,0,1,0,infeasible,,,1,14,13
E08562,011k;020r;121k,1,0,0,optimal,1,0,2,15,14
E08563,011k;020r;121k,1,0,1,infeasible,,,2,15,14
E08564,011k;020r;121k,1,1,0,infeasible,,,1,15,14
E08565,011k;020r;121k,1,1,1,infeasible,,,1,15,14
E08566,011k;020r;121k,2,0,0,infeasible,,,2,15,14
E08567,011k;020r;121k,2,0,1,infeasible,,,2,15,14
E08568,011k;020r;121k,2,1,0,infeasible,,,1,15,14
E08569,011k;020r;121k,2,1,1,infeasible,,,1,15,14
E08570,011k;020r;121k,3,0,0,optimal,1,0,2,16,15
E08571,011k;020r;121k,3,0,1,infeasible,,,2,16,15
E08572,011k;020r;121k,3,0,2,infeasible,,,2,16,15
E08573,011k;020r;121k,3,1,0,infeasible,,,1,16,15
E08574,011k;020r;121k,3,1,1,infeasible,,,1,16,15
E08575,011k;020r;121k,3,1,2,infeasible,,,1,16,15
E08576,011k;020r;121k,4,0,0,infeasible,,,2,15,14
E08577,011k;020r;121k,4,0,1,infeasible,,,2,15,14
E08578,011k;020r;121k,4,1,0,infeasible,,,1,15,14
E08579,011k;020r;121k,4,1,1,infeasible,,,1,15,14
E08580,011k;020r;121k,5,0,0,optimal,1,0,2,16,15
E08581,011k;020r;121k,5,0,1,infeasible,,,2,16,15
E08582,011k;020r;121k,5,0,2,infeasible,,,2,16,15
E08583,011k;020r;121k,5,1,0,infeasible,,,1,16,15
E08584,011k;020r;121k,5,1,1,infeasible,,,1,16,15
E08585,011k;020r;121k,5,1,2,infeasible,,,1,16,15
E08586,011k;020r;121k,6,0,0,infeasible,,,2,16,15
E08587,011k;020r;121k,6,0,1,infeasible,,,2,16,15
E08588,011k;020r;121k,6,0,2,infeasible,,,2,16,15
E08589,011k;020r;121k,6,1,0,infeasible,,,1,16,15
E08590,011k;020r;121k,6,1,1,infeasible,,,1,16,15
E08591,011k;020r;121k,6,1,2,infeasible,,,1,16,15
E08592,011k;020r;121k,7,0,0,optimal,1,0,2,17,16
E08593,011k;020r;121k,7,0,1,infeasible,,,2,17,16
E08594,011k;020r;121k,7,0,2,infeasible,,,2,17,16
E08595,011k;020r;121k,7,0,3,infeasible,,,2,17,16
E08596,011k;020r;121k,7,1,0,infeasible,,,1,17,16
E08597,011k;020r;121k,7,1,1,infeasible,,,1,17,16
E08598,011k;020r;121k,7,1,2,infeasible,,,1,17,16
E08599,011k;020r;121k,7,1,3,infeasible,,,1,17,16
E08600,011k;020r;121r,0,0,0,infeasible,,,2,14,13
E08601,011k;020r;121r,0,1,0,infeasible,,,1,14,13
E08602,011k;020r;121r,1,0,0,optimal,1,0,2,15,14
E08603,011k;020r;121r,1,0,1,infeasible,,,2,15,14
E08604,011k;020r;121r,1,1,0,infeasible,,,1,15,14
E08605,011k;020r;121r,1,1,1,infeasible,,,1,15,14
E08606,011k;020r;121r,2,0,0,infeasible,,,2,15,14
E08607,011k;020r;121r,2,0,1,infeasible,,,2,15,14
E08608,011k;020r;121r,2,1,0,infeasible,,,1,15,14
E08609,011k;020r;121r,2,1,1,infeasible,,,1,15,14
E08610,011k;020r;121r,3,0,0,optimal,1,0,2,16,15
E08611,011k;020r;121r,3,0,1,infeasible,,,2,16,15
E08612,011k;020r;121r,3,0,2,infeasible,,,2,16,15
E08613,011k;020r;121r,3,1,0,infeasible,,,1,16,15
E08614,011k;020r;121r,3,1,1,infeasible,,,1,16,15
E08615,011k;020r;121r,3,1,2,infeasible,,,1,16,15
E08616,011k;020r;121r,4,0,0,infeasible,,,2,15,14
E08617,011k;020r;121r,4,0,1,infeasible,,,2,15,14
E08618,011k;020r;121r,4,1,0,infeasible,,,1,15,14
E08619,011k;020r;121r,4,1,1,infeasible,,,1,15,14
E08620,011k;020r;121r,5,0,0,optimal,1,0,2,16,15
E08621,011k;020r;121r,5,0,1,infeasible,,,2,16,15
E08622,011k;020r;121r,5,0,2,infeasible,,,2,16,15
E08623,011k;020r;121r,5,1,0,infeasible,,,1,16,15
E08624,011k;020r;121r,5,1,1,infeasible,,,1,16,15
E08625,011k;020r;121r,5,1,2,infeasible,,,1,16,15
E08626,011k;020r;121r,6,0,0,infeasible,,,2,16,15
E08627,011k;020r;121r,6,0,1,infeasible,,,2,16,15
E08628,011k;020r;121r,6,0,2,infeasible,,,2,16,15
E08629,011k;020r;121r,6,1,0,infeasible,,,1,16,15
E08630,011k;020r;121r,6,1,1,infeasible,,,1,16,15
E08631,011k;020r;121r,6,1,2,infeasible,,,1,16,15
E08632,011k;020r;121r,7,0,0,optimal,1,0,2,17,16
E08633,011k;020r;121r,7,0,1,infeasible,,,2,17,16
E08634,011k;020r;121r,7,0,2,infeasible,,,2,17,16
E08635,011k;020r;121r,7,0,3,infeasible,,,2,17,16
E08636,011k;020r;121r,7,1,0,infeasible,,,1,17,16
E08637,011k;020r;121r,7,1,1,infeasible,,,1,17,16
E08638,011k;020r;121r,7,1,2,infeasible,,,1,17,16
E08639,011k;020r;121r,7,1,3,infeasible,,,1,17,16
E08640,011k;020r;121e,0,0,0,infeasible,,,3,14,14
E08641,011k;020r;121e,0,1,0,infeasible,,,1,14,14
E08642,011k;020r;121e,1,0,0,optimal,1,0,3,15,15
E08643,011k;020r;121e,1,0,1,infeasible,,,3,15,15
E08644,011k;020r;121e,1,1,0,infeasible,,,1,15,15
E08645,011k;020r;121e,1,1,1,infeasible,,,1,15,15
E08646,011k;020r;121e,2,0,0,infeasible,,,3,15,15
E08647,011k;020r;121e,2,0,1,infeasible,,,3,15,15
E08648,011k;020r;121e,2,1,0,infeasible,,,1,15,15
E08649,011k;020r;121e,2,1,1,infeasible,,,1,15,15
E08650,011k;020r;121e,3,0,0,optimal,1,0,3,16,16
E08651,011k;020r;121e,3,0,1,infeasible,,,3,16,16
E08652,011k;020r;121e,3,0,2,infeasible,,,3,16,16
E08653,011k;020r;121e,3,1,0,infeasible,,,1,16,16
E08654,011k;020r;121e,3,1,1,infeasible,,,1,16,16
E08655,011k;020r;121e,3,1,2,infeasible,,,1,16,16
E08656,011k;020r;121e,4,0,0,infeasible,,,3,15,15
E08657,011k;020r;121e,4,0,1,infeasible,,,3,15,15
E08658,011k;020r;121e,4,1,0,infeasible,,,1,15,15
E08659,011k;020r;121e,4,1,1,infeasible,,,1,15,15
E08660,011k;020r;121e,5,0,0,optimal,1,0,3,16,16
E08661,011k;020r;121e,5,0,1,infeasible,,,3,16,16
E08662,011k;020r;121e,5,0,2,infeasible,,,3,16,16
E08663,011k;020r;121e,5,1,0,infeasible,,,1,16,16
E08664,011k;020r;121e,5,1,1,infeasible,,,1,16,16
E08665,011k;020r;121e,5,1,2,infeasible,,,1,16,16
E08666,011k;020r;121e,6,0,0,infeasible,,,3,16,16
E08667,011k;020r;121e,6,0,1,infeasible,,,3,16,16
E08668,011k;020r;121e,6,0,2,infeasible,,,3,16,16
E08669,011k;020r;121e,6,1,0,infeasible,,,1,16,16
E08670,011k;020r;121e,6,1,1,infeasible,,,1,16,16
E08671,011k;020r;121e,6,1,2,infeasible,,,1,16,16
E08672,011k;020r;121e,7,0,0,optimal,1,0,3,17,17
E08673,011k;020r;121e,7,0,1,infeasible,,,3,17,17
E08674,011k;020r;121e,7,0,2,infeasible,,,3,17,17
E08675,011k;020r;121e,7,0,3,infeasible,,,3,17,17
E08676,011k;020r;121e,7,1,0,infeasible,,,1,17,17
E08677,011k;020r;121e,7,1,1,infeasible,,,1,17,17
E08678,011k;020r;121e,7,1,2,infeasible,,,1,17,17
E08679,011k;020r;121e,7,1,3,infeasible,,,1,17,17
E08680,011k;020e,0,0,0,infeasible,,,2,14,13
E08681,011k;020e,0,1,0,infeasible,,,1,14,13
E08682,011k;020e,1,0,0,optimal,1,0,2,15,14
E08683,011k;020e,1,0,1,infeasible,,,2,15,14
E08684,011k;020e,1,1,0,infeasible,,,1,15,14
E08685,011k;020e,1,1,1,infeasible,,,1,15,14
E08686,011k;020e,2,0,0,infeasible,,,2,15,14
E08687,011k;020e,2,0,1,infeasible,,,2,15,14
E08688,011k;020e,2,1,0,infeasible,,,1,15,14
E08689,011k;020e,2,1,1,infeasible,,,1,15,14
E08690,011k;020e,3,0,0,optimal,1,0,2,16,15
E08691,011k;020e,3,0,1,infeasible,,,2,16,15
E08692,011k;020e,3,0,2,infeasible,,,2,16,15
E08693,011k;020e,3,1,0,infeasible,,,1,16,15
E08694,011k;020e,3,1,1,infeasible,,,1,16,15
E08695,011k;020e,3,1,2,infeasible,,,1,16,15
E08696,011k;020e,4,0,0,infeasible,,,2,15,14
E08697,011k;020e,4,0,1,infeasible,,,2,15,14
E08698,011k;020e,4,1,0,infeasible,,,1,15,14
E08699,011k;020e,4,1,1,infeasible,,,1,15,14
E08700,011k;020e,5,0,0,optimal,1,0,2,16,15
E08701,011k;020e,5,0,1,infeasible,,,2,16,15
E08702,011k;020e,5,0,2,infeasible,,,2,16,15
E08703,011k;020e,5,1,0,infeasible,,,1,16,15
E08704,011k;020e,5,1,1,infeasible,,,1,16,15
E08705,011k;020e,5,1,2,infeasible,,,1,16,15
E08706,011k;020e,6,0,0,infeasible,,,2,16,15
E08707,011k;020e,6,0,1,infeasible,,,2,16,15
E08708,011k;020e,6,0,2,infeasible,,,2,16,15
E08709,011k;020e,6,1,0,infeasible,,,1,16,15
E08710,011k;020e,6,1,1,infeasible,,,1,16,15
E08711,011k;020e,6,1,2,infeasible,,,1,16,15
E08712,011k;020e,7,0,0,optimal,1,0,2,17,16
E08713,011k;020e,7,0,1,infeasible,,,2,17,16
E08714,011k;020e,7,0,2,infeasible,,,2,17,16
E08715,011k;020e,7,0,3,infeasible,,,2,17,16
E08716,011k;020e,7,1,0,infeasible,,,1,17,16
E08717,011k;020e,7,1,1,infeasible,,,1,17,16
E08718,011k;020e,7,1,2,infeasible,,,1,17,16
E08719,011k;020e,7,1,3,infeasible,,,1,17,16
E08720,011k;020e;120k,0,0,0,infeasible,,,3,14,15
E08721,011k;020e;120k,0,1,0,infeasible,,,1,14,15
E08722,011k;020e;120k,1,0,0,optimal,1,0,3,15,16
E08723,011k;020e;120k,1,0,1,infeasible,,,3,15,16
E08724,011k;020e;120k,1,1,0,infeasible,,,1,15,16
E08725,011k;020e;120k,1,1,1,infeasible,,,1,15,16
E08726,011k;020e;120k,2,0,0,infeasible,,,3,15,16
E08727,011k;020e;120k,2,0,1,infeasible,,,3,15,16
E08728,011k;020e;120k,2,1,0,infeasible,,,1,15,16
E08729,011k;020e;120k,2,1,1,infeasible,,,1,15,16
E08730,011k;020e;120k,3,0,0,optimal,1,0,3,16,17
E08731,011k;020e;120k,3,0,1,infeasible,,,3,16,17
E08732,011k;020e;120k,3,0,2,infeasible,,,3,16,17
E08733,011k;020e;120k,3,1,0,infeasible,,,1,16,17
E08734,011k;020e;120k,3,1,1,infeasible,,,1,16,17
E08735,011k;020e;120k,3,1,2,infeasible,,,1,16,17
E08736,011k;020e;120k,4,0,0,infeasible,,,3,15,16
E08737,011k;020e;120k,4,0,1,infeasible,,,3,15,16
E08738,011k;020e;120k,4,1,0,infeasible,,,1,15,16
E08739,011k;020e;120k,4,1,1,infeasible,,,1,15,16
E08740,011k;020e;120k,5,0,0,optimal,1,0,3,16,17
E08741,011k;020e;120k,5,0,1,infeasible,,,3,16,17
E08742,011k;020e;120k,5,0,2,infeasible,,,3,16,17
E08743,011k;020e;120k,5,1,0,infeasible,,,1,16,17
E08744,011k;020e;120k,5,1,1,infeasible,,,1,16,17
E08745,011k;020e;120k,5,1,2,infeasible,,,1,16,17
E08746,011k;020e;120k,6,0,0,infeasible,,,3,16,17
E08747,011k;020e;120k,6,0,1,infeasible,,,3,16,17
E08748,011k;020e;120k,6,0,2,infeasible,,,3,16,17
E08749,011k;020e;120k,6,1,0,infeasible,,,1,16,17
E08750,011k;020e;120k,6,1,1,infeasible,,,1,16,17
E08751,011k;020e;120k,6,1,2,infeasible,,,1,16,17
E08752,011k;020e;120k,7,0,0,optimal,1,0,3,17,18
E08753,011k;020e;120k,7,0,1,infeasible,,,3,17,18
E08754,011k;020e;120k,7,0,2,infeasible,,,3,17,18
E08755,011k;020e;120k,7,0,3,infeasible,,,3,17,18
E08756,011k;020e;120k,7,1,0,infeasible,,,1,17,18
E08757,011k;020e;120k,7,1,1,infeasible,,,1,17,18
E08758,011k;020e;120k,7,1,2,infeasible,,,1,17,18
E08759,011k;020e;120k,7,1,3,infeasible,,,1,17,18
E08760,011k;020e;120r,0,0,0,infeasible,,,3,14,15
E08761,011k;020e;120r,0,1,0,infeasible,,,1,14,15
E08762,011k;020e;120r,1,0,0,optimal,1,0,3,15,16
E08763,011k;020e;120r,1,0,1,infeasible,,,3,15,16
E08764,011k;020e;120r,1,1,0,infeasible,,,1,15,16
E08765,011k;020e;120r,1,1,1,infeasible,,,1,15,16
E08766,011k;020e;120r,2,0,0,infeasible,,,3,15,16
E08767,011k;020e;120r,2,0,1,infeasible,,,3,15,16
E08768,011k;020e;120r,2,1,0,infeasible,,,1,15,16
E08769,011k;020e;120r,2,1,1,infeasible,,,1,15,16
E08770,011k;020e;120r,3,0,0,optimal,1,0,3,16,17
E08771,011k;020e;120r,3,0,1,infeasible,,,3,16,17
E08772,011k;020e;120r,3,0,2,infeasible,,,3,16,17
E08773,011k;020e;120r,3,1,0,infeasible,,,1,16,17
E08774,011k;020e;120r,3,1,1,infeasible,,,1,16,17
E08775,011k;020e;120r,3,1,2,infeasible,,,1,16,17
E08776,011k;020e;120r,4,0,0,infeasible,,,3,15,16
E08777,011k;020e;120r,4,0,1,infeasible,,,3,15,16
E08778,011k;020e;120r,4,1,0,infeasible,,,1,15,16
E08779,011k;020e;120r,4,1,1,infeasible,,,1,15,16
E08780,011k;020e;120r,5,0,0,optimal,1,0,3,16,17
E08781,011k;020e;120r,5,0,1,infeasible,,,3,16,17
E08782,011k;020e;120r,5,0,2,infeasible,,,3,16,17
E08783,011k;020e;120r,5,1,0,infeasible,,,1,16,17
E08784,011k;020e;120r,5,1,1,infeasible,,,1,16,17
E08785,011k;020e;120r,5,1,2,infeasible,,,1,16,17
E08786,011k;020e;120r,6,0,0,infeasible,,,3,16,17
E08787,011k;020e;120r,6,0,1,infeasible,,,3,16,17
E08788,011k;020e;120r,6,0,2,infeasible,,,3,16,17
E08789,011k;020e;120r,6,1,0,infeasible,,,1,16,17
E08790,011k;020e;120r,6,1,1,infeasible,,,1,16,17
E08791,011k;020e;120r,6,1,2,infeasible,,,1,16,17
E08792,011k;020e;120r,7,0,0,optimal,1,0,3,17,18
E08793,011k;020e;120r,7,0,1,infeasible,,,3,17,18
E08794,011k;020e;120r,7,0,2,infeasible,,,3,17,18
E08795,011k;020e;120r,7,0,3,infeasible,,,3,17,18
E08796,011k;020e;120r,7,1,0,infeasible,,,1,17,18
E08797,011k;020e;120r,7,1,1,infeasible,,,1,17,18
E08798,011k;020e;120r,7,1,2,infeasible,,,1,17,18
E08799,011k;020e;120r,7,1,3,infeasible,,,1,17,18
E08800,011k;020e;120e,0,0,0,infeasible,,,4,14,16
E08801,011k;020e;120e,0,1,0,infeasible,,,1,14,16
E08802,011k;020e;120e,1,0,0,optimal,1,0,4,15,17
E08803,011k;020e;120e,1,0,1,infeasible,,,4,15,17
E08804,011k;020e;120e,1,1,0,infeasible,,,1,15,17
E08805,011k;020e;120e,1,1,1,infeasible,,,1,15,17
E08806,011k;020e;120e,2,0,0,infeasible,,,4,15,17
E08807,011k;020e;120e,2,0,1,infeasible,,,4,15,17
E08808,011k;020e;120e,2,1,0,infeasible,,,1,15,17
E08809,011k;020e;120e,2,1,1,infeasible,,,1,15,17
E08810,011k;020e;120e,3,0,0,optimal,1,0,4,16,18
E08811,011k;020e;120e,3,0,1,infeasible,,,4,16,18
E08812,011k;020e;120e,3,0,2,infeasible,,,4,16,18
E08813,011k;020e;120e,3,1,0,infeasible,,,1,16,18
E08814,011k;020e;120e,3,1,1,infeasible,,,1,16,18
E08815,011k;020e;120e,3,1,2,infeasible,,,1,16,18
E08816,011k;020e;120e,4,0,0,infeasible,,,4,15,17
E08817,011k;020e;120e,4,0,1,infeasible,,,4,15,17
E08818,011k;020e;120e,4,1,0,infeasible,,,1,15,17
E08819,011k;020e;120e,4,1,1,infeasible,,,1,15,17
E08820,011k;020e;120e,5,0,0,optimal,1,0,4,16,18
E08821,011k;020e;120e,5,0,1,infeasible,,,4,16,18
E08822,011k;020e;120e,5,0,2,infeasible,,,4,16,18
E08823,011k;020e;120e,5,1,0,infeasible,,,1,16,18
E08824,011k;020e;120e,5,1,1,infeasible,,,1,16,18
E08825,011k;020e;120e,5,1,2,infeasible,,,1,16,18
E08826,011k;020e;120e,6,0,0,infeasible,,,4,16,18
E08827,011k;020e;120e,6,0,1,infeasible,,,4,16,18
E08828,011k;020e;120e,6,0,2,infeasible,,,4,16,18
E08829,011k;020e;120e,6,1,0,infeasible,,,1,16,18
E08830,011k;020e;120e,6,1,1,infeasible,,,1,16,18
E08831,011k;020e;120e,6,1,2,infeasible,,,1,16,18
E08832,011k;020e;120e,7,0,0,optimal,1,0,4,17,19
E08833,011k;020e;120e,7,0,1,infeasible,,,4,17,19
E08834,011k;020e;120e,7,0,2,infeasible,,,4,17,19
E08835,011k;020e;120e,7,0,3,infeasible,,,4,17,19
E08836,011k;020e;120e,7,1,0,infeasible,,,1,17,19
E08837,011k;020e;120e,7,1,1,infeasible,,,1,17,19
E08838,011k;020e;120e,7,1,2,infeasible,,,1,17,19
E08839,011k;020e;120e,7,1,3,infeasible,,,1,17,19
E08840,011k;020e;121k,0,0,0,infeasible,,,3,14,14
E08841,011k;020e;121k,0,1,0,infeasible,,,1,14,14
E08842,011k;020e;121k,1,0,0,optimal,1,0,3,15,15
E08843,011k;020e;121k,1,0,1,infeasible,,,3,15,15
E08844,011k;020e;121k,1,1,0,infeasible,,,1,15,15
E08845,011k;020e;121k,1,1,1,infeasible,,,1,15,15
E08846,011k;020e;121k,2,0,0,infeasible,,,3,15,15
E08847,011k;020e;121k,2,0,1,infeasible,,,3,15,15
E08848,011k;020e;121k,2,1,0,infeasible,,,1,15,15
E08849,011k;020e;121k,2,1,1,infeasible,,,1,15,15
E08850,011k;020e;121k,3,0,0,optimal,1,0,3,16,16
E08851,011k;020e;121k,3,0,1,infeasible,,,3,16,16
E08852,011k;020e;121k,3,0,2,infeasible,,,3,16,16
E08853,011k;020e;121k,3,1,0,infeasible,,,1,16,16
E08854,011k;020e;121k,3,1,1,infeasible,,,1,16,16
E08855,011k;020e;121k,3,1,2,infeasible,,,1,16,16
E08856,011k;020e;121k,4,0,0,infeasible,,,3,15,15
E08857,011k;020e;121k,4,0,1,infeasible,,,3,15,15
E08858,011k;020e;121k,4,1,0,infeasible,,,1,15,15
E08859,011k;020e;121k,4,1,1,infeasible,,,1,15,15
E08860,011k;020e;121k,5,0,0,optimal,1,0,3,16,16
E08861,011k;020e;121k,5,0,1,infeasible,,,3,16,16
E08862,011k;020e;121k,5,0,2,infeasible,,,3,16,16
E08863,011k;020e;121k,5,1,0,infeasible,,,1,16,16
E08864,011k;020e;121k,5,1,1,infeasible,,,1,16,16
E08865,011k;020e;121k,5,1,2,infeasible,,,1,16,16
E08866,011k;020e;121k,6,0,0,infeasible,,,3,16,16
E08867,011k;020e;121k,6,0,1,infeasible,,,3,16,16
E08868,011k;020e;121k,6,0,2,infeasible,,,3,16,16
E08869,011k;020e;121k,6,1,0,infeasible,,,1,16,16
E08870,011k;020e;121k,6,1,1,infeasible,,,1,16,16
E08871,011k;020e;121k,6,1,2,infeasible,,,1,16,16
E08872,011k;020e;121k,7,0,0,optimal,1,0,3,17,17
E08873,011k;020e;121k,7,0,1,infeasible,,,3,17,17
E08874,011k;020e;121k,7,0,2,infeasible,,,3,17,17
E08875,011k;020e;121k,7,0,3,infeasible,,,3,17,17
E08876,011k;020e;121k,7,1,0,infeasible,,,1,17,17
E08877,011k;020e;121k,7,1,1,infeasible,,,1,17,17
E08878,011k;020e;121k,7,1,2,infeasible,,,1,17,17
E08879,011k;020e;121k,7,1,3,infeasible,,,1,17,17
E08880,011k;020e;121r,0,0,0,infeasible,,,3,14,14
E08881,011k;020e;121r,0,1,0,infeasible,,,1,14,14
E08882,011k;020e;121r,1,0,0,optimal,1,0,3,15,15
E08883,011k;020e;121r,1,0,1,infeasible,,,3,15,15
E08884,011k;020e;121r,1,1,0,infeasible,,,1,15,15
E08885,011k;020e;121r,1,1,1,infeasible,,,1,15,15
E08886,011k;020e;121r,2,0,0,infeasible,,,3,15,15
E08887,011k;020e;121r,2,0,1,infeasible,,,3,15,15
E08888,011k;020e;121r,2,1,0,infeasible,,,1,15,15
E08889,011k;020e;121r,2,1,1,infeasible,,,1,15,15
E08890,011k;020e;121r,3,0,0,optimal,1,0,3,16,16
E08891,011k;020e;121r,3,0,1,infeasible,,,3,16,16
E08892,011k;020e;121r,3,0,2,infeasible,,,3,16,16
E08893,011k;020e;121r,3,1,0,infeasible,,,1,16,16
E08894,011k;020e;121r,3,1,1,infeasible,,,1,16,16
E08895,011k;020e;121r,3,1,2,infeasible,,,1,16,16
E08896,011k;020e;121r,4,0,0,infeasible,,,3,15,15
E08897,011k;020e;121r,4,0,1,infeasible,,,3,15,15
E08898,011k;020e;121r,4,1,0,infeasible,,,1,15,15
E08899,011k;020e;121r,4,1,1,infeasible,,,1,15,15
E08900,011k;020e;121r,5,0,0,optimal,1,0,3,16,16
E08901,011k;020e;121r,5,0,1,infeasible,,,3,16,16
E08902,011k;020e;121r,5,0,2,infeasible,,,3,16,16
E08903,011k;020e;121r,5,1,0,infeasible,,,1,16,16
E08904,011k;020e;121r,5,1,1,infeasible,,,1,16,16
E08905,011k;020e;121r,5,1,2,infeasible,,,1,16,16
E08906,011k;020e;121r,6,0,0,infeasible,,,3,16,16
E08907,011k;020e;121r,6,0,1,infeasible,,,3,16,16
E08908,011k;020e;121r,6,0,2,infeasible,,,3,16,16
E08909,011k;020e;121r,6,1,0,infeasible,,,1,16,16
E08910,011k;020e;121r,6,1,1,infeasible,,,1,16,16
E08911,011k;020e;121r,6,1,2,infeasible,,,1,16,16
E08912,011k;020e;121r,7,0,0,optimal,1,0,3,17,17
E08913,011k;020e;121r,7,0,1,infeasible,,,3,17,17
E08914,011k;020e;121r,7,0,2,infeasible,,,3,17,17
E08915,011k;020e;121r,7,0,3,infeasible,,,3,17,17
E08916,011k;020e;121r,7,1,0,infeasible,,,1,17,17
E08917,011k;020e;121r,7,1,1,infeasible,,,1,17,17
E08918,011k;020e;121r,7,1,2,infeasible,,,1,17,17
E08919,011k;020e;121r,7,1,3,infeasible,,,1,17,17
E08920,011k;020e;121e,0,0,0,infeasible,,,4,14,15
E08921,011k;020e;121e,0,1,0,infeasible,,,1,14,15
E08922,011k;020e;121e,1,0,0,optimal,1,0,4,15,16
E08923,011k;020e;121e,1,0,1,infeasible,,,4,15,16
E08924,011k;020e;121e,1,1,0,infeasible,,,1,15,16
E08925,011k;020e;121e,1,1,1,infeasible,,,1,15,16
E08926,011k;020e;121e,2,0,0,infeasible,,,4,15,16
E08927,011k;020e;121e,2,0,1,infeasible,,,4,15,16
E08928,011k;020e;121e,2,1,0,infeasible,,,1,15,16
E08929,011k;020e;121e,2,1,1,infeasible,,,1,15,16
E08930,011k;020e;121e,3,0,0,optimal,1,0,4,16,17
E08931,011k;020e;121e,3,0,1,infeasible,,,4,16,17
E08932,011k;020e;121e,3,0,2,infeasible,,,4,16,17
E08933,011k;020e;121e,3,1,0,infeasible,,,1,16,17
E08934,011k;020e;121e,3,1,1,infeasible,,,1,16,17
E08935,011k;020e;121e,3,1,2,infeasible,,,1,16,17
E08936,011k;020e;121e,4,0,0,infeasible,,,4,15,16
E08937,011k;020e;121e,4,0,1,infeasible,,,4,15,16
E08938,011k;020e;121e,4,1,0,infeasible,,,1,15,16
E08939,011k;020e;121e,4,1,1,infeasible,,,1,15,16
E08940,011k;020e;121e,5,0,0,optimal,1,0,4,16,17
E08941,011k;020e;121e,5,0,1,infeasible,,,4,16,17
E08942,011k;020e;121e,5,0,2,infeasible,,,4,16,17
E08943,011k;020e;121e,5,1,0,infeasible,,,1,16,17
E08944,011k;020e;121e,5,1,1,infeasible,,,1,16,17
E08945,011k;020e;121e,5,1,2,infeasible,,,1,16,17
E08946,011k;020e;121e,6,0,0,infeasible,,,4,16,17
E08947,011k;020e;121e,6,0,1,infeasible,,,4,16,17
E08948,011k;020e;121e,6,0,2,infeasible,,,4,16,17
E08949,011k;020e;121e,6,1,0,infeasible,,,1,16,17
E08950,011k;020e;121e,6,1,1,infeasible,,,1,16,17
E08951,011k;020e;121e,6,1,2,infeasible,,,1,16,17
E08952,011k;020e;121e,7,0,0,optimal,1,0,4,17,18
E08953,011k;020e;121e,7,0,1,infeasible,,,4,17,18
E08954,011k;020e;121e,7,0,2,infeasible,,,4,17,18
E08955,011k;020e;121e,7,0,3,infeasible,,,4,17,18
E08956,011k;020e;121e,7,1,0,infeasible,,,1,17,18
E08957,011k;020e;121e,7,1,1,infeasible,,,1,17,18
E08958,011k;020e;121e,7,1,2,infeasible,,,1,17,18
E08959,011k;020e;121e,7,1,3,infeasible,,,1,17,18
E08960,011k;021k,0,0,0,infeasible,,,1,14,11
E08961,011k;021k,0,1,0,vacuous,0,,0,14,11
E08962,011k;021k,1,0,0,optimal,1,0,1,15,12
E08963,011k;021k,1,0,1,infeasible,,,1,15,12
E08964,011k;021k,1,1,0,vacuous,0,,0,15,12
E08965,011k;021k,1,1,1,vacuous,0,,0,15,12
E08966,011k;021k,2,0,0,infeasible,,,1,15,12
E08967,011k;021k,2,0,1,infeasible,,,1,15,12
E08968,011k;021k,2,1,0,vacuous,0,,0,15,12
E08969,011k;021k,2,1,1,vacuous,0,,0,15,12
E08970,011k;021k,3,0,0,optimal,1,0,1,16,13
E08971,011k;021k,3,0,1,infeasible,,,1,16,13
E08972,011k;021k,3,0,2,infeasible,,,1,16,13
E08973,011k;021k,3,1,0,vacuous,0,,0,16,13
E08974,011k;021k,3,1,1,vacuous,0,,0,16,13
E08975,011k;021k,3,1,2,vacuous,0,,0,16,13
E08976,011k;021k,4,0,0,optimal,3,0,1,15,12
E08977,011k;021k,4,0,1,infeasible,,,1,15,12
E08978,011k;021k,4,1,0,vacuous,0,,0,15,12
E08979,011k;021k,4,1,1,vacuous,0,,0,15,12
E08980,011k;021k,5,0,0,optimal,1,0,1,16,13
E08981,011k;021k,5,0,1,optimal,4,0;1,1,16,13
E08982,011k;021k,5,0,2,infeasible,,,1,16,13
E08983,011k;021k,5,1,0,vacuous,0,,0,16,13
E08984,011k;021k,5,1,1,vacuous,0,,0,16,13
E08985,011k;021k,5,1,2,vacuous,0,,0,16,13
E08986,011k;021k,6,0,0,optimal,3,1,1,16,13
E08987,011k;021k,6,0,1,infeasible,,,1,16,13
E08988,011k;021k,6,0,2,infeasible,,,1,16,13
E08989,011k;021k,6,1,0,vacuous,0,,0,16,13
E08990,011k;021k,6,1,1,vacuous,0,,0,16,13
E08991,011k;021k,6,1,2,vacuous,0,,0,16,13
E08992,011k;021k,7,0,0,optimal,1,0,1,17,14
E08993,011k;021k,7,0,1,optimal,4,0;2,1,17,14
E08994,011k;021k,7,0,2,infeasible,,,1,17,14
E08995,011k;021k,7,0,3,infeasible,,,1,17,14
E08996,011k;021k,7,1,0,vacuous,0,,0,17,14
E08997,011k;021k,7,1,1,vacuous,0,,0,17,14
E08998,011k;021k,7,1,2,vacuous,0,,0,17,14
E08999,011k;021k,7,1,3,vacuous,0,,0,17,14
E09000,011k;021k;120k,0,0,0,infeasible,,,2,14,13
E09001,011k;021k;120k,0,1,0,vacuous,0,,0,14,13
E09002,011k;021k;120k,1,0,0,optimal,1,0,2,15,14
E09003,011k;021k;120k,1,0,1,infeasible,,,2,15,14
E09004,011k;021k;120k,1,1,0,vacuous,0,,0,15,14
E09005,011k;021k;120k,1,1,1,vacuous,0,,0,15,14
E09006,011k;021k;120k,2,0,0,infeasible,,,2,15,14
E09007,011k;021k;120k,2,0,1,infeasible,,,2,15,14
E09008,011k;021k;120k,2,1,0,vacuous,0,,0,15,14
E09009,011k;021k;120k,2,1,1,vacuous,0,,0,15,14
E09010,011k;021k;120k,3,0,0,optimal,1,0,2,16,15
E09011,011k;021k;120k,3,0,1,infeasible,,,2,16,15
E09012,011k;021k;120k,3,0,2,infeasible,,,2,16,15
E09013,011k;021k;120k,3,1,0,vacuous,0,,0,16,15
E09014,011k;021k;120k,3,1,1,vacuous,0,,0,16,15
E09015,011k;021k;120k,3,1,2,vacuous,0,,0,16,15
E09016,011k;021k;120k,4,0,0,optimal,3,0,2,15,14
E09017,011k;021k;120k,4,0,1,infeasible,,,2,15,14
E09018,011k;021k;120k,4,1,0,vacuous,0,,0,15,14
E09019,011k;021k;120k,4,1,1,vacuous,0,,0,15,14
E09020,011k;021k;120k,5,0,0,optimal,1,0,2,16,15
E09021,011k;021k;120k,5,0,1,optimal,4,0;1,2,16,15
E09022,011k;021k;120k,5,0,2,infeasible,,,2,16,15
E09023,011k;021k;120k,5,1,0,vacuous,0,,0,16,15
E09024,011k;021k;120k,5,1,1,vacuous,0,,0,16,15
E09025,011k;021k;120k,5,1,2,vacuous,0,,0,16,15
E09026,011k;021k;120k,6,0,0,optimal,3,1,2,16,15
E09027,011k;021k;120k,6,0,1,infeasible,,,2,16,15
E09028,011k;021k;120k,6,0,2,infeasible,,,2,16,15
E09029,011k;021k;120k,6,1,0,vacuous,0,,0,16,15
E09030,011k;021k;120k,6,1,1,vacuous,0,,0,16,15
E09031,011k;021k;120k,6,1,2,vacuous,0,,0,16,15
E09032,011k;021k;120k,7,0,0,optimal,1,0,2,17,16
E09033,011k;021k;120k,7,0,1,optimal,4,0;2,2,17,16
E09034,011k;021k;120k,7,0,2,infeasible,,,2,17,16
E09035,011k;021k;120k,7,0,3,infeasible,,,2,17,16
E09036,011k;021k;120k,7,1,0,vacuous,0,,0,17,16
E09037,011k;021k;120k,7,1,1,vacuous,0,,0,17,16
E09038,011k;021k;120k,7,1,2,vacuous,0,,0,17,16
E09039,011k;021k;120k,7,1,3,vacuous,0,,0,17,16
E09040,011k;021k;120r,0,0,0,infeasible,,,2,14,13
E09041,011k;021k;120r,0,1,0,vacuous,0,,0,14,13
E09042,011k;021k;120r,1,0,0,optimal,1,0,2,15,14
E09043,011k;021k;120r,1,0,1,infeasible,,,2,15,14
E09044,011k;021k;120r,1,1,0,vacuous,0,,0,15,14
E09045,011k;021k;120r,1,1,1,vacuous,0,,0,15,14
E09046,011k;021k;120r,2,0,0,infeasible,,,2,15,14
E09047,011k;021k;120r,2,0,1,infeasible,,,2,15,14
E09048,011k;021k;120r,2,1,0,vacuous,0,,0,15,14
E09049,011k;021k;120r,2,1,1,vacuous,0,,0,15,14
E09050,011k;021k;120r,3,0,0,optimal,1,0,2,16,15
E09051,011k;021k;120r,3,0,1,infeasible,,,2,16,15
E09052,011k;021k;120r,3,0,2,infeasible,,,2,16,15
E09053,011k;021k;120r,3,1,0,vacuous,0,,0,16,15
E09054,011k;021k;120r,3,1,1,vacuous,0,,0,16,15
E09055,011k;021k;120r,3,1,2,vacuous,0,,0,16,15
E09056,011k;021k;120r,4,0,0,infeasible,,,2,15,14
E09057,011k;021k;120r,4,0,1,infeasible,,,2,15,14
E09058,011k;021k;120r,4,1,0,vacuous,0,,0,15,14
E09059,011k;021k;120r,4,1,1,vacuous,0,,0,15,14
E09060,011k;021k;120r,5,0,0,optimal,1,0,2,16,15
E09061,011k;021k;120r,5,0,1,infeasible,,,2,16,15
E09062,011k;021k;120r,5,0,2,infeasible,,,2,16,15
E09063,011k;021k;120r,5,1,0,vacuous,0,,0,16,15
E09064,011k;021k;120r,5,1,1,vacuous,0,,0,16,15
E09065,011k;021k;120r,5,1,2,vacuous,0,,0,16,15
E09066,011k;021k;120r,6,0,0,optimal,5,0;1,2,16,15
E09067,011k;021k;120r,6,0,1,infeasible,,,2,16,15
E09068,011k;021k;120r,6,0,2,infeasible,,,2,16,15
E09069,011k;021k;120r,6,1,0,vacuous,0,,0,16,15
E09070,011k;021k;120r,6,1,1,vacuous,0,,0,16,15
E09071,011k;021k;120r,6,1,2,vacuous,0,,0,16,15
E09072,011k;021k;120r,7,0,0,optimal,1,0,2,17,16
E09073,011k;021k;120r,7,0,1,optimal,6,0;1;2,2,17,16
E09074,011k;021k;120r,7,0,2,infeasible,,,2,17,16
E09075,011k;021k;120r,7,0,3,infeasible,,,2,17,16
E09076,011k;021k;120r,7,1,0,vacuous,0,,0,17,16
E09077,011k;021k;120r,7,1,1,vacuous,0,,0,17,16
E09078,011k;021k;120r,7,1,2,vacuous,0,,0,17,16
E09079,011k;021k;120r,7,1,3,vacuous,0,,0,17,16
E09080,011k;021k;120e,0,0,0,infeasible,,,3,14,14
E09081,011k;021k;120e,0,1,0,vacuous,0,,0,14,14
E09082,011k;021k;120e,1,0,0,optimal,1,0,3,15,15
E09083,011k;021k;120e,1,0,1,infeasible,,,3,15,15
E09084,011k;021k;120e,1,1,0,vacuous,0,,0,15,15
E09085,011k;021k;120e,1,1,1,vacuous,0,,0,15,15
E09086,011k;021k;120e,2,0,0,infeasible,,,3,15,15
E09087,011k;021k;120e,2,0,1,infeasible,,,3,15,15
E09088,011k;021k;120e,2,1,0,vacuous,0,,0,15,15
E09089,011k;021k;120e,2,1,1,vacuous,0,,0,15,15
E09090,011k;021k;120e,3,0,0,optimal,1,0,3,16,16
E09091,011k;021k;120e,3,0,1,infeasible,,,3,16,16
E09092,011k;021k;120e,3,0,2,infeasible,,,3,16,16
E09093,011k;021k;120e,3,1,0,vacuous,0,,0,16,16
E09094,011k;021k;120e,3,1,1,vacuous,0,,0,16,16
E09095,011k;021k;120e,3,1,2,vacuous,0,,0,16,16
E09096,011k;021k;120e,4,0,0,infeasible,,,3,15,15
E09097,011k;021k;120e,4,0,1,infeasible,,,3,15,15
E09098,011k;021k;120e,4,1,0,vacuous,0,,0,15,15
E09099,011k;021k;120e,4,1,1,vacuous,0,,0,15,15
E09100,011k;021k;120e,5,0,0,optimal,1,0,3,16,16
E09101,011k;021k;120e,5,0,1,infeasible,,,3,16,16
E09102,011k;021k;120e,5,0,2,infeasible,,,3,16,16
E09103,011k;021k;120e,5,1,0,vacuous,0,,0,16,16
E09104,011k;021k;120e,5,1,1,vacuous,0,,0,16,16
E09105,011k;021k;120e,5,1,2,vacuous,0,,0,16,16
E09106,011k;021k;120e,6,0,0,optimal,5,0;1,3,16,16
E09107,011k;021k;120e,6,0,1,infeasible,,,3,16,16
E09108,011k;021k;120e,6,0,2,infeasible,,,3,16,16
E09109,011k;021k;120e,6,1,0,vacuous,0,,0,16,16
E09110,011k;021k;120e,6,1,1,vacuous,0,,0,16,16
E09111,011k;021k;120e,6,1,2,vacuous,0,,0,16,16
E09112,011k;021k;120e,7,0,0,optimal,1,0,3,17,17
E09113,011k;021k;120e,7,0,1,optimal,6,0;1;2,3,17,17
E09114,011k;021k;120e,7,0,2,infeasible,,,3,17,17
E09115,011k;021k;120e,7,0,3,infeasible,,,3,17,17
E09116,011k;021k;120e,7,1,0,vacuous,0,,0,17,17
E09117,011k;021k;120e,7,1,1,vacuous,0,,0,17,17
E09118,011k;021k;120e,7,1,2,vacuous,0,,0,17,17
E09119,011k;021k;120e,7,1,3,vacuous,0,,0,17,17
E09120,011k;021k;121k,0,0,0,infeasible,,,2,14,12
E09121,011k;021k;121k,0,1,0,vacuous,0,,0,14,12
E09122,011k;021k;121k,1,0,0,optimal,1,0,2,15,13
E09123,011k;021k;121k,1,0,1,infeasible,,,2,15,13
E09124,011k;021k;121k,1,1,0,vacuous,0,,0,15,13
E09125,011k;021k;121k,1,1,1,vacuous,0,,0,15,13
E09126,011k;021k;121k,2,0,0,infeasible,,,2,15,13
E09127,011k;021k;121k,2,0,1,infeasible,,,2,15,13
E09128,011k;021k;121k,2,1,0,vacuous,0,,0,15,13
E09129,011k;021k;121k,2,1,1,vacuous,0,,0,15,13
E09130,011k;021k;121k,3,0,0,optimal,1,0,2,16,14
E09131,011k;021k;121k,3,0,1,infeasible,,,2,16,14
E09132,011k;021k;121k,3,0,2,infeasible,,,2,16,14
E09133,011k;021k;121k,3,1,0,vacuous,0,,0,16,14
E09134,011k;021k;121k,3,1,1,vacuous,0,,0,16,14
E09135,011k;021k;121k,3,1,2,vacuous,0,,0,16,14
E09136,011k;021k;121k,4,0,0,optimal,3,0,2,15,13
E09137,011k;021k;121k,4,0,1,infeasible,,,2,15,13
E09138,011k;021k;121k,4,1,0,vacuous,0,,0,15,13
E09139,011k;021k;121k,4,1,1,vacuous,0,,0,15,13
E09140,011k;021k;121k,5,0,0,optimal,1,0,2,16,14
E09141,011k;021k;121k,5,0,1,optimal,4,0;1,2,16,14
E09142,011k;021k;121k,5,0,2,infeasible,,,2,16,14
E09143,011k;021k;121k,5,1,0,vacuous,0,,0,16,14
E09144,011k;021k;121k,5,1,1,vacuous,0,,0,16,14
E09145,011k;021k;121k,5,1,2,vacuous,0,,0,16,14
E09146,011k;021k;121k,6,0,0,optimal,3,1,2,16,14
E09147,011k;021k;121k,6,0,1,infeasible,,,2,16,14
E09148,011k;021k;121k,6,0,2,infeasible,,,2,16,14
E09149,011k;021k;121k,6,1,0,vacuous,0,,0,16,14
E09150,011k;021k;121k,6,1,1,vacuous,0,,0,16,14
E09151,011k;021k;121k,6,1,2,vacuous,0,,0,16,14
E09152,011k;021k;121k,7,0,0,optimal,1,0,2,17,15
E09153,011k;021k;121k,7,0,1,optimal,4,0;2,2,17,15
E09154,011k;021k;121k,7,0,2,infeasible,,,2,17,15
E09155,011k;021k;121k,7,0,3,infeasible,,,2,17,15
E09156,011k;021k;121k,7,1,0,vacuous,0,,0,17,15
E09157,011k;021k;121k,7,1,1,vacuous,0,,0,17,15
E09158,011k;021k;121k,7,1,2,vacuous,0,,0,17,15
E09159,011k;021k;121k,7,1,3,vacuous,0,,0,17,15
E09160,011k;021k;121r,0,0,0,infeasible,,,2,14,12
E09161,011k;021k;121r,0,1,0,vacuous,0,,0,14,12
E09162,011k;021k;121r,1,0,0,optimal,1,0,2,15,13
E09163,011k;021k;121r,1,0,1,infeasible,,,2,15,13
E09164,011k;021k;121r,1,1,0,vacuous,0,,0,15,13
E09165,011k;021k;121r,1,1,1,vacuous,0,,0,15,13
E09166,011k;021k;121r,2,0,0,infeasible,,,2,15,13
E09167,011k;021k;121r,2,0,1,infeasible,,,2,15,13
E09168,011k;021k;121r,2,1,0,vacuous,0,,0,15,13
E09169,011k;021k;121r,2,1,1,vacuous,0,,0,15,13
E09170,011k;021k;121r,3,0,0,optimal,1,0,2,16,14
E09171,011k;021k;121r,3,0,1,infeasible,,,2,16,14
E09172,011k;021k;121r,3,0,2,infeasible,,,2,16,14
E09173,011k;021k;121r,3,1,0,vacuous,0,,0,16,14
E09174,011k;021k;121r,3,1,1,vacuous,0,,0,16,14
E09175,011k;021k;121r,3,1,2,vacuous,0,,0,16,14
E09176,011k;021k;121r,4,0,0,infeasible,,,2,15,13
E09177,011k;021k;121r,4,0,1,infeasible,,,2,15,13
E09178,011k;021k;121r,4,1,0,vacuous,0,,0,15,13
E09179,011k;021k;121r,4,1,1,vacuous,0,,0,15,13
E09180,011k;021k;121r,5,0,0,optimal,1,0,2,16,14
E09181,011k;021k;121r,5,0,1,infeasible,,,2,16,14
E09182,011k;021k;121r,5,0,2,infeasible,,,2,16,14
E09183,011k;021k;121r,5,1,0,vacuous,0,,0,16,14
E09184,011k;021k;121r,5,1,1,vacuous,0,,0,16,14
E09185,011k;021k;121r,5,1,2,vacuous,0,,0,16,14
E09186,011k;021k;121r,6,0,0,optimal,5,0;1,2,16,14
E09187,011k;021k;121r,6,0,1,infeasible,,,2,16,14
E09188,011k;021k;121r,6,0,2,infeasible,,,2,16,14
E09189,011k;021k;121r,6,1,0,vacuous,0,,0,16,14
E09190,011k;021k;121r,6,1,1,vacuous,0,,0,16,14
E09191,011k;021k;121r,6,1,2,vacuous,0,,0,16,14
E09192,011k;021k;121r,7,0,0,optimal,1,0,2,17,15
E09193,011k;021k;121r,7,0,1,optimal,6,0;1;2,2,17,15
E09194,011k;021k;121r,7,0,2,infeasible,,,2,17,15
E09195,011k;021k;121r,7,0,3,infeasible,,,2,17,15
E09196,011k;021k;121r,7,1,0,vacuous,0,,0,17,15
E09197,011k;021k;121r,7,1,1,vacuous,0,,0,17,15
E09198,011k;021k;121r,7,1,2,vacuous,0,,0,17,15
E09199,011k;021k;121r,7,1,3,vacuous,0,,0,17,15
E09200,011k;021k;121e,0,0,0,infeasible,,,3,14,13
E09201,011k;021k;121e,0,1,0,vacuous,0,,0,14,13
E09202,011k;021k;121e,1,0,0,optimal,1,0,3,15,14
E09203,011k;021k;121e,1,0,1,infeasible,,,3,15,14
E09204,011k;021k;121e,1,1,0,vacuous,0,,0,15,14
E09205,011k;021k;121e,1,1,1,vacuous,0,,0,15,14
E09206,011k;021k;121e,2,0,0,infeasible,,,3,15,14
E09207,011k;021k;121e,2,0,1,infeasible,,,3,15,14
E09208,011k;021k;121e,2,1,0,vacuous,0,,0,15,14
E09209,011k;021k;121e,2,1,1,vacuous,0,,0,15,14
E09210,011k;021k;121e,3,0,0,optimal,1,0,3,16,15
E09211,011k;021k;121e,3,0,1,infeasible,,,3,16,15
E09212,011k;021k;121e,3,0,2,infeasible,,,3,16,15
E09213,011k;021k;121e,3,1,0,vacuous,0,,0,16,15
E09214,011k;021k;121e,3,1,1,vacuous,0,,0,16,15
E09215,011k;021k;121e,3,1,2,vacuous,0,,0,16,15
E09216,011k;021k;121e,4,0,0,infeasible,,,3,15,14
E09217,011k;021k;121e,4,0,1,infeasible,,,3,15,14
E09218,011k;021k;121e,4,1,0,vacuous,0,,0,15,14
E09219,011k;021k;121e,4,1,1,vacuous,0,,0,15,14
E09220,011k;021k;121e,5,0,0,optimal,1,0,3,16,15
E09221,011k;021k;121e,5,0,1,infeasible,,,3,16,15
E09222,011k;021k;121e,5,0,2,infeasible,,,3,16,15
E09223,011k;021k;121e,5,1,0,vacuous,0,,0,16,15
E09224,011k;021k;121e,5,1,1,vacuous,0,,0,16,15
E09225,011k;021k;121e,5,1,2,vacuous,0,,0,16,15
E09226,011k;021k;121e,6,0,0,optimal,5,0;1,3,16,15
E09227,011k;021k;121e,6,0,1,infeasible,,,3,16,15
E09228,011k;021k;121e,6,0,2,infeasible,,,3,16,15
E09229,011k;021k;121e,6,1,0,vacuous,0,,0,16,15
E09230,011k;021k;121e,6,1,1,vacuous,0,,0,16,15
E09231,011k;021k;121e,6,1,2,vacuous,0,,0,16,15
E09232,011k;021k;121e,7,0,0,optimal,1,0,3,17,16
E09233,011k;021k;121e,7,0,1,optimal,6,0;1;2,3,17,16
E09234,011k;021k;121e,7,0,2,infeasible,,,3,17,16
E09235,011k;021k;121e,7,0,3,infeasible,,,3,17,16
E09236,011k;021k;121e,7,1,0,vacuous,0,,0,17,16
E09237,011k;021k;121e,7,1,1,vacuous,0,,0,17,16
E09238,011k;021k;121e,7,1,2,vacuous,0,,0,17,16
E09239,011k;021k;121e,7,1,3,vacuous,0,,0,17,16
E09240,011k;021r,0,0,0,infeasible,,,1,14,11
E09241,011k;021r,0,1,0,vacuous,0,,0,14,11
E09242,011k;021r,1,0,0,optimal,1,0,1,15,12
E09243,011k;021r,1,0,1,infeasible,,,1,15,12
E09244,011k;021r,1,1,0,vacuous,0,,0,15,12
E09245,011k;021r,1,1,1,vacuous,0,,0,15,12
E09246,011k;021r,2,0,0,infeasible,,,1,15,12
E09247,011k;021r,2,0,1,infeasible,,,1,15,12
E09248,011k;021r,2,1,0,vacuous,0,,0,15,12
E09249,011k;021r,2,1,1,vacuous,0,,0,15,12
E09250,011k;021r,3,0,0,optimal,1,0,1,16,13
E09251,011k;021r,3,0,1,infeasible,,,1,16,13
E09252,011k;021r,3,0,2,infeasible,,,1,16,13
E09253,011k;021r,3,1,0,vacuous,0,,0,16,13
E09254,011k;021r,3,1,1,vacuous,0,,0,16,13
E09255,011k;021r,3,1,2,vacuous,0,,0,16,13
E09256,011k;021r,4,0,0,infeasible,,,1,15,12
E09257,011k;021r,4,0,1,infeasible,,,1,15,12
E09258,011k;021r,4,1,0,vacuous,0,,0,15,12
E09259,011k;021r,4,1,1,vacuous,0,,0,15,12
E09260,011k;021r,5,0,0,optimal,1,0,1,16,13
E09261,011k;021r,5,0,1,infeasible,,,1,16,13
E09262,011k;021r,5,0,2,infeasible,,,1,16,13
E09263,011k;021r,5,1,0,vacuous,0,,0,16,13
E09264,011k;021r,5,1,1,vacuous,0,,0,16,13
E09265,011k;021r,5,1,2,vacuous,0,,0,16,13
E09266,011k;021r,6,0,0,infeasible,,,1,16,13
E09267,011k;021r,6,0,1,infeasible,,,1,16,13
E09268,011k;021r,6,0,2,infeasible,,,1,16,13
E09269,011k;021r,6,1,0,vacuous,0,,0,16,13
E09270,011k;021r,6,1,1,vacuous,0,,0,16,13
E09271,011k;021r,6,1,2,vacuous,0,,0,16,13
E09272,011k;021r,7,0,0,optimal,1,0,1,17,14
E09273,011k;021r,7,0,1,infeasible,,,1,17,14
E09274,011k;021r,7,0,2,infeasible,,,1,17,14
E09275,011k;021r,7,0,3,infeasible,,,1,17,14
E09276,011k;021r,7,1,0,vacuous,0,,0,17,14
E09277,011k;021r,7,1,1,vacuous,0,,0,17,14
E09278,011k;021r,7,1,2,vacuous,0,,0,17,14
E09279,011k;021r,7,1,3,vacuous,0,,0,17,14
E09280,011k;021r;120k,0,0,0,infeasible,,,2,14,13
E09281,011k;021r;120k,0,1,0,vacuous,0,,0,14,13
E09282,011k;021r;120k,1,0,0,optimal,1,0,2,15,14
E09283,011k;021r;120k,1,0,1,infeasible,,,2,15,14
E09284,011k;021r;120k,1,1,0,vacuous,0,,0,15,14
E09285,011k;021r;120k,1,1,1,vacuous,0,,0,15,14
E09286,011k;021r;120k,2,0,0,infeasible,,,2,15,14
E09287,011k;021r;120k,2,0,1,infeasible,,,2,15,14
E09288,011k;021r;120k,2,1,0,vacuous,0,,0,15,14
E09289,011k;021r;120k,2,1,1,vacuous,0,,0,15,14
E09290,011k;021r;120k,3,0,0,optimal,1,0,2,16,15
E09291,011k;021r;120k,3,0,1,infeasible,,,2,16,15
E09292,011k;021r;120k,3,0,2,infeasible,,,2,16,15
E09293,011k;021r;120k,3,1,0,vacuous,0,,0,16,15
E09294,011k;021r;120k,3,1,1,vacuous,0,,0,16,15
E09295,011k;021r;120k,3,1,2,vacuous,0,,0,16,15
E09296,011k;021r;120k,4,0,0,infeasible,,,2,15,14
E09297,011k;021r;120k,4,0,1,infeasible,,,2,15,14
E09298,011k;021r;120k,4,1,0,vacuous,0,,0,15,14
E09299,011k;021r;120k,4,1,1,vacuous,0,,0,15,14
E09300,011k;021r;120k,5,0,0,optimal,1,0,2,16,15
E09301,011k;021r;120k,5,0,1,infeasible,,,2,16,15
E09302,011k;021r;120k,5,0,2,infeasible,,,2,16,15
E09303,011k;021r;120k,5,1,0,vacuous,0,,0,16,15
E09304,011k;021r;120k,5,1,1,vacuous,0,,0,16,15
E09305,011k;021r;120k,5,1,2,vacuous,0,,0,16,15
E09306,011k;021r;120k,6,0,0,infeasible,,,2,16,15
E09307,011k;021r;120k,6,0,1,infeasible,,,2,16,15
E09308,011k;021r;120k,6,0,2,infeasible,,,2,16,15
E09309,011k;021r;120k,6,1,0,vacuous,0,,0,16,15
E09310,011k;021r;120k,6,1,1,vacuous,0,,0,16,15
E09311,011k;021r;120k,6,1,2,vacuous,0,,0,16,15
E09312,011k;021r;120k,7,0,0,optimal,1,0,2,17,16
E09313,011k;021r;120k,7,0,1,infeasible,,,2,17,16
E09314,011k;021r;120k,7,0,2,infeasible,,,2,17,16
E09315,011k;021r;120k,7,0,3,infeasible,,,2,17,16
E09316,011k;021r;120k,7,1,0,vacuous,0,,0,17,16
E09317,011k;021r;120k,7,1,1,vacuous,0,,0,17,16
E09318,011k;021r;120k,7,1,2,vacuous,0,,0,17,16
E09319,011k;021r;120k,7,1,3,vacuous,0,,0,17,16
E09320,011k;021r;120r,0,0,0,infeasible,,,2,14,13
E09321,011k;021r;120r,0,1,0,vacuous,0,,0,14,13
E09322,011k;021r;120r,1,0,0,optimal,1,0,2,15,14
E09323,011k;021r;120r,1,0,1,infeasible,,,2,15,14
E09324,011k;021r;120r,1,1,0,vacuous,0,,0,15,14
E09325,011k;021r;120r,1,1,1,vacuous,0,,0,15,14
E09326,011k;021r;120r,2,0,0,infeasible,,,2,15,14
E09327,011k;021r;120r,2,0,1,infeasible,,,2,15,14
E09328,011k;021r;120r,2,1,0,vacuous,0,,0,15,14
E09329,011k;021r;120r,2,1,1,vacuous,0,,0,15,14
E09330,011k;021r;120r,3,0,0,optimal,1,0,2,16,15
E09331,011k;021r;120r,3,0,1,infeasible,,,2,16,15
E09332,011k;021r;120r,3,0,2,infeasible,,,2,16,15
E09333,011k;021r;120r,3,1,0,vacuous,0,,0,16,15
E09334,011k;021r;120r,3,1,1,vacuous,0,,0,16,15
E09335,011k;021r;120r,3,1,2,vacuous,0,,0,16,15
E09336,011k;021r;120r,4,0,0,infeasible,,,2,15,14
E09337,011k;021r;120r,4,0,1,infeasible,,,2,15,14
E09338,011k;021r;120r,4,1,0,vacuous,0,,0,15,14
E09339,011k;021r;120r,4,1,1,vacuous,0,,0,15,14
E09340,011k;021r;120r,5,0,0,optimal,1,0,2,16,15
E09341,011k;021r;120r,5,0,1,infeasible,,,2,16,15
E09342,011k;021r;120r,5,0,2,infeasible,,,2,16,15
E09343,011k;021r;120r,5,1,0,vacuous,0,,0,16,15
E09344,011k;021r;120r,5,1,1,vacuous,0,,0,16,15
E09345,011k;021r;120r,5,1,2,vacuous,0,,0,16,15
E09346,011k;021r;120r,6,0,0,infeasible,,,2,16,15
E09347,011k;021r;120r,6,0,1,infeasible,,,2,16,15
E09348,011k;021r;120r,6,0,2,infeasible,,,2,16,15
E09349,011k;021r;120r,6,1,0,vacuous,0,,0,16,15
E09350,011k;021r;120r,6,1,1,vacuous,0,,0,16,15
E09351,011k;021r;120r,6,1,2,vacuous,0,,0,16,15
E09352,011k;021r;120r,7,0,0,optimal,1,0,2,17,16
E09353,011k;021r;120r,7,0,1,infeasible,,,2,17,16
E09354,011k;021r;120r,7,0,2,infeasible,,,2,17,16
E09355,011k;021r;120r,7,0,3,infeasible,,,2,17,16
E09356,011k;021r;120r,7,1,0,vacuous,0,,0,17,16
E09357,011k;021r;120r,7,1,1,vacuous,0,,0,17,16
E09358,011k;021r;120r,7,1,2,vacuous,0,,0,17,16
E09359,011k;021r;120r,7,1,3,vacuous,0,,0,17,16
E09360,011k;021r;120e,0,0,0,infeasible,,,3,14,14
E09361,011k;021r;120e,0,1,0,vacuous,0,,0,14,14
E09362,011k;021r;120e,1,0,0,optimal,1,0,3,15,15
E09363,011k;021r;120e,1,0,1,infeasible,,,3,15,15
E09364,011k;021r;120e,1,1,0,vacuous,0,,0,15,15
E09365,011k;021r;120e,1,1,1,vacuous,0,,0,15,15
E09366,011k;021r;120e,2,0,0,infeasible,,,3,15,15
E09367,011k;021r;120e,2,0,1,infeasible,,,3,15,15
E09368,011k;021r;120e,2,1,0,vacuous,0,,0,15,15
E09369,011k;021r;120e,2,1,1,vacuous,0,,0,15,15
E09370,011k;021r;120e,3,0,0,optimal,1,0,3,16,16
E09371,011k;021r;120e,3,0,1,infeasible,,,3,16,16
E09372,011k;021r;120e,3,0,2,infeasible,,,3,16,16
E09373,011k;021r;120e,3,1,0,vacuous,0,,0,16,16
E09374,011k;021r;120e,3,1,1,vacuous,0,,0,16,16
E09375,011k;021r;120e,3,1,2,vacuous,0,,0,16,16
E09376,011k;021r;120e,4,0,0,infeasible,,,3,15,15
E09377,011k;021r;120e,4,0,1,infeasible,,,3,15,15
E09378,011k;021r;120e,4,1,0,vacuous,0,,0,15,15
E09379,011k;021r;120e,4,1,1,vacuous,0,,0,15,15
E09380,011k;021r;120e,5,0,0,optimal,1,0,3,16,16
E09381,011k;021r;120e,5,0,1,infeasible,,,3,16,16
E09382,011k;021r;120e,5,0,2,infeasible,,,3,16,16
E09383,011k;021r;120e,5,1,0,vacuous,0,,0,16,16
E09384,011k;021r;120e,5,1,1,vacuous,0,,0,16,16
E09385,011k;021r;120e,5,1,2,vacuous,0,,0,16,16
E09386,011k;021r;120e,6,0,0,infeasible,,,3,16,16
E09387,011k;021r;120e,6,0,1,infeasible,,,3,16,16
E09388,011k;021r;120e,6,0,2,infeasible,,,3,16,16
E09389,011k;021r;120e,6,1,0,vacuous,0,,0,16,16
E09390,011k;021r;120e,6,1,1,vacuous,0,,0,16,16
E09391,011k;021r;120e,6,1,2,vacuous,0,,0,16,16
E09392,011k;021r;120e,7,0,0,optimal,1,0,3,17,17
E09393,011k;021r;120e,7,0,1,infeasible,,,3,17,17
E09394,011k;021r;120e,7,0,2,infeasible,,,3,17,17
E09395,011k;021r;120e,7,0,3,infeasible,,,3,17,17
E09396,011k;021r;120e,7,1,0,vacuous,0,,0,17,17
E09397,011k;021r;120e,7,1,1,vacuous,0,,0,17,17
E09398,011k;021r;120e,7,1,2,vacuous,0,,0,17,17
E09399,011k;021r;120e,7,1,3,vacuous,0,,0,17,17
E09400,011k;021r;121k,0,0,0,infeasible,,,2,14,12
E09401,011k;021r;121k,0,1,0,vacuous,0,,0,14,12
E09402,011k;021r;121k,1,0,0,optimal,1,0,2,15,13
E09403,011k;021r;121k,1,0,1,infeasible,,,2,15,13
E09404,011k;021r;121k,1,1,0,vacuous,0,,0,15,13
E09405,011k;021r;121k,1,1,1,vacuous,0,,0,15,13
E09406,011k;021r;121k,2,0,0,infeasible,,,2,15,13
E09407,011k;021r;121k,2,0,1,infeasible,,,2,15,13
E09408,011k;021r;121k,2,1,0,vacuous,0,,0,15,13
E09409,011k;021r;121k,2,1,1,vacuous,0,,0,15,13
E09410,011k;021r;121k,3,0,0,optimal,1,0,2,16,14
E09411,011k;021r;121k,3,0,1,infeasible,,,2,16,14
E09412,011k;021r;121k,3,0,2,infeasible,,,2,16,14
E09413,011k;021r;121k,3,1,0,vacuous,0,,0,16,14
E09414,011k;021r;121k,3,1,1,vacuous,0,,0,16,14
E09415,011k;021r;121k,3,1,2,vacuous,0,,0,16,14
E09416,011k;021r;121k,4,0,0,infeasible,,,2,15,13
E09417,011k;021r;121k,4,0,1,infeasible,,,2,15,13
E09418,011k;021r;121k,4,1,0,vacuous,0,,0,15,13
E09419,011k;021r;121k,4,1,1,vacuous,0,,0,15,13
E09420,011k;021r;121k,5,0,0,optimal,1,0,2,16,14
E09421,011k;021r;121k,5,0,1,infeasible,,,2,16,14
E09422,011k;021r;121k,5,0,2,infeasible,,,2,16,14
E09423,011k;021r;121k,5,1,0,vacuous,0,,0,16,14
E09424,011k;021r;121k,5,1,1,vacuous,0,,0,16,14
E09425,011k;021r;121k,5,1,2,vacuous,0,,0,16,14
E09426,011k;021r;121k,6,0,0,infeasible,,,2,16,14
E09427,011k;021r;121k,6,0,1,infeasible,,,2,16,14
E09428,011k;021r;121k,6,0,2,infeasible,,,2,16,14
E09429,011k;021r;121k,6,1,0,vacuous,0,,0,16,14
E09430,011k;021r;121k,6,1,1,vacuous,0,,0,16,14
E09431,011k;021r;121k,6,1,2,vacuous,0,,0,16,14
E09432,011k;021r;121k,7,0,0,optimal,1,0,2,17,15
E09433,011k;021r;121k,7,0,1,infeasible,,,2,17,15
E09434,011k;021r;121k,7,0,2,infeasible,,,2,17,15
E09435,011k;021r;121k,7,0,3,infeasible,,,2,17,15
E09436,011k;021r;121k,7,1,0,vacuous,0,,0,17,15
E09437,011k;021r;121k,7,1,1,vacuous,0,,0,17,15
E09438,011k;021r;121k,7,1,2,vacuous,0,,0,17,15
E09439,011k;021r;121k,7,1,3,vacuous,0,,0,17,15
E09440,011k;021r;121r,0,0,0,infeasible,,,2,14,12
E09441,011k;021r;121r,0,1,0,vacuous,0,,0,14,12
E09442,011k;021r;121r,1,0,0,optimal,1,0,2,15,13
E09443,011k;021r;121r,1,0,1,infeasible,,,2,15,13
E09444,011k;021r;121r,1,1,0,vacuous,0,,0,15,13
E09445,011k;021r;121r,1,1,1,vacuous,0,,0,15,13
E09446,011k;021r;121r,2,0,0,infeasible,,,2,15,13
E09447,011k;021r;121r,2,0,1,infeasible,,,2,15,13
E09448,011k;021r;121r,2,1,0,vacuous,0,,0,15,13
E09449,011k;021r;121r,2,1,1,vacuous,0,,0,15,13
E09450,011k;021r;121r,3,0,0,optimal,1,0,2,16,14
E09451,011k;021r;121r,3,0,1,infeasible,,,2,16,14
E09452,011k;021r;121r,3,0,2,infeasible,,,2,16,14
E09453,011k;021r;121r,3,1,0,vacuous,0,,0,16,14
E09454,011k;021r;121r,3,1,1,vacuous,0,,0,16,14
E09455,011k;021r;121r,3,1,2,vacuous,0,,0,16,14
E09456,011k;021r;121r,4,0,0,infeasible,,,2,15,13
E09457,011k;021r;121r,4,0,1,infeasible,,,2,15,13
E09458,011k;021r;121r,4,1,0,vacuous,0,,0,15,13
E09459,011k;021r;121r,4,1,1,vacuous,0,,0,15,13
E09460,011k;021r;121r,5,0,0,optimal,1,0,2,16,14
E09461,011k;021r;121r,5,0,1,infeasible,,,2,16,14
E09462,011k;021r;121r,5,0,2,infeasible,,,2,16,14
E09463,011k;021r;121r,5,1,0,vacuous,0,,0,16,14
E09464,011k;021r;121r,5,1,1,vacuous,0,,0,16,14
E09465,011k;021r;121r,5,1,2,vacuous,0,,0,16,14
E09466,011k;021r;121r,6,0,0,infeasible,,,2,16,14
E09467,011k;021r;121r,6,0,1,infeasible,,,2,16,14
E09468,011k;021r;121r,6,0,2,infeasible,,,2,16,14
E09469,011k;021r;121r,6,1,0,vacuous,0,,0,16,14
E09470,011k;021r;121r,6,1,1,vacuous,0,,0,16,14
E09471,011k;021r;121r,6,1,2,vacuous,0,,0,16,14
E09472,011k;021r;121r,7,0,0,optimal,1,0,2,17,15
E09473,011k;021r;121r,7,0,1,infeasible,,,2,17,15
E09474,011k;021r;121r,7,0,2,infeasible,,,2,17,15
E09475,011k;021r;121r,7,0,3,infeasible,,,2,17,15
E09476,011k;021r;121r,7,1,0,vacuous,0,,0,17,15
E09477,011k;021r;121r,7,1,1,vacuous,0,,0,17,15
E09478,011k;021r;121r,7,1,2,vacuous,0,,0,17,15
E09479,011k;021r;121r,7,1,3,vacuous,0,,0,17,15
E09480,011k;021r;121e,0,0,0,infeasible,,,3,14,13
E09481,011k;021r;121e,0,1,0,vacuous,0,,0,14,13
E09482,011k;021r;121e,1,0,0,optimal,1,0,3,15,14
E09483,011k;021r;121e,1,0,1,infeasible,,,3,15,14
E09484,011k;021r;121e,1,1,0,vacuous,0,,0,15,14
E09485,011k;021r;121e,1,1,1,vacuous,0,,0,15,14
E09486,011k;021r;121e,2,0,0,infeasible,,,3,15,14
E09487,011k;021r;121e,2,0,1,infeasible,,,3,15,14
E09488,011k;021r;121e,2,1,0,vacuous,0,,0,15,14
E09489,011k;021r;121e,2,1,1,vacuous,0,,0,15,14
E09490,011k;021r;121e,3,0,0,optimal,1,0,3,16,15
E09491,011k;021r;121e,3,0,1,infeasible,,,3,16,15
E09492,011k;021r;121e,3,0,2,infeasible,,,3,16,15
E09493,011k;021r;121e,3,1,0,vacuous,0,,0,16,15
E09494,011k;021r;121e,3,1,1,vacuous,0,,0,16,15
E09495,011k;021r;121e,3,1,2,vacuous,0,,0,16,15
E09496,011k;021r;121e,4,0,0,infeasible,,,3,15,14
E09497,011k;021r;121e,4,0,1,infeasible,,,3,15,14
E09498,011k;021r;121e,4,1,0,vacuous,0,,0,15,14
E09499,011k;021r;121e,4,1,1,vacuous,0,,0,15,14
E09500,011k;021r;121e,5,0,0,optimal,1,0,3,16,15
E09501,011k;021r;121e,5,0,1,infeasible,,,3,16,15
E09502,011k;021r;121e,5,0,2,infeasible,,,3,16,15
E09503,011k;021r;121e,5,1,0,vacuous,0,,0,16,15
E09504,011k;021r;121e,5,1,1,vacuous,0,,0,16,15
E09505,011k;021r;121e,5,1,2,vacuous,0,,0,16,15
E09506,011k;021r;121e,6,0,0,infeasible,,,3,16,15
E09507,011k;021r;121e,6,0,1,infeasible,,,3,16,15
E09508,011k;021r;121e,6,0,2,infeasible,,,3,16,15
E09509,011k;021r;121e,6,1,0,vacuous,0,,0,16,15
E09510,011k;021r;121e,6,1,1,vacuous,0,,0,16,15
E09511,011k;021r;121e,6,1,2,vacuous,0,,0,16,15
E09512,011k;021r;121e,7,0,0,optimal,1,0,3,17,16
E09513,011k;021r;121e,7,0,1,infeasible,,,3,17,16
E09514,011k;021r;121e,7,0,2,infeasible,,,3,17,16
E09515,011k;021r;121e,7,0,3,infeasible,,,3,17,16
E09516,011k;021r;121e,7,1,0,vacuous,0,,0,17,16
E09517,011k;021r;121e,7,1,1,vacuous,0,,0,17,16
E09518,011k;021r;121e,7,1,2,vacuous,0,,0,17,16
E09519,011k;021r;121e,7,1,3,vacuous,0,,0,17,16
E09520,011k;021e,0,0,0,infeasible,,,2,14,12
E09521,011k;021e,0,1,0,vacuous,0,,0,14,12
E09522,011k;021e,1,0,0,optimal,1,0,2,15,13
E09523,011k;021e,1,0,1,infeasible,,,2,15,13
E09524,011k;021e,1,1,0,vacuous,0,,0,15,13
E09525,011k;021e,1,1,1,vacuous,0,,0,15,13
E09526,011k;021e,2,0,0,infeasible,,,2,15,13
E09527,011k;021e,2,0,1,infeasible,,,2,15,13
E09528,011k;021e,2,1,0,vacuous,0,,0,15,13
E09529,011k;021e,2,1,1,vacuous,0,,0,15,13
E09530,011k;021e,3,0,0,optimal,1,0,2,16,14
E09531,011k;021e,3,0,1,infeasible,,,2,16,14
E09532,011k;021e,3,0,2,infeasible,,,2,16,14
E09533,011k;021e,3,1,0,vacuous,0,,0,16,14
E09534,011k;021e,3,1,1,vacuous,0,,0,16,14
E09535,011k;021e,3,1,2,vacuous,0,,0,16,14
E09536,011k;021e,4,0,0,infeasible,,,2,15,13
E09537,011k;021e,4,0,1,infeasible,,,2,15,13
E09538,011k;021e,4,1,0,vacuous,0,,0,15,13
E09539,011k;021e,4,1,1,vacuous,0,,0,15,13
E09540,011k;021e,5,0,0,optimal,1,0,2,16,14
E09541,011k;021e,5,0,1,infeasible,,,2,16,14
E09542,011k;021e,5,0,2,infeasible,,,2,16,14
E09543,011k;021e,5,1,0,vacuous,0,,0,16,14
E09544,011k;021e,5,1,1,vacuous,0,,0,16,14
E09545,011k;021e,5,1,2,vacuous,0,,0,16,14
E09546,011k;021e,6,0,0,infeasible,,,2,16,14
E09547,011k;021e,6,0,1,infeasible,,,2,16,14
E09548,011k;021e,6,0,2,infeasible,,,2,16,14
E09549,011k;021e,6,1,0,vacuous,0,,0,16,14
E09550,011k;021e,6,1,1,vacuous,0,,0,16,14
E09551,011k;021e,6,1,2,vacuous,0,,0,16,14
E09552,011k;021e,7,0,0,optimal,1,0,2,17,15
E09553,011k;021e,7,0,1,infeasible,,,2,17,15
E09554,011k;021e,7,0,2,infeasible,,,2,17,15
E09555,011k;021e,7,0,3,infeasible,,,2,17,15
E09556,011k;021e,7,1,0,vacuous,0,,0,17,15
E09557,011k;021e,7,1,1,vacuous,0,,0,17,15
E09558,011k;021e,7,1,2,vacuous,0,,0,17,15
E09559,011k;021e,7,1,3,vacuous,0,,0,17,15
E09560,011k;021e;120k,0,0,0,infeasible,,,3,14,14
E09561,011k;021e;120k,0,1,0,vacuous,0,,0,14,14
E09562,011k;021e;120k,1,0,0,optimal,1,0,3,15,15
E09563,011k;021e;120k,1,0,1,infeasible,,,3,15,15
E09564,011k;021e;120k,1,1,0,vacuous,0,,0,15,15
E09565,011k;021e;120k,1,1,1,vacuous,0,,0,15,15
E09566,011k;021e;120k,2,0,0,infeasible,,,3,15,15
E09567,011k;021e;120k,2,0,1,infeasible,,,3,15,15
E09568,011k;021e;120k,2,1,0,vacuous,0,,0,15,15
E09569,011k;021e;120k,2,1,1,vacuous,0,,0,15,15
E09570,011k;021e;120k,3,0,0,optimal,1,0,3,16,16
E09571,011k;021e;120k,3,0,1,infeasible,,,3,16,16
E09572,011k;021e;120k,3,0,2,infeasible,,,3,16,16
E09573,011k;021e;120k,3,1,0,vacuous,0,,0,16,16
E09574,011k;021e;120k,3,1,1,vacuous,0,,0,16,16
E09575,011k;021e;120k,3,1,2,vacuous,0,,0,16,16
E09576,011k;021e;120k,4,0,0,infeasible,,,3,15,15
E09577,011k;021e;120k,4,0,1,infeasible,,,3,15,15
E09578,011k;021e;120k,4,1,0,vacuous,0,,0,15,15
E09579,011k;021e;120k,4,1,1,vacuous,0,,0,15,15
E09580,011k;021e;120k,5,0,0,optimal,1,0,3,16,16
E09581,011k;021e;120k,5,0,1,infeasible,,,3,16,16
E09582,011k;021e;120k,5,0,2,infeasible,,,3,16,16
E09583,011k;021e;120k,5,1,0,vacuous,0,,0,16,16
E09584,011k;021e;120k,5,1,1,vacuous,0,,0,16,16
E09585,011k;021e;120k,5,1,2,vacuous,0,,0,16,16
E09586,011k;021e;120k,6,0,0,infeasible,,,3,16,16
E09587,011k;021e;120k,6,0,1,infeasible,,,3,16,16
E09588,011k;021e;120k,6,0,2,infeasible,,,3,16,16
E09589,011k;021e;120k,6,1,0,vacuous,0,,0,16,16
E09590,011k;021e;120k,6,1,1,vacuous,0,,0,16,16
E09591,011k;021e;120k,6,1,2,vacuous,0,,0,16,16
E09592,011k;021e;120k,7,0,0,optimal,1,0,3,17,17
E09593,011k;021e;120k,7,0,1,infeasible,,,3,17,17
E09594,011k;021e;120k,7,0,2,infeasible,,,3,17,17
E09595,011k;021e;120k,7,0,3,infeasible,,,3,17,17
E09596,011k;021e;120k,7,1,0,vacuous,0,,0,17,17
E09597,011k;021e;120k,7,1,1,vacuous,0,,0,17,17
E09598,011k;021e;120k,7,1,2,vacuous,0,,0,17,17
E09599,011k;021e;120k,7,1,3,vacuous,0,,0,17,17
E09600,011k;021e;120r,0,0,0,infeasible,,,3,14,14
E09601,011k;021e;120r,0,1,0,vacuous,0,,0,14,14
E09602,011k;021e;120r,1,0,0,optimal,1,0,3,15,15
E09603,011k;021e;120r,1,0,1,infeasible,,,3,15,15
E09604,011k;021e;120r,1,1,0,vacuous,0,,0,15,15
E09605,011k;021e;120r,1,1,1,vacuous,0,,0,15,15
E09606,011k;021e;120r,2,0,0,infeasible,,,3,15,15
E09607,011k;021e;120r,2,0,1,infeasible,,,3,15,15
E09608,011k;021e;120r,2,1,0,vacuous,0,,0,15,15
E09609,011k;021e;120r,2,1,1,vacuous,0,,0,15,15
E09610,011k;021e;120r,3,0,0,optimal,1,0,3,16,16
E09611,011k;021e;120r,3,0,1,infeasible,,,3,16,16
E09612,011k;021e;120r,3,0,2,infeasible,,,3,16,16
E09613,011k;021e;120r,3,1,0,vacuous,0,,0,16,16
E09614,011k;021e;120r,3,1,1,vacuous,0,,0,16,16
E09615,011k;021e;120r,3,1,2,vacuous,0,,0,16,16
E09616,011k;021e;120r,4,0,0,infeasible,,,3,15,15
E09617,011k;021e;120r,4,0,1,infeasible,,,3,15,15
E09618,011k;021e;120r,4,1,0,vacuous,0,,0,15,15
E09619,011k;021e;120r,4,1,1,vacuous,0,,0,15,15
E09620,011k;021e;120r,5,0,0,optimal,1,0,3,16,16
E09621,011k;021e;120r,5,0,1,infeasible,,,3,16,16
E09622,011k;021e;120r,5,0,2,infeasible,,,3,16,16
E09623,011k;021e;120r,5,1,0,vacuous,0,,0,16,16
E09624,011k;021e;120r,5,1,1,vacuous,0,,0,16,16
E09625,011k;021e;120r,5,1,2,vacuous,0,,0,16,16
E09626,011k;021e;120r,6,0,0,infeasible,,,3,16,16
E09627,011k;021e;120r,6,0,1,infeasible,,,3,16,16
E09628,011k;021e;120r,6,0,2,infeasible,,,3,16,16
E09629,011k;021e;120r,6,1,0,vacuous,0,,0,16,16
E09630,011k;021e;120r,6,1,1,vacuous,0,,0,16,16
E09631,011k;021e;120r,6,1,2,vacuous,0,,0,16,16
E09632,011k;021e;120r,7,0,0,optimal,1,0,3,17,17
E09633,011k;021e;120r,7,0,1,infeasible,,,3,17,17
E09634,011k;021e;120r,7,0,2,infeasible,,,3,17,17
E09635,011k;021e;120r,7,0,3,infeasible,,,3,17,17
E09636,011k;021e;120r,7,1,0,vacuous,0,,0,17,17
E09637,011k;021e;120r,7,1,1,vacuous,0,,0,17,17
E09638,011k;021e;120r,7,1,2,vacuous,0,,0,17,17
E09639,011k;021e;120r,7,1,3,vacuous,0,,0,17,17
E09640,011k;021e;120e,0,0,0,infeasible,,,4,14,15
E09641,011k;021e;120e,0,1,0,vacuous,0,,0,14,15
E09642,011k;021e;120e,1,0,0,optimal,1,0,4,15,16
E09643,011k;021e;120e,1,0,1,infeasible,,,4,15,16
E09644,011k;021e;120e,1,1,0,vacuous,0,,0,15,16
E09645,011k;021e;120e,1,1,1,vacuous,0,,0,15,16
E09646,011k;021e;120e,2,0,0,infeasible,,,4,15,16
E09647,011k;021e;120e,2,0,1,infeasible,,,4,15,16
E09648,011k;021e;120e,2,1,0,vacuous,0,,0,15,16
E09649,011k;021e;120e,2,1,1,vacuous,0,,0,15,16
E09650,011k;021e;120e,3,0,0,optimal,1,0,4,16,17
E09651,011k;021e;120e,3,0,1,infeasible,,,4,16,17
E09652,011k;021e;120e,3,0,2,infeasible,,,4,16,17
E09653,011k;021e;120e,3,1,0,vacuous,0,,0,16,17
E09654,011k;021e;120e,3,1,1,vacuous,0,,0,16,17
E09655,011k;021e;120e,3,1,2,vacuous,0,,0,16,17
E09656,011k;021e;120e,4,0,0,infeasible,,,4,15,16
E09657,011k;021e;120e,4,0,1,infeasible,,,4,15,16
E09658,011k;021e;120e,4,1,0,vacuous,0,,0,15,16
E09659,011k;021e;120e,4,1,1,vacuous,0,,0,15,16
E09660,011k;021e;120e,5,0,0,optimal,1,0,4,16,17
E09661,011k;021e;120e,5,0,1,infeasible,,,4,16,17
E09662,011k;021e;120e,5,0,2,infeasible,,,4,16,17
E09663,011k;021e;120e,5,1,0,vacuous,0,,0,16,17
E09664,011k;021e;120e,5,1,1,vacuous,0,,0,16,17
E09665,011k;021e;120e,5,1,2,vacuous,0,,0,16,17
E09666,011k;021e;120e,6,0,0,infeasible,,,4,16,17
E09667,011k;021e;120e,6,0,1,infeasible,,,4,16,17
E09668,011k;021e;120e,6,0,2,infeasible,,,4,16,17
E09669,011k;021e;120e,6,1,0,vacuous,0,,0,16,17
E09670,011k;021e;120e,6,1,1,vacuous,0,,0,16,17
E09671,011k;021e;120e,6,1,2,vacuous,0,,0,16,17
E09672,011k;021e;120e,7,0,0,optimal,1,0,4,17,18
E09673,011k;021e;120e,7,0,1,infeasible,,,4,17,18
E09674,011k;021e;120e,7,0,2,infeasible,,,4,17,18
E09675,011k;021e;120e,7,0,3,infeasible,,,4,17,18
E09676,011k;021e;120e,7,1,0,vacuous,0,,0,17,18
E09677,011k;021e;120e,7,1,1,vacuous,0,,0,17,18
E09678,011k;021e;120e,7,1,2,vacuous,0,,0,17,18
E09679,011k;021e;120e,7,1,3,vacuous,0,,0,17,18
E09680,011k;021e;121k,0,0,0,infeasible,,,3,14,13
E09681,011k;021e;121k,0,1,0,vacuous,0,,0,14,13
E09682,011k;021e;121k,1,0,0,optimal,1,0,3,15,14
E09683,011k;021e;121k,1,0,1,infeasible,,,3,15,14
E09684,011k;021e;121k,1,1,0,vacuous,0,,0,15,14
E09685,011k;021e;121k,1,1,1,vacuous,0,,0,15,14
E09686,011k;021e;121k,2,0,0,infeasible,,,3,15,14
E09687,011k;021e;121k,2,0,1,infeasible,,,3,15,14
E09688,011k;021e;121k,2,1,0,vacuous,0,,0,15,14
E09689,011k;021e;121k,2,1,1,vacuous,0,,0,15,14
E09690,011k;021e;121k,3,0,0,optimal,1,0,3,16,15
E09691,011k;021e;121k,3,0,1,infeasible,,,3,16,15
E09692,011k;021e;121k,3,0,2,infeasible,,,3,16,15
E09693,011k;021e;121k,3,1,0,vacuous,0,,0,16,15
E09694,011k;021e;121k,3,1,1,vacuous,0,,0,16,15
E09695,011k;021e;121k,3,1,2,vacuous,0,,0,16,15
E09696,011k;021e;121k,4,0,0,infeasible,,,3,15,14
E09697,011k;021e;121k,4,0,1,infeasible,,,3,15,14
E09698,011k;021e;121k,4,1,0,vacuous,0,,0,15,14
E09699,011k;021e;121k,4,1,1,vacuous,0,,0,15,14
E09700,011k;021e;121k,5,0,0,optimal,1,0,3,16,15
E09701,011k;021e;121k,5,0,1,infeasible,,,3,16,15
E09702,011k;021e;121k,5,0,2,infeasible,,,3,16,15
E09703,011k;021e;121k,5,1,0,vacuous,0,,0,16,15
E09704,011k;021e;121k,5,1,1,vacuous,0,,0,16,15
E09705,011k;021e;121k,5,1,2,vacuous,0,,0,16,15
E09706,011k;021e;121k,6,0,0,infeasible,,,3,16,15
E09707,011k;021e;121k,6,0,1,infeasible,,,3,16,15
E09708,011k;021e;121k,6,0,2,infeasible,,,3,16,15
E09709,011k;021e;121k,6,1,0,vacuous,0,,0,16,15
E09710,011k;021e;121k,6,1,1,vacuous,0,,0,16,15
E09711,011k;021e;121k,6,1,2,vacuous,0,,0,16,15
E09712,011k;021e;121k,7,0,0,optimal,1,0,3,17,16
E09713,011k;021e;121k,7,0,1,infeasible,,,3,17,16
E09714,011k;021e;121k,7,0,2,infeasible,,,3,17,16
E09715,011k;021e;121k,7,0,3,infeasible,,,3,17,16
E09716,011k;021e;121k,7,1,0,vacuous,0,,0,17,16
E09717,011k;021e;121k,7,1,1,vacuous,0,,0,17,16
E09718,011k;021e;121k,7,1,2,vacuous,0,,0,17,16
E09719,011k;021e;121k,7,1,3,vacuous,0,,0,17,16
E09720,011k;021e;121r,0,0,0,infeasible,,,3,14,13
E09721,011k;021e;121r,0,1,0,vacuous,0,,0,14,13
E09722,011k;021e;121r,1,0,0,optimal,1,0,3,15,14
E09723,011k;021e;121r,1,0,1,infeasible,,,3,15,14
E09724,011k;021e;121r,1,1,0,vacuous,0,,0,15,14
E09725,011k;021e;121r,1,1,1,vacuous,0,,0,15,14
E09726,011k;021e;121r,2,0,0,infeasible,,,3,15,14
E09727,011k;021e;121r,2,0,1,infeasible,,,3,15,14
E09728,011k;021e;121r,2,1,0,vacuous,0,,0,15,14
E09729,011k;021e;121r,2,1,1,vacuous,0,,0,15,14
E09730,011k;021e;121r,3,0,0,optimal,1,0,3,16,15
E09731,011k;021e;121r,3,0,1,infeasible,,,3,16,15
E09732,011k;021e;121r,3,0,2,infeasible,,,3,16,15
E09733,011k;021e;121r,3,1,0,vacuous,0,,0,16,15
E09734,011k;021e;121r,3,1,1,vacuous,0,,0,16,15
E09735,011k;021e;121r,3,1,2,vacuous,0,,0,16,15
E09736,011k;021e;121r,4,0,0,infeasible,,,3,15,14
E09737,011k;021e;121r,4,0,1,infeasible,,,3,15,14
E09738,011k;021e;121r,4,1,0,vacuous,0,,0,15,14
E09739,011k;021e;121r,4,1,1,vacuous,0,,0,15,14
E09740,011k;021e;121r,5,0,0,optimal,1,0,3,16,15
E09741,011k;021e;121r,5,0,1,infeasible,,,3,16,15
E09742,011k;021e;121r,5,0,2,infeasible,,,3,16,15
E09743,011k;021e;121r,5,1,0,vacuous,0,,0,16,15
E09744,011k;021e;121r,5,1,1,vacuous,0,,0,16,15
E09745,011k;021e;121r,5,1,2,vacuous,0,,0,16,15
E09746,011k;021e;121r,6,0,0,infeasible,,,3,16,15
E09747,011k;021e;121r,6,0,1,infeasible,,,3,16,15
E09748,011k;021e;121r,6,0,2,infeasible,,,3,16,15
E09749,011k;021e;121r,6,1,0,vacuous,0,,0,16,15
E09750,011k;021e;121r,6,1,1,vacuous,0,,0,16,15
E09751,011k;021e;121r,6,1,2,vacuous,0,,0,16,15
E09752,011k;021e;121r,7,0,0,optimal,1,0,3,17,16
E09753,011k;021e;121r,7,0,1,infeasible,,,3,17,16
E09754,011k;021e;121r,7,0,2,infeasible,,,3,17,16
E09755,011k;021e;121r,7,0,3,infeasible,,,3,17,16
E09756,011k;021e;121r,7,1,0,vacuous,0,,0,17,16
E09757,011k;021e;121r,7,1,1,vacuous,0,,0,17,16
E09758,011k;021e;121r,7,1,2,vacuous,0,,0,17,16
E09759,011k;021e;121r,7,1,3,vacuous,0,,0,17,16
E09760,011k;021e;121e,0,0,0,infeasible,,,4,14,14
E09761,011k;021e;121e,0,1,0,vacuous,0,,0,14,14
E09762,011k;021e;121e,1,0,0,optimal,1,0,4,15,15
E09763,011k;021e;121e,1,0,1,infeasible,,,4,15,15
E09764,011k;021e;121e,1,1,0,vacuous,0,,0,15,15
E09765,011k;021e;121e,1,1,1,vacuous,0,,0,15,15
E09766,011k;021e;121e,2,0,0,infeasible,,,4,15,15
E09767,011k;021e;121e,2,0,1,infeasible,,,4,15,15
E09768,011k;021e;121e,2,1,0,vacuous,0,,0,15,15
E09769,011k;021e;121e,2,1,1,vacuous,0,,0,15,15
E09770,011k;021e;121e,3,0,0,optimal,1,0,4,16,16
E09771,011k;021e;121e,3,0,1,infeasible,,,4,16,16
E09772,011k;021e;121e,3,0,2,infeasible,,,4,16,16
E09773,011k;021e;121e,3,1,0,vacuous,0,,0,16,16
E09774,011k;021e;121e,3,1,1,vacuous,0,,0,16,16
E09775,011k;021e;121e,3,1,2,vacuous,0,,0,16,16
E09776,011k;021e;121e,4,0,0,infeasible,,,4,15,15
E09777,011k;021e;121e,4,0,1,infeasible,,,4,15,15
E09778,011k;021e;121e,4,1,0,vacuous,0,,0,15,15
E09779,011k;021e;121e,4,1,1,vacuous,0,,0,15,15
E09780,011k;021e;121e,5,0,0,optimal,1,0,4,16,16
E09781,011k;021e;121e,5,0,1,infeasible,,,4,16,16
E09782,011k;021e;121e,5,0,2,infeasible,,,4,16,16
E09783,011k;021e;121e,5,1,0,vacuous,0,,0,16,16
E09784,011k;021e;121e,5,1,1,vacuous,0,,0,16,16
E09785,011k;021e;121e,5,1,2,vacuous,0,,0,16,16
E09786,011k;021e;121e,6,0,0,infeasible,,,4,16,16
E09787,011k;021e;121e,6,0,1,infeasible,,,4,16,16
E09788,011k;021e;121e,6,0,2,infeasible,,,4,16,16
E09789,011k;021e;121e,6,1,0,vacuous,0,,0,16,16
E09790,011k;021e;121e,6,1,1,vacuous,0,,0,16,16
E09791,011k;021e;121e,6,1,2,vacuous,0,,0,16,16
E09792,011k;021e;121e,7,0,0,optimal,1,0,4,17,17
E09793,011k;021e;121e,7,0,1,infeasible,,,4,17,17
E09794,011k;021e;121e,7,0,2,infeasible,,,4,17,17
E09795,011k;021e;121e,7,0,3,infeasible,,,4,17,17
E09796,011k;021e;121e,7,1,0,vacuous,0,,0,17,17
E09797,011k;021e;121e,7,1,1,vacuous,0,,0,17,17
E09798,011k;021e;121e,7,1,2,vacuous,0,,0,17,17
E09799,011k;021e;121e,7,1,3,vacuous,0,,0,17,17
E09800,011r,0,0,0,vacuous,0,,0,14,10
E09801,011r,0,1,0,vacuous,0,,0,14,10
E09802,011r,1,0,0,vacuous,0,,0,15,11
E09803,011r,1,0,1,vacuous,0,,0,15,11
E09804,011r,1,1,0,vacuous,0,,0,15,11
E09805,011r,1,1,1,vacuous,0,,0,15,11
E09806,011r,2,0,0,vacuous,0,,0,15,11
E09807,011r,2,0,1,vacuous,0,,0,15,11
E09808,011r,2,1,0,vacuous,0,,0,15,11
E09809,011r,2,1,1,vacuous,0,,0,15,11
E09810,011r,3,0,0,vacuous,0,,0,16,12
E09811,011r,3,0,1,vacuous,0,,0,16,12
E09812,011r,3,0,2,vacuous,0,,0,16,12
E09813,011r,3,1,0,vacuous,0,,0,16,12
E09814,011r,3,1,1,vacuous,0,,0,16,12
E09815,011r,3,1,2,vacuous,0,,0,16,12
E09816,011r,4,0,0,vacuous,0,,0,15,11
E09817,011r,4,0,1,vacuous,0,,0,15,11
E09818,011r,4,1,0,vacuous,0,,0,15,11
E09819,011r,4,1,1,vacuous,0,,0,15,11
E09820,011r,5,0,0,vacuous,0,,0,16,12
E09821,011r,5,0,1,vacuous,0,,0,16,12
E09822,011r,5,0,2,vacuous,0,,0,16,12
E09823,011r,5,1,0,vacuous,0,,0,16,12
E09824,011r,5,1,1,vacuous,0,,0,16,12
E09825,011r,5,1,2,vacuous,0,,0,16,12
E09826,011r,6,0,0,vacuous,0,,0,16,12
E09827,011r,6,0,1,vacuous,0,,0,16,12
E09828,011r,6,0,2,vacuous,0,,0,16,12
E09829,011r,6,1,0,vacuous,0,,0,16,12
E09830,011r,6,1,1,vacuous,0,,0,16,12
E09831,011r,6,1,2,vacuous,0,,0,16,12
E09832,011r,7,0,0,vacuous,0,,0,17,13
E09833,011r,7,0,1,vacuous,0,,0,17,13
E09834,011r,7,0,2,vacuous,0,,0,17,13
E09835,011r,7,0,3,vacuous,0,,0,17,13
E09836,011r,7,1,0,vacuous,0,,0,17,13
E09837,011r,7,1,1,vacuous,0,,0,17,13
E09838,011r,7,1,2,vacuous,0,,0,17,13
E09839,011r,7,1,3,vacuous,0,,0,17,13
E09840,011r;120k,0,0,0,infeasible,,,1,14,12
E09841,011r;120k,0,1,0,vacuous,0,,0,14,12
E09842,011r;120k,1,0,0,optimal,1,0,1,15,13
E09843,011r;120k,1,0,1,infeasible,,,1,15,13
E09844,011r;120k,1,1,0,vacuous,0,,0,15,13
E09845,011r;120k,1,1,1,vacuous,0,,0,15,13
E09846,011r;120k,2,0,0,infeasible,,,1,15,13
E09847,011r;120k,2,0,1,infeasible,,,1,15,13
E09848,011r;120k,2,1,0,vacuous,0,,0,15,13
E09849,011r;120k,2,1,1,vacuous,0,,0,15,13
E09850,011r;120k,3,0,0,optimal,1,0,1,16,14
E09851,011r;120k,3,0,1,infeasible,,,1,16,14
E09852,011r;120k,3,0,2,infeasible,,,1,16,14
E09853,011r;120k,3,1,0,vacuous,0,,0,16,14
E09854,011r;120k,3,1,1,vacuous,0,,0,16,14
E09855,011r;120k,3,1,2,vacuous,0,,0,16,14
E09856,011r;120k,4,0,0,infeasible,,,1,15,13
E09857,011r;120k,4,0,1,infeasible,,,1,15,13
E09858,011r;120k,4,1,0,vacuous,0,,0,15,13
E09859,011r;120k,4,1,1,vacuous,0,,0,15,13
E09860,011r;120k,5,0,0,optimal,1,0,1,16,14
E09861,011r;120k,5,0,1,infeasible,,,1,16,14
E09862,011r;120k,5,0,2,infeasible,,,1,16,14
E09863,011r;120k,5,1,0,vacuous,0,,0,16,14
E09864,011r;120k,5,1,1,vacuous,0,,0,16,14
E09865,011r;120k,5,1,2,vacuous,0,,0,16,14
E09866,011r;120k,6,0,0,infeasible,,,1,16,14
E09867,011r;120k,6,0,1,infeasible,,,1,16,14
E09868,011r;120k,6,0,2,infeasible,,,1,16,14
E09869,011r;120k,6,1,0,vacuous,0,,0,16,14
E09870,011r;120k,6,1,1,vacuous,0,,0,16,14
E09871,011r;120k,6,1,2,vacuous,0,,0,16,14
E09872,011r;120k,7,0,0,optimal,1,0,1,17,15
E09873,011r;120k,7,0,1,infeasible,,,1,17,15
E09874,011r;120k,7,0,2,infeasible,,,1,17,15
E09875,011r;120k,7,0,3,infeasible,,,1,17,15
E09876,011r;120k,7,1,0,vacuous,0,,0,17,15
E09877,011r;120k,7,1,1,vacuous,0,,0,17,15
E09878,011r;120k,7,1,2,vacuous,0,,0,17,15
E09879,011r;120k,7,1,3,vacuous,0,,0,17,15
E09880,011r;120r,0,0,0,infeasible,,,1,14,12
E09881,011r;120r,0,1,0,vacuous,0,,0,14,12
E09882,011r;120r,1,0,0,optimal,1,0,1,15,13
E09883,011r;120r,1,0,1,infeasible,,,1,15,13
E09884,011r;120r,1,1,0,vacuous,0,,0,15,13
E09885,011r;120r,1,1,1,vacuous,0,,0,15,13
E09886,011r;120r,2,0,0,infeasible,,,1,15,13
E09887,011r;120r,2,0,1,infeasible,,,1,15,13
E09888,011r;120r,2,1,0,vacuous,0,,0,15,13
E09889,011r;120r,2,1,1,vacuous,0,,0,15,13
E09890,011r;120r,3,0,0,optimal,1,0,1,16,14
E09891,011r;120r,3,0,1,infeasible,,,1,16,14
E09892,011r;120r,3,0,2,infeasible,,,1,16,14
E09893,011r;120r,3,1,0,vacuous,0,,0,16,14
E09894,011r;120r,3,1,1,vacuous,0,,0,16,14
E09895,011r;120r,3,1,2,vacuous,0,,0,16,14
E09896,011r;120r,4,0,0,infeasible,,,1,15,13
E09897,011r;120r,4,0,1,infeasible,,,1,15,13
E09898,011r;120r,4,1,0,vacuous,0,,0,15,13
E09899,011r;120r,4,1,1,vacuous,0,,0,15,13
E09900,011r;120r,5,0,0,optimal,1,0,1,16,14
E09901,011r;120r,5,0,1,infeasible,,,1,16,14
E09902,011r;120r,5,0,2,infeasible,,,1,16,14
E09903,011r;120r,5,1,0,vacuous,0,,0,16,14
E09904,011r;120r,5,1,1,vacuous,0,,0,16,14
E09905,011r;120r,5,1,2,vacuous,0,,0,16,14
E09906,011r;120r,6,0,0,infeasible,,,1,16,14
E09907,011r;120r,6,0,1,infeasible,,,1,16,14
E09908,011r;120r,6,0,2,infeasible,,,1,16,14
E09909,011r;120r,6,1,0,vacuous,0,,0,16,14
E09910,011r;120r,6,1,1,vacuous,0,,0,16,14
E09911,011r;120r,6,1,2,vacuous,0,,0,16,14
E09912,011r;120r,7,0,0,optimal,1,0,1,17,15
E09913,011r;120r,7,0,1,infeasible,,,1,17,15
E09914,011r;120r,7,0,2,infeasible,,,1,17,15
E09915,011r;120r,7,0,3,infeasible,,,1,17,15
E09916,011r;120r,7,1,0,vacuous,0,,0,17,15
E09917,011r;120r,7,1,1,vacuous,0,,0,17,15
E09918,011r;120r,7,1,2,vacuous,0,,0,17,15
E09919,011r;120r,7,1,3,vacuous,0,,0,17,15
E09920,011r;120e,0,0,0,infeasible,,,1,14,13
E09921,011r;120e,0,1,0,vacuous,0,,0,14,13
E09922,011r;120e,1,0,0,optimal,1,0,1,15,14
E09923,011r;120e,1,0,1,infeasible,,,1,15,14
E09924,011r;120e,1,1,0,vacuous,0,,0,15,14
E09925,011r;120e,1,1,1,vacuous,0,,0,15,14
E09926,011r;120e,2,0,0,infeasible,,,1,15,14
E09927,011r;120e,2,0,1,infeasible,,,1,15,14
E09928,011r;120e,2,1,0,vacuous,0,,0,15,14
E09929,011r;120e,2,1,1,vacuous,0,,0,15,14
E09930,011r;120e,3,0,0,optimal,1,0,1,16,15
E09931,011r;120e,3,0,1,infeasible,,,1,16,15
E09932,011r;120e,3,0,2,infeasible,,,1,16,15
E09933,011r;120e,3,1,0,vacuous,0,,0,16,15
E09934,011r;120e,3,1,1,vacuous,0,,0,16,15
E09935,011r;120e,3,1,2,vacuous,0,,0,16,15
E09936,011r;120e,4,0,0,infeasible,,,1,15,14
E09937,011r;120e,4,0,1,infeasible,,,1,15,14
E09938,011r;120e,4,1,0,vacuous,0,,0,15,14
E09939,011r;120e,4,1,1,vacuous,0,,0,15,14
E09940,011r;120e,5,0,0,optimal,1,0,1,16,15
E09941,011r;120e,5,0,1,infeasible,,,1,16,15
E09942,011r;120e,5,0,2,infeasible,,,1,16,15
E09943,011r;120e,5,1,0,vacuous,0,,0,16,15
E09944,011r;120e,5,1,1,vacuous,0,,0,16,15
E09945,011r;120e,5,1,2,vacuous,0,,0,16,15
E09946,011r;120e,6,0,0,infeasible,,,1,16,15
E09947,011r;120e,6,0,1,infeasible,,,1,16,15
E09948,011r;120e,6,0,2,infeasible,,,1,16,15
E09949,011r;120e,6,1,0,vacuous,0,,0,16,15
E09950,011r;120e,6,1,1,vacuous,0,,0,16,15
E09951,011r;120e,6,1,2,vacuous,0,,0,16,15
E09952,011r;120e,7,0,0,optimal,1,0,1,17,16
E09953,011r;120e,7,0,1,infeasible,,,1,17,16
E09954,011r;120e,7,0,2,infeasible,,,1,17,16
E09955,011r;120e,7,0,3,infeasible,,,1,17,16
E09956,011r;120e,7,1,0,vacuous,0,,0,17,16
E09957,011r;120e,7,1,1,vacuous,0,,0,17,16
E09958,011r;120e,7,1,2,vacuous,0,,0,17,16
E09959,011r;120e,7,1,3,vacuous,0,,0,17,16
E09960,011r;121k,0,0,0,vacuous,0,,0,14,11
E09961,011r;121k,0,1,0,vacuous,0,,0,14,11
E09962,011r;121k,1,0,0,vacuous,0,,0,15,12
E09963,011r;121k,1,0,1,vacuous,0,,0,15,12
E09964,011r;121k,1,1,0,vacuous,0,,0,15,12
E09965,011r;121k,1,1,1,vacuous,0,,0,15,12
E09966,011r;121k,2,0,0,vacuous,0,,0,15,12
E09967,011r;121k,2,0,1,vacuous,0,,0,15,12
E09968,011r;121k,2,1,0,vacuous,0,,0,15,12
E09969,011r;121k,2,1,1,vacuous,0,,0,15,12
E09970,011r;121k,3,0,0,vacuous,0,,0,16,13
E09971,011r;121k,3,0,1,vacuous,0,,0,16,13
E09972,011r;121k,3,0,2,vacuous,0,,0,16,13
E09973,011r;121k,3,1,0,vacuous,0,,0,16,13
E09974,011r;121k,3,1,1,vacuous,0,,0,16,13
E09975,011r;121k,3,1,2,vacuous,0,,0,16,13
E09976,011r;121k,4,0,0,vacuous,0,,0,15,12
E09977,011r;121k,4,0,1,vacuous,0,,0,15,12
E09978,011r;121k,4,1,0,vacuous,0,,0,15,12
E09979,011r;121k,4,1,1,vacuous,0,,0,15,12
E09980,011r;121k,5,0,0,vacuous,0,,0,16,13
E09981,011r;121k,5,0,1,vacuous,0,,0,16,13
E09982,011r;121k,5,0,2,vacuous,0,,0,16,13
E09983,011r;121k,5,1,0,vacuous,0,,0,16,13
E09984,011r;121k,5,1,1,vacuous,0,,0,16,13
E09985,011r;121k,5,1,2,vacuous,0,,0,16,13
E09986,011r;121k,6,0,0,vacuous,0,,0,16,13
E09987,011r;121k,6,0,1,vacuous,0,,0,16,13
E09988,011r;121k,6,0,2,vacuous,0,,0,16,13
E09989,011r;121k,6,1,0,vacuous,0,,0,16,13
E09990,011r;121k,6,1,1,vacuous,0,,0,16,13
E09991,011r;121k,6,1,2,vacuous,0,,0,16,13
E09992,011r;121k,7,0,0,vacuous,0,,0,17,14
E09993,011r;121k,7,0,1,vacuous,0,,0,17,14
E09994,011r;121k,7,0,2,vacuous,0,,0,17,14
E09995,011r;121k,7,0,3,vacuous,0,,0,17,14
E09996,011r;121k,7,1,0,vacuous,0,,0,17,14
E09997,011r;121k,7,1,1,vacuous,0,,0,17,14
E09998,011r;121k,7,1,2,vacuous,0,,0,17,14
E09999,011r;121k,7,1,3,vacuous,0,,0,17,14
E10000,011r;121r,0,0,0,vacuous,0,,0,14,11
E10001,011r;121r,0,1,0,vacuous,0,,0,14,11
E10002,011r;121r,1,0,0,vacuous,0,,0,15,12
E10003,011r;121r,1,0,1,vacuous,0,,0,15,12
E10004,011r;121r,1,1,0,vacuous,0,,0,15,12
E10005,011r;121r,1,1,1,vacuous,0,,0,15,12
E10006,011r;121r,2,0,0,vacuous,0,,0,15,12
E10007,011r;121r,2,0,1,vacuous,0,,0,15,12
E10008,011r;121r,2,1,0,vacuous,0,,0,15,12
E10009,011r;121r,2,1,1,vacuous,0,,0,15,12
E10010,011r;121r,3,0,0,vacuous,0,,0,16,13
E10011,011r;121r,3,0,1,vacuous,0,,0,16,13
E10012,011r;121r,3,0,2,vacuous,0,,0,16,13
E10013,011r;121r,3,1,0,vacuous,0,,0,16,13
E10014,011r;121r,3,1,1,vacuous,0,,0,16,13
E10015,011r;121r,3,1,2,vacuous,0,,0,16,13
E10016,011r;121r,4,0,0,vacuous,0,,0,15,12
E10017,011r;121r,4,0,1,vacuous,0,,0,15,12
E10018,011r;121r,4,1,0,vacuous,0,,0,15,12
E10019,011r;121r,4,1,1,vacuous,0,,0,15,12
E10020,011r;121r,5,0,0,vacuous,0,,0,16,13
E10021,011r;121r,5,0,1,vacuous,0,,0,16,13
E10022,011r;121r,5,0,2,vacuous,0,,0,16,13
E10023,011r;121r,5,1,0,vacuous,0,,0,16,13
E10024,011r;121r,5,1,1,vacuous,0,,0,16,13
E10025,011r;121r,5,1,2,vacuous,0,,0,16,13
E10026,011r;121r,6,0,0,vacuous,0,,0,16,13
E10027,011r;121r,6,0,1,vacuous,0,,0,16,13
E10028,011r;121r,6,0,2,vacuous,0,,0,16,13
E10029,011r;121r,6,1,0,vacuous,0,,0,16,13
E10030,011r;121r,6,1,1,vacuous,0,,0,16,13
E10031,011r;121r,6,1,2,vacuous,0,,0,16,13
E10032,011r;121r,7,0,0,vacuous,0,,0,17,14
E10033,011r;121r,7,0,1,vacuous,0,,0,17,14
E10034,011r;121r,7,0,2,vacuous,0,,0,17,14
E10035,011r;121r,7,0,3,vacuous,0,,0,17,14
E10036,011r;121r,7,1,0,vacuous,0,,0,17,14
E10037,011r;121r,7,1,1,vacuous,0,,0,17,14
E10038,011r;121r,7,1,2,vacuous,0,,0,17,14
E10039,011r;121r,7,1,3,vacuous,0,,0,17,14
E10040,011r;121e,0,0,0,vacuous,0,,0,14,12
E10041,011r;121e,0,1,0,vacuous,0,,0,14,12
E10042,011r;121e,1,0,0,vacuous,0,,0,15,13
E10043,011r;121e,1,0,1,vacuous,0,,0,15,13
E10044,011r;121e,1,1,0,vacuous,0,,0,15,13
E10045,011r;121e,1,1,1,vacuous,0,,0,15,13
E10046,011r;121e,2,0,0,vacuous,0,,0,15,13
E10047,011r;121e,2,0,1,vacuous,0,,0,15,13
E10048,011r;121e,2,1,0,vacuous,0,,0,15,13
E10049,011r;121e,2,1,1,vacuous,0,,0,15,13
E10050,011r;121e,3,0,0,vacuous,0,,0,16,14
E10051,011r;121e,3,0,1,vacuous,0,,0,16,14
E10052,011r;121e,3,0,2,vacuous,0,,0,16,14
E10053,011r;121e,3,1,0,vacuous,0,,0,16,14
E10054,011r;121e,3,1,1,vacuous,0,,0,16,14
E10055,011r;121e,3,1,2,vacuous,0,,0,16,14
E10056,011r;121e,4,0,0,vacuous,0,,0,15,13
E10057,011r;121e,4,0,1,vacuous,0,,0,15,13
E10058,011r;121e,4,1,0,vacuous,0,,0,15,13
E10059,011r;121e,4,1,1,vacuous,0,,0,15,13
E10060,011r;121e,5,0,0,vacuous,0,,0,16,14
E10061,011r;121e,5,0,1,vacuous,0,,0,16,14
E10062,011r;121e,5,0,2,vacuous,0,,0,16,14
E10063,011r;121e,5,1,0,vacuous,0,,0,16,14
E10064,011r;121e,5,1,1,vacuous,0,,0,16,14
E10065,011r;121e,5,1,2,vacuous,0,,0,16,14
E10066,011r;121e,6,0,0,vacuous,0,,0,16,14
E10067,011r;121e,6,0,1,vacuous,0,,0,16,14
E10068,011r;121e,6,0,2,vacuous,0,,0,16,14
E10069,011r;121e,6,1,0,vacuous,0,,0,16,14
E10070,011r;121e,6,1,1,vacuous,0,,0,16,14
E10071,011r;121e,6,1,2,vacuous,0,,0,16,14
E10072,011r;121e,7,0,0,vacuous,0,,0,17,15
E10073,011r;121e,7,0,1,vacuous,0,,0,17,15
E10074,011r;121e,7,0,2,vacuous,0,,0,17,15
E10075,011r;121e,7,0,3,vacuous,0,,0,17,15
E10076,011r;121e,7,1,0,vacuous,0,,0,17,15
E10077,011r;121e,7,1,1,vacuous,0,,0,17,15
E10078,011r;121e,7,1,2,vacuous,0,,0,17,15
E10079,011r;121e,7,1,3,vacuous,0,,0,17,15
E10080,011r;020k,0,0,0,infeasible,,,1,14,12
E10081,011r;020k,0,1,0,infeasible,,,1,14,12
E10082,011r;020k,1,0,0,optimal,1,0,1,15,13
E10083,011r;020k,1,0,1,infeasible,,,1,15,13
E10084,011r;020k,1,1,0,infeasible,,,1,15,13
E10085,011r;020k,1,1,1,infeasible,,,1,15,13
E10086,011r;020k,2,0,0,infeasible,,,1,15,13
E10087,011r;020k,2,0,1,infeasible,,,1,15,13
E10088,011r;020k,2,1,0,infeasible,,,1,15,13
E10089,011r;020k,2,1,1,infeasible,,,1,15,13
E10090,011r;020k,3,0,0,optimal,1,0,1,16,14
E10091,011r;020k,3,0,1,infeasible,,,1,16,14
E10092,011r;020k,3,0,2,infeasible,,,1,16,14
E10093,011r;020k,3,1,0,infeasible,,,1,16,14
E10094,011r;020k,3,1,1,infeasible,,,1,16,14
E10095,011r;020k,3,1,2,infeasible,,,1,16,14
E10096,011r;020k,4,0,0,optimal,3,0,1,15,13
E10097,011r;020k,4,0,1,infeasible,,,1,15,13
E10098,011r;020k,4,1,0,infeasible,,,1,15,13
E10099,011r;020k,4,1,1,infeasible,,,1,15,13
E10100,011r;020k,5,0,0,optimal,1,0,1,16,14
E10101,011r;020k,5,0,1,optimal,4,0;1,1,16,14
E10102,011r;020k,5,0,2,infeasible,,,1,16,14
E10103,011r;020k,5,1,0,infeasible,,,1,16,14
E10104,011r;020k,5,1,1,infeasible,,,1,16,14
E10105,011r;020k,5,1,2,infeasible,,,1,16,14
E10106,011r;020k,6,0,0,optimal,3,1,1,16,14
E10107,011r;020k,6,0,1,infeasible,,,1,16,14
E10108,011r;020k,6,0,2,infeasible,,,1,16,14
E10109,011r;020k,6,1,0,infeasible,,,1,16,14
E10110,011r;020k,6,1,1,infeasible,,,1,16,14
E10111,011r;020k,6,1,2,infeasible,,,1,16,14
E10112,011r;020k,7,0,0,optimal,1,0,1,17,15
E10113,011r;020k,7,0,1,optimal,4,0;2,1,17,15
E10114,011r;020k,7,0,2,infeasible,,,1,17,15
E10115,011r;020k,7,0,3,infeasible,,,1,17,15
E10116,011r;020k,7,1,0,infeasible,,,1,17,15
E10117,011r;020k,7,1,1,infeasible,,,1,17,15
E10118,011r;020k,7,1,2,infeasible,,,1,17,15
E10119,011r;020k,7,1,3,infeasible,,,1,17,15
E10120,011r;020k;120k,0,0,0,infeasible,,,2,14,14
E10121,011r;020k;120k,0,1,0,infeasible,,,1,14,14
E10122,011r;020k;120k,1,0,0,optimal,1,0,2,15,15
E10123,011r;020k;120k,1,0,1,infeasible,,,2,15,15
E10124,011r;020k;120k,1,1,0,infeasible,,,1,15,15
E10125,011r;020k;120k,1,1,1,infeasible,,,1,15,15
E10126,011r;020k;120k,2,0,0,infeasible,,,2,15,15
E10127,011r;020k;120k,2,0,1,infeasible,,,2,15,15
E10128,011r;020k;120k,2,1,0,infeasible,,,1,15,15
E10129,011r;020k;120k,2,1,1,infeasible,,,1,15,15
E10130,011r;020k;120k,3,0,0,optimal,1,0,2,16,16
E10131,011r;020k;120k,3,0,1,infeasible,,,2,16,16
E10132,011r;020k;120k,3,0,2,infeasible,,,2,16,16
E10133,011r;020k;120k,3,1,0,infeasible,,,1,16,16
E10134,011r;020k;120k,3,1,1,infeasible,,,1,16,16
E10135,011r;020k;120k,3,1,2,infeasible,,,1,16,16
E10136,011r;020k;120k,4,0,0,infeasible,,,2,15,15
E10137,011r;020k;120k,4,0,1,infeasible,,,2,15,15
E10138,011r;020k;120k,4,1,0,infeasible,,,1,15,15
E10139,011r;020k;120k,4,1,1,infeasible,,,1,15,15
E10140,011r;020k;120k,5,0,0,optimal,1,0,2,16,16
E10141,011r;020k;120k,5,0,1,infeasible,,,2,16,16
E10142,011r;020k;120k,5,0,2,infeasible,,,2,16,16
E10143,011r;020k;120k,5,1,0,infeasible,,,1,16,16
E10144,011r;020k;120k,5,1,1,infeasible,,,1,16,16
E10145,011r;020k;120k,5,1,2,infeasible,,,1,16,16
E10146,011r;020k;120k,6,0,0,infeasible,,,2,16,16
E10147,011r;020k;120k,6,0,1,infeasible,,,2,16,16
E10148,011r;020k;120k,6,0,2,infeasible,,,2,16,16
E10149,011r;020k;120k,6,1,0,infeasible,,,1,16,16
E10150,011r;020k;120k,6,1,1,infeasible,,,1,16,16
E10151,011r;020k;120k,6,1,2,infeasible,,,1,16,16
E10152,011r;020k;120k,7,0,0,optimal,1,0,2,17,17
E10153,011r;020k;120k,7,0,1,infeasible,,,2,17,17
E10154,011r;020k;120k,7,0,2,infeasible,,,2,17,17
E10155,011r;020k;120k,7,0,3,infeasible,,,2,17,17
E10156,011r;020k;120k,7,1,0,infeasible,,,1,17,17
E10157,011r;020k;120k,7,1,1,infeasible,,,1,17,17
E10158,011r;020k;120k,7,1,2,infeasible,,,1,17,17
E10159,011r;020k;120k,7,1,3,infeasible,,,1,17,17
E10160,011r;020k;120r,0,0,0,infeasible,,,2,14,14
E10161,011r;020k;120r,0,1,0,infeasible,,,1,14,14
E10162,011r;020k;120r,1,0,0,optimal,1,0,2,15,15
E10163,011r;020k;120r,1,0,1,infeasible,,,2,15,15
E10164,011r;020k;120r,1,1,0,infeasible,,,1,15,15
E10165,011r;020k;120r,1,1,1,infeasible,,,1,15,15
E10166,011r;020k;120r,2,0,0,infeasible,,,2,15,15
E10167,011r;020k;120r,2,0,1,infeasible,,,2,15,15
E10168,011r;020k;120r,2,1,0,infeasible,,,1,15,15
E10169,011r;020k;120r,2,1,1,infeasible,,,1,15,15
E10170,011r;020k;120r,3,0,0,optimal,1,0,2,16,16
E10171,011r;020k;120r,3,0,1,infeasible,,,2,16,16
E10172,011r;020k;120r,3,0,2,infeasible,,,2,16,16
E10173,011r;020k;120r,3,1,0,infeasible,,,1,16,16
E10174,011r;020k;120r,3,1,1,infeasible,,,1,16,16
E10175,011r;020k;120r,3,1,2,infeasible,,,1,16,16
E10176,011r;020k;120r,4,0,0,infeasible,,,2,15,15
E10177,011r;020k;120r,4,0,1,infeasible,,,2,15,15
E10178,011r;020k;120r,4,1,0,infeasible,,,1,15,15
E10179,011r;020k;120r,4,1,1,infeasible,,,1,15,15
E10180,011r;020k;120r,5,0,0,optimal,1,0,2,16,16
E10181,011r;020k;120r,5,0,1,infeasible,,,2,16,16
E10182,011r;020k;120r,5,0,2,infeasible,,,2,16,16
E10183,011r;020k;120r,5,1,0,infeasible,,,1,16,16
E10184,011r;020k;120r,5,1,1,infeasible,,,1,16,16
E10185,011r;020k;120r,5,1,2,infeasible,,,1,16,16
E10186,011r;020k;120r,6,0,0,infeasible,,,2,16,16
E10187,011r;020k;120r,6,0,1,infeasible,,,2,16,16
E10188,011r;020k;120r,6,0,2,infeasible,,,2,16,16
E10189,011r;020k;120r,6,1,0,infeasible,,,1,16,16
E10190,011r;020k;120r,6,1,1,infeasible,,,1,16,16
E10191,011r;020k;120r,6,1,2,infeasible,,,1,16,16
E10192,011r;020k;120r,7,0,0,optimal,1,0,2,17,17
E10193,011r;020k;120r,7,0,1,infeasible,,,2,17,17
E10194,011r;020k;120r,7,0,2,infeasible,,,2,17,17
E10195,011r;020k;120r,7,0,3,infeasible,,,2,17,17
E10196,011r;020k;120r,7,1,0,infeasible,,,1,17,17
E10197,011r;020k;120r,7,1,1,infeasible,,,1,17,17
E10198,011r;020k;120r,7,1,2,infeasible,,,1,17,17
E10199,011r;020k;120r,7,1,3,infeasible,,,1,17,17
E10200,011r;020k;120e,0,0,0,infeasible,,,2,14,15
E10201,011r;020k;120e,0,1,0,infeasible,,,1,14,15
E10202,011r;020k;120e,1,0,0,optimal,1,0,2,15,16
E10203,011r;020k;120e,1,0,1,infeasible,,,2,15,16
E10204,011r;020k;120e,1,1,0,infeasible,,,1,15,16
E10205,011r;020k;120e,1,1,1,infeasible,,,1,15,16
E10206,011r;020k;120e,2,0,0,infeasible,,,2,15,16
E10207,011r;020k;120e,2,0,1,infeasible,,,2,15,16
E10208,011r;020k;120e,2,1,0,infeasible,,,1,15,16
E10209,011r;020k;120e,2,1,1,infeasible,,,1,15,16
E10210,011r;020k;120e,3,0,0,optimal,1,0,2,16,17
E10211,011r;020k;120e,3,0,1,infeasible,,,2,16,17
E10212,011r;020k;120e,3,0,2,infeasible,,,2,16,17
E10213,011r;020k;120e,3,1,0,infeasible,,,1,16,17
E10214,011r;020k;120e,3,1,1,infeasible,,,1,16,17
E10215,011r;020k;120e,3,1,2,infeasible,,,1,16,17
E10216,011r;020k;120e,4,0,0,infeasible,,,2,15,16
E10217,011r;020k;120e,4,0,1,infeasible,,,2,15,16
E10218,011r;020k;120e,4,1,0,infeasible,,,1,15,16
E10219,011r;020k;120e,4,1,1,infeasible,,,1,15,16
E10220,011r;020k;120e,5,0,0,optimal,1,0,2,16,17
E10221,011r;020k;120e,5,0,1,infeasible,,,2,16,17
E10222,011r;020k;120e,5,0,2,infeasible,,,2,16,17
E10223,011r;020k;120e,5,1,0,infeasible,,,1,16,17
E10224,011r;020k;120e,5,1,1,infeasible,,,1,16,17
E10225,011r;020k;120e,5,1,2,infeasible,,,1,16,17
E10226,011r;020k;120e,6,0,0,infeasible,,,2,16,17
E10227,011r;020k;120e,6,0,1,infeasible,,,2,16,17
E10228,011r;020k;120e,6,0,2,infeasible,,,2,16,17
E10229,011r;020k;120e,6,1,0,infeasible,,,1,16,17
E10230,011r;020k;120e,6,1,1,infeasible,,,1,16,17
E10231,011r;020k;120e,6,1,2,infeasible,,,1,16,17
E10232,011r;020k;120e,7,0,0,optimal,1,0,2,17,18
E10233,011r;020k;120e,7,0,1,infeasible,,,2,17,18
E10234,011r;020k;120e,7,0,2,infeasible,,,2,17,18
E10235,011r;020k;120e,7,0,3,infeasible,,,2,17,18
E10236,011r;020k;120e,7,1,0,infeasible,,,1,17,18
E10237,011r;020k;120e,7,1,1,infeasible,,,1,17,18
E10238,011r;020k;120e,7,1,2,infeasible,,,1,17,18
E10239,011r;020k;120e,7,1,3,infeasible,,,1,17,18
E10240,011r;020k;121k,0,0,0,infeasible,,,1,14,13
E10241,011r;020k;121k,0,1,0,infeasible,,,1,14,13
E10242,011r;020k;121k,1,0,0,optimal,1,0,1,15,14
E10243,011r;020k;121k,1,0,1,infeasible,,,1,15,14
E10244,011r;020k;121k,1,1,0,infeasible,,,1,15,14
E10245,011r;020k;121k,1,1,1,infeasible,,,1,15,14
E10246,011r;020k;121k,2,0,0,infeasible,,,1,15,14
E10247,011r;020k;121k,2,0,1,infeasible,,,1,15,14
E10248,011r;020k;121k,2,1,0,infeasible,,,1,15,14
E10249,011r;020k;121k,2,1,1,infeasible,,,1,15,14
E10250,011r;020k;121k,3,0,0,optimal,1,0,1,16,15
E10251,011r;020k;121k,3,0,1,infeasible,,,1,16,15
E10252,011r;020k;121k,3,0,2,infeasible,,,1,16,15
E10253,011r;020k;121k,3,1,0,infeasible,,,1,16,15
E10254,011r;020k;121k,3,1,1,infeasible,,,1,16,15
E10255,011r;020k;121k,3,1,2,infeasible,,,1,16,15
E10256,011r;020k;121k,4,0,0,optimal,3,0,1,15,14
E10257,011r;020k;121k,4,0,1,infeasible,,,1,15,14
E10258,011r;020k;121k,4,1,0,infeasible,,,1,15,14
E10259,011r;020k;121k,4,1,1,infeasible,,,1,15,14
E10260,011r;020k;121k,5,0,0,optimal,1,0,1,16,15
E10261,011r;020k;121k,5,0,1,optimal,4,0;1,1,16,15
E10262,011r;020k;121k,5,0,2,infeasible,,,1,16,15
E10263,011r;020k;121k,5,1,0,infeasible,,,1,16,15
E10264,011r;020k;121k,5,1,1,infeasible,,,1,16,15
E10265,011r;020k;121k,5,1,2,infeasible,,,1,16,15
E10266,011r;020k;121k,6,0,0,optimal,3,1,1,16,15
E10267,011r;020k;121k,6,0,1,infeasible,,,1,16,15
E10268,011r;020k;121k,6,0,2,infeasible,,,1,16,15
E10269,011r;020k;121k,6,1,0,infeasible,,,1,16,15
E10270,011r;020k;121k,6,1,1,infeasible,,,1,16,15
E10271,011r;020k;121k,6,1,2,infeasible,,,1,16,15
E10272,011r;020k;121k,7,0,0,optimal,1,0,1,17,16
E10273,011r;020k;121k,7,0,1,optimal,4,0;2,1,17,16
E10274,011r;020k;121k,7,0,2,infeasible,,,1,17,16
E10275,011r;020k;121k,7,0,3,infeasible,,,1,17,16
E10276,011r;020k;121k,7,1,0,infeasible,,,1,17,16
E10277,011r;020k;121k,7,1,1,infeasible,,,1,17,16
E10278,011r;020k;121k,7,1,2,infeasible,,,1,17,16
E10279,011r;020k;121k,7,1,3,infeasible,,,1,17,16
E10280,011r;020k;121r,0,0,0,infeasible,,,1,14,13
E10281,011r;020k;121r,0,1,0,infeasible,,,1,14,13
E10282,011r;020k;121r,1,0,0,optimal,1,0,1,15,14
E10283,011r;020k;121r,1,0,1,infeasible,,,1,15,14
E10284,011r;020k;121r,1,1,0,infeasible,,,1,15,14
E10285,011r;020k;121r,1,1,1,infeasible,,,1,15,14
E10286,011r;020k;121r,2,0,0,infeasible,,,1,15,14
E10287,011r;020k;121r,2,0,1,infeasible,,,1,15,14
E10288,011r;020k;121r,2,1,0,infeasible,,,1,15,14
E10289,011r;020k;121r,2,1,1,infeasible,,,1,15,14
E10290,011r;020k;121r,3,0,0,optimal,1,0,1,16,15
E10291,011r;020k;121r,3,0,1,infeasible,,,1,16,15
E10292,011r;020k;121r,3,0,2,infeasible,,,1,16,15
E10293,011r;020k;121r,3,1,0,infeasible,,,1,16,15
E10294,011r;020k;121r,3,1,1,infeasible,,,1,16,15
E10295,011r;020k;121r,3,1,2,infeasible,,,1,16,15
E10296,011r;020k;121r,4,0,0,optimal,3,0,1,15,14
E10297,011r;020k;121r,4,0,1,infeasible,,,1,15,14
E10298,011r;020k;121r,4,1,0,infeasible,,,1,15,14
E10299,011r;020k;121r,4,1,1,infeasible,,,1,15,14
E10300,011r;020k;121r,5,0,0,optimal,1,0,1,16,15
E10301,011r;020k;121r,5,0,1,optimal,4,0;1,1,16,15
E10302,011r;020k;121r,5,0,2,infeasible,,,1,16,15
E10303,011r;020k;121r,5,1,0,infeasible,,,1,16,15
E10304,011r;020k;121r,5,1,1,infeasible,,,1,16,15
E10305,011r;020k;121r,5,1,2,infeasible,,,1,16,15
E10306,011r;020k;121r,6,0,0,optimal,3,1,1,16,15
E10307,011r;020k;121r,6,0,1,infeasible,,,1,16,15
E10308,011r;020k;121r,6,0,2,infeasible,,,1,16,15
E10309,011r;020k;121r,6,1,0,infeasible,,,1,16,15
E10310,011r;020k;121r,6,1,1,infeasible,,,1,16,15
E10311,011r;020k;121r,6,1,2,infeasible,,,1,16,15
E10312,011r;020k;121r,7,0,0,optimal,1,0,1,17,16
E10313,011r;020k;121r,7,0,1,optimal,4,0;2,1,17,16
E10314,011r;020k;121r,7,0,2,infeasible,,,1,17,16
E10315,011r;020k;121r,7,0,3,infeasible,,,1,17,16
E10316,011r;020k;121r,7,1,0,infeasible,,,1,17,16
E10317,011r;020k;121r,7,1,1,infeasible,,,1,17,16
E10318,011r;020k;121r,7,1,2,infeasible,,,1,17,16
E10319,011r;020k;121r,7,1,3,infeasible,,,1,17,16
E10320,011r;020k;121e,0,0,0,infeasible,,,1,14,14
E10321,011r;020k;121e,0,1,0,infeasible,,,1,14,14
E10322,011r;020k;121e,1,0,0,optimal,1,0,1,15,15
E10323,011r;020k;121e,1,0,1,infeasible,,,1,15,15
E10324,011r;020k;121e,1,1,0,infeasible,,,1,15,15
E10325,011r;020k;121e,1,1,1,infeasible,,,1,15,15
E10326,011r;020k;121e,2,0,0,infeasible,,,1,15,15
E10327,011r;020k;121e,2,0,1,infeasible,,,1,15,15
E10328,011r;020k;121e,2,1,0,infeasible,,,1,15,15
E10329,011r;020k;121e,2,1,1,infeasible,,,1,15,15
E10330,011r;020k;121e,3,0,0,optimal,1,0,1,16,16
E10331,011r;020k;121e,3,0,1,infeasible,,,1,16,16
E10332,011r;020k;121e,3,0,2,infeasible,,,1,16,16
E10333,011r;020k;121e,3,1,0,infeasible,,,1,16,16
E10334,011r;020k;121e,3,1,1,infeasible,,,1,16,16
E10335,011r;020k;121e,3,1,2,infeasible,,,1,16,16
E10336,011r;020k;121e,4,0,0,optimal,3,0,1,15,15
E10337,011r;020k;121e,4,0,1,infeasible,,,1,15,15
E10338,011r;020k;121e,4,1,0,infeasible,,,1,15,15
E10339,011r;020k;121e,4,1,1,infeasible,,,1,15,15
E10340,011r;020k;121e,5,0,0,optimal,1,0,1,16,16
E10341,011r;020k;121e,5,0,1,optimal,4,0;1,1,16,16
E10342,011r;020k;121e,5,0,2,infeasible,,,1,16,16
E10343,011r;020k;121e,5,1,0,infeasible,,,1,16,16
E10344,011r;020k;121e,5,1,1,infeasible,,,1,16,16
E10345,011r;020k;121e,5,1,2,infeasible,,,1,16,16
E10346,011r;020k;121e,6,0,0,optimal,3,1,1,16,16
E10347,011r;020k;121e,6,0,1,infeasible,,,1,16,16
E10348,011r;020k;121e,6,0,2,infeasible,,,1,16,16
E10349,011r;020k;121e,6,1,0,infeasible,,,1,16,16
E10350,011r;020k;121e,6,1,1,infeasible,,,1,16,16
E10351,011r;020k;121e,6,1,2,infeasible,,,1,16,16
E10352,011r;020k;121e,7,0,0,optimal,1,0,1,17,17
E10353,011r;020k;121e,7,0,1,optimal,4,0;2,1,17,17
E10354,011r;020k;121e,7,0,2,infeasible,,,1,17,17
E10355,011r;020k;121e,7,0,3,infeasible,,,1,17,17
E10356,011r;020k;121e,7,1,0,infeasible,,,1,17,17
E10357,011r;020k;121e,7,1,1,infeasible,,,1,17,17
E10358,011r;020k;121e,7,1,2,infeasible,,,1,17,17
E10359,011r;020k;121e,7,1,3,infeasible,,,1,17,17
E10360,011r;020r,0,0,0,infeasible,,,1,14,12
E10361,011r;020r,0,1,0,infeasible,,,1,14,12
E10362,011r;020r,1,0,0,optimal,1,0,1,15,13
E10363,011r;020r,1,0,1,infeasible,,,1,15,13
E10364,011r;020r,1,1,0,infeasible,,,1,15,13
E10365,011r;020r,1,1,1,infeasible,,,1,15,13
E10366,011r;020r,2,0,0,infeasible,,,1,15,13
E10367,011r;020r,2,0,1,infeasible,,,1,15,13
E10368,011r;020r,2,1,0,infeasible,,,1,15,13
E10369,011r;020r,2,1,1,infeasible,,,1,15,13
E10370,011r;020r,3,0,0,optimal,1,0,1,16,14
E10371,011r;020r,3,0,1,infeasible,,,1,16,14
E10372,011r;020r,3,0,2,infeasible,,,1,16,14
E10373,011r;020r,3,1,0,infeasible,,,1,16,14
E10374,011r;020r,3,1,1,infeasible,,,1,16,14
E10375,011r;020r,3,1,2,infeasible,,,1,16,14
E10376,011r;020r,4,0,0,infeasible,,,1,15,13
E10377,011r;020r,4,0,1,infeasible,,,1,15,13
E10378,011r;020r,4,1,0,infeasible,,,1,15,13
E10379,011r;020r,4,1,1,infeasible,,,1,15,13
E10380,011r;020r,5,0,0,optimal,1,0,1,16,14
E10381,011r;020r,5,0,1,infeasible,,,1,16,14
E10382,011r;020r,5,0,2,infeasible,,,1,16,14
E10383,011r;020r,5,1,0,infeasible,,,1,16,14
E10384,011r;020r,5,1,1,infeasible,,,1,16,14
E10385,011r;020r,5,1,2,infeasible,,,1,16,14
E10386,011r;020r,6,0,0,infeasible,,,1,16,14
E10387,011r;020r,6,0,1,infeasible,,,1,16,14
E10388,011r;020r,6,0,2,infeasible,,,1,16,14
E10389,011r;020r,6,1,0,infeasible,,,1,16,14
E10390,011r;020r,6,1,1,infeasible,,,1,16,14
E10391,011r;020r,6,1,2,infeasible,,,1,16,14
E10392,011r;020r,7,0,0,optimal,1,0,1,17,15
E10393,011r;020r,7,0,1,infeasible,,,1,17,15
E10394,011r;020r,7,0,2,infeasible,,,1,17,15
E10395,011r;020r,7,0,3,infeasible,,,1,17,15
E10396,011r;020r,7,1,0,infeasible,,,1,17,15
E10397,011r;020r,7,1,1,infeasible,,,1,17,15
E10398,011r;020r,7,1,2,infeasible,,,1,17,15
E10399,011r;020r,7,1,3,infeasible,,,1,17,15
E10400,011r;020r;120k,0,0,0,infeasible,,,2,14,14
E10401,011r;020r;120k,0,1,0,infeasible,,,1,14,14
E10402,011r;020r;120k,1,0,0,optimal,1,0,2,15,15
E10403,011r;020r;120k,1,0,1,infeasible,,,2,15,15
E10404,011r;020r;120k,1,1,0,infeasible,,,1,15,15
E10405,011r;020r;120k,1,1,1,infeasible,,,1,15,15
E10406,011r;020r;120k,2,0,0,infeasible,,,2,15,15
E10407,011r;020r;120k,2,0,1,infeasible,,,2,15,15
E10408,011r;020r;120k,2,1,0,infeasible,,,1,15,15
E10409,011r;020r;120k,2,1,1,infeasible,,,1,15,15
E10410,011r;020r;120k,3,0,0,optimal,1,0,2,16,16
E10411,011r;020r;120k,3,0,1,infeasible,,,2,16,16
E10412,011r;020r;120k,3,0,2,infeasible,,,2,16,16
E10413,011r;020r;120k,3,1,0,infeasible,,,1,16,16
E10414,011r;020r;120k,3,1,1,infeasible,,,1,16,16
E10415,011r;020r;120k,3,1,2,infeasible,,,1,16,16
E10416,011r;020r;120k,4,0,0,infeasible,,,2,15,15
E10417,011r;020r;120k,4,0,1,infeasible,,,2,15,15
E10418,011r;020r;120k,4,1,0,infeasible,,,1,15,15
E10419,011r;020r;120k,4,1,1,infeasible,,,1,15,15
E10420,011r;020r;120k,5,0,0,optimal,1,0,2,16,16
E10421,011r;020r;120k,5,0,1,infeasible,,,2,16,16
E10422,011r;020r;120k,5,0,2,infeasible,,,2,16,16
E10423,011r;020r;120k,5,1,0,infeasible,,,1,16,16
E10424,011r;020r;120k,5,1,1,infeasible,,,1,16,16
E10425,011r;020r;120k,5,1,2,infeasible,,,1,16,16
E10426,011r;020r;120k,6,0,0,infeasible,,,2,16,16
E10427,011r;020r;120k,6,0,1,infeasible,,,2,16,16
E10428,011r;020r;120k,6,0,2,infeasible,,,2,16,16
E10429,011r;020r;120k,6,1,0,infeasible,,,1,16,16
E10430,011r;020r;120k,6,1,1,infeasible,,,1,16,16
E10431,011r;020r;120k,6,1,2,infeasible,,,1,16,16
E10432,011r;020r;120k,7,0,0,optimal,1,0,2,17,17
E10433,011r;020r;120k,7,0,1,infeasible,,,2,17,17
E10434,011r;020r;120k,7,0,2,infeasible,,,2,17,17
E10435,011r;020r;120k,7,0,3,infeasible,,,2,17,17
E10436,011r;020r;120k,7,1,0,infeasible,,,1,17,17
E10437,011r;020r;120k,7,1,1,infeasible,,,1,17,17
E10438,011r;020r;120k,7,1,2,infeasible,,,1,17,17
E10439,011r;020r;120k,7,1,3,infeasible,,,1,17,17
E10440,011r;020r;120r,0,0,0,infeasible,,,2,14,14
E10441,011r;020r;120r,0,1,0,infeasible,,,1,14,14
E10442,011r;020r;120r,1,0,0,optimal,1,0,2,15,15
E10443,011r;020r;120r,1,0,1,infeasible,,,2,15,15
E10444,011r;020r;120r,1,1,0,infeasible,,,1,15,15
E10445,011r;020r;120r,1,1,1,infeasible,,,1,15,15
E10446,011r;020r;120r,2,0,0,infeasible,,,2,15,15
E10447,011r;020r;120r,2,0,1,infeasible,,,2,15,15
E10448,011r;020r;120r,2,1,0,infeasible,,,1,15,15
E10449,011r;020r;120r,2,1,1,infeasible,,,1,15,15
E10450,011r;020r;120r,3,0,0,optimal,1,0,2,16,16
E10451,011r;020r;120r,3,0,1,infeasible,,,2,16,16
E10452,011r;020r;120r,3,0,2,infeasible,,,2,16,16
E10453,011r;020r;120r,3,1,0,infeasible,,,1,16,16
E10454,011r;020r;120r,3,1,1,infeasible,,,1,16,16
E10455,011r;020r;120r,3,1,2,infeasible,,,1,16,16
E10456,011r;020r;120r,4,0,0,infeasible,,,2,15,15
E10457,011r;020r;120r,4,0,1,infeasible,,,2,15,15
E10458,011r;020r;120r,4,1,0,infeasible,,,1,15,15
E10459,011r;020r;120r,4,1,1,infeasible,,,1,15,15
E10460,011r;020r;120r,5,0,0,optimal,1,0,2,16,16
E10461,011r;020r;120r,5,0,1,infeasible,,,2,16,16
E10462,011r;020r;120r,5,0,2,infeasible,,,2,16,16
E10463,011r;020r;120r,5,1,0,infeasible,,,1,16,16
E10464,011r;020r;120r,5,1,1,infeasible,,,1,16,16
E10465,011r;020r;120r,5,1,2,infeasible,,,1,16,16
E10466,011r;020r;120r,6,0,0,infeasible,,,2,16,16
E10467,011r;020r;120r,6,0,1,infeasible,,,2,16,16
E10468,011r;020r;120r,6,0,2,infeasible,,,2,16,16
E10469,011r;020r;120r,6,1,0,infeasible,,,1,16,16
E10470,011r;020r;120r,6,1,1,infeasible,,,1,16,16
E10471,011r;020r;120r,6,1,2,infeasible,,,1,16,16
E10472,011r;020r;120r,7,0,0,optimal,1,0,2,17,17
E10473,011r;020r;120r,7,0,1,infeasible,,,2,17,17
E10474,011r;020r;120r,7,0,2,infeasible,,,2,17,17
E10475,011r;020r;120r,7,0,3,infeasible,,,2,17,17
E10476,011r;020r;120r,7,1,0,infeasible,,,1,17,17
E10477,011r;020r;120r,7,1,1,infeasible,,,1,17,17
E10478,011r;020r;120r,7,1,2,infeasible,,,1,17,17
E10479,011r;020r;120r,7,1,3,infeasible,,,1,17,17
E10480,011r;020r;120e,0,0,0,infeasible,,,2,14,15
E10481,011r;020r;120e,0,1,0,infeasible,,,1,14,15
E10482,011r;020r;120e,1,0,0,optimal,1,0,2,15,16
E10483,011r;020r;120e,1,0,1,infeasible,,,2,15,16
E10484,011r;020r;120e,1,1,0,infeasible,,,1,15,16
E10485,011r;020r;120e,1,1,1,infeasible,,,1,15,16
E10486,011r;020r;120e,2,0,0,infeasible,,,2,15,16
E10487,011r;020r;120e,2,0,1,infeasible,,,2,15,16
E10488,011r;020r;120e,2,1,0,infeasible,,,1,15,16
E10489,011r;020r;120e,2,1,1,infeasible,,,1,15,16
E10490,011r;020r;120e,3,0,0,optimal,1,0,2,16,17
E10491,011r;020r;120e,3,0,1,infeasible,,,2,16,17
E10492,011r;020r;120e,3,0,2,infeasible,,,2,16,17
E10493,011r;020r;120e,3,1,0,infeasible,,,1,16,17
E10494,011r;020r;120e,3,1,1,infeasible,,,1,16,17
E10495,011r;020r;120e,3,1,2,infeasible,,,1,16,17
E10496,011r;020r;120e,4,0,0,infeasible,,,2,15,16
E10497,011r;020r;120e,4,0,1,infeasible,,,2,15,16
E10498,011r;020r;120e,4,1,0,infeasible,,,1,15,16
E10499,011r;020r;120e,4,1,1,infeasible,,,1,15,16
E10500,011r;020r;120e,5,0,0,optimal,1,0,2,16,17
E10501,011r;020r;120e,5,0,1,infeasible,,,2,16,17
E10502,011r;020r;120e,5,0,2,infeasible,,,2,16,17
E10503,011r;020r;120e,5,1,0,infeasible,,,1,16,17
E10504,011r;020r;120e,5,1,1,infeasible,,,1,16,17
E10505,011r;020r;120e,5,1,2,infeasible,,,1,16,17
E10506,011r;020r;120e,6,0,0,infeasible,,,2,16,17
E10507,011r;020r;120e,6,0,1,infeasible,,,2,16,17
E10508,011r;020r;120e,6,0,2,infeasible,,,2,16,17
E10509,011r;020r;120e,6,1,0,infeasible,,,1,16,17
E10510,011r;020r;120e,6,1,1,infeasible,,,1,16,17
E10511,011r;020r;120e,6,1,2,infeasible,,,1,16,17
E10512,011r;020r;120e,7,0,0,optimal,1,0,2,17,18
E10513,011r;020r;120e,7,0,1,infeasible,,,2,17,18
E10514,011r;020r;120e,7,0,2,infeasible,,,2,17,18
E10515,011r;020r;120e,7,0,3,infeasible,,,2,17,18
E10516,011r;020r;120e,7,1,0,infeasible,,,1,17,18
E10517,011r;020r;120e,7,1,1,infeasible,,,1,17,18
E10518,011r;020r;120e,7,1,2,infeasible,,,1,17,18
E10519,011r;020r;120e,7,1,3,infeasible,,,1,17,18
E10520,011r;020r;121k,0,0,0,infeasible,,,1,14,13
E10521,011r;020r;121k,0,1,0,infeasible,,,1,14,13
E10522,011r;020r;121k,1,0,0,optimal,1,0,1,15,14
E10523,011r;020r;121k,1,0,1,infeasible,,,1,15,14
E10524,011r;020r;121k,1,1,0,infeasible,,,1,15,14
E10525,011r;020r;121k,1,1,1,infeasible,,,1,15,14
E10526,011r;020r;121k,2,0,0,infeasible,,,1,15,14
E10527,011r;020r;121k,2,0,1,infeasible,,,1,15,14
E10528,011r;020r;121k,2,1,0,infeasible,,,1,15,14
E10529,011r;020r;121k,2,1,1,infeasible,,,1,15,14
E10530,011r;020r;121k,3,0,0,optimal,1,0,1,16,15
E10531,011r;020r;121k,3,0,1,infeasible,,,1,16,15
E10532,011r;020r;121k,3,0,2,infeasible,,,1,16,15
E10533,011r;020r;121k,3,1,0,infeasible,,,1,16,15
E10534,011r;020r;121k,3,1,1,infeasible,,,1,16,15
E10535,011r;020r;121k,3,1,2,infeasible,,,1,16,15
E10536,011r;020r;121k,4,0,0,infeasible,,,1,15,14
E10537,011r;020r;121k,4,0,1,infeasible,,,1,15,14
E10538,011r;020r;121k,4,1,0,infeasible,,,1,15,14
E10539,011r;020r;121k,4,1,1,infeasible,,,1,15,14
E10540,011r;020r;121k,5,0,0,optimal,1,0,1,16,15
E10541,011r;020r;121k,5,0,1,infeasible,,,1,16,15
E10542,011r;020r;121k,5,0,2,infeasible,,,1,16,15
E10543,011r;020r;121k,5,1,0,infeasible,,,1,16,15
E10544,011r;020r;121k,5,1,1,infeasible,,,1,16,15
E10545,011r;020r;121k,5,1,2,infeasible,,,1,16,15
E10546,011r;020r;121k,6,0,0,infeasible,,,1,16,15
E10547,011r;020r;121k,6,0,1,infeasible,,,1,16,15
E10548,011r;020r;121k,6,0,2,infeasible,,,1,16,15
E10549,011r;020r;121k,6,1,0,infeasible,,,1,16,15
E10550,011r;020r;121k,6,1,1,infeasible,,,1,16,15
E10551,011r;020r;121k,6,1,2,infeasible,,,1,16,15
E10552,011r;020r;121k,7,0,0,optimal,1,0,1,17,16
E10553,011r;020r;121k,7,0,1,infeasible,,,1,17,16
E10554,011r;020r;121k,7,0,2,infeasible,,,1,17,16
E10555,011r;020r;121k,7,0,3,infeasible,,,1,17,16
E10556,011r;020r;121k,7,1,0,infeasible,,,1,17,16
E10557,011r;020r;121k,7,1,1,infeasible,,,1,17,16
E10558,011r;020r;121k,7,1,2,infeasible,,,1,17,16
E10559,011r;020r;121k,7,1,3,infeasible,,,1,17,16
E10560,011r;020r;121r,0,0,0,infeasible,,,1,14,13
E10561,011r;020r;121r,0,1,0,infeasible,,,1,14,13
E10562,011r;020r;121r,1,0,0,optimal,1,0,1,15,14
E10563,011r;020r;121r,1,0,1,infeasible,,,1,15,14
E10564,011r;020r;121r,1,1,0,infeasible,,,1,15,14
E10565,011r;020r;121r,1,1,1,infeasible,,,1,15,14
E10566,011r;020r;121r,2,0,0,infeasible,,,1,15,14
E10567,011r;020r;121r,2,0,1,infeasible,,,1,15,14
E10568,011r;020r;121r,2,1,0,infeasible,,,1,15,14
E10569,011r;020r;121r,2,1,1,infeasible,,,1,15,14
E10570,011r;020r;121r,3,0,0,optimal,1,0,1,16,15
E10571,011r;020r;121r,3,0,1,infeasible,,,1,16,15
E10572,011r;020r;121r,3,0,2,infeasible,,,1,16,15
E10573,011r;020r;121r,3,1,0,infeasible,,,1,16,15
E10574,011r;020r;121r,3,1,1,infeasible,,,1,16,15
E10575,011r;020r;121r,3,1,2,infeasible,,,1,16,15
E10576,011r;020r;121r,4,0,0,infeasible,,,1,15,14
E10577,011r;020r;121r,4,0,1,infeasible,,,1,15,14
E10578,011r;020r;121r,4,1,0,infeasible,,,1,15,14
E10579,011r;020r;121r,4,1,1,infeasible,,,1,15,14
E10580,011r;020r;121r,5,0,0,optimal,1,0,1,16,15
E10581,011r;020r;121r,5,0,1,infeasible,,,1,16,15
E10582,011r;020r;121r,5,0,2,infeasible,,,1,16,15
E10583,011r;020r;121r,5,1,0,infeasible,,,1,16,15
E10584,011r;020r;121r,5,1,1,infeasible,,,1,16,15
E10585,011r;020r;121r,5,1,2,infeasible,,,1,16,15
E10586,011r;020r;121r,6,0,0,infeasible,,,1,16,15
E10587,011r;020r;121r,6,0,1,infeasible,,,1,16,15
E10588,011r;020r;121r,6,0,2,infeasible,,,1,16,15
E10589,011r;020r;121r,6,1,0,infeasible,,,1,16,15
E10590,011r;020r;121r,6,1,1,infeasible,,,1,16,15
E10591,011r;020r;121r,6,1,2,infeasible,,,1,16,15
E10592,011r;020r;121r,7,0,0,optimal,1,0,1,17,16
E10593,011r;020r;121r,7,0,1,infeasible,,,1,17,16
E10594,011r;020r;121r,7,0,2,infeasible,,,1,17,16
E10595,011r;020r;121r,7,0,3,infeasible,,,1,17,16
E10596,011r;020r;121r,7,1,0,infeasible,,,1,17,16
E10597,011r;020r;121r,7,1,1,infeasible,,,1,17,16
E10598,011r;020r;121r,7,1,2,infeasible,,,1,17,16
E10599,011r;020r;121r,7,1,3,infeasible,,,1,17,16
E10600,011r;020r;121e,0,0,0,infeasible,,,1,14,14
E10601,011r;020r;121e,0,1,0,infeasible,,,1,14,14
E10602,011r;020r;121e,1,0,0,optimal,1,0,1,15,15
E10603,011r;020r;121e,1,0,1,infeasible,,,1,15,15
E10604,011r;020r;121e,1,1,0,infeasible,,,1,15,15
E10605,011r;020r;121e,1,1,1,infeasible,,,1,15,15
E10606,011r;020r;121e,2,0,0,infeasible,,,1,15,15
E10607,011r;020r;121e,2,0,1,infeasible,,,1,15,15
E10608,011r;020r;121e,2,1,0,infeasible,,,1,15,15
E10609,011r;020r;121e,2,1,1,infeasible,,,1,15,15
E10610,011r;020r;121e,3,0,0,optimal,1,0,1,16,16
E10611,011r;020r;121e,3,0,1,infeasible,,,1,16,16
E10612,011r;020r;121e,3,0,2,infeasible,,,1,16,16
E10613,011r;020r;121e,3,1,0,infeasible,,,1,16,16
E10614,011r;020r;121e,3,1,1,infeasible,,,1,16,16
E10615,011r;020r;121e,3,1,2,infeasible,,,1,16,16
E10616,011r;020r;121e,4,0,0,infeasible,,,1,15,15
E10617,011r;020r;121e,4,0,1,infeasible,,,1,15,15
E10618,011r;020r;121e,4,1,0,infeasible,,,1,15,15
E10619,011r;020r;121e,4,1,1,infeasible,,,1,15,15
E10620,011r;020r;121e,5,0,0,optimal,1,0,1,16,16
E10621,011r;020r;121e,5,0,1,infeasible,,,1,16,16
E10622,011r;020r;121e,5,0,2,infeasible,,,1,16,16
E10623,011r;020r;121e,5,1,0,infeasible,,,1,16,16
E10624,011r;020r;121e,5,1,1,infeasible,,,1,16,16
E10625,011r;020r;121e,5,1,2,infeasible,,,1,16,16
E10626,011r;020r;121e,6,0,0,infeasible,,,1,16,16
E10627,011r;020r;121e,6,0,1,infeasible,,,1,16,16
E10628,011r;020r;121e,6,0,2,infeasible,,,1,16,16
E10629,011r;020r;121e,6,1,0,infeasible,,,1,16,16
E10630,011r;020r;121e,6,1,1,infeasible,,,1,16,16
E10631,011r;020r;121e,6,1,2,infeasible,,,1,16,16
E10632,011r;020r;121e,7,0,0,optimal,1,0,1,17,17
E10633,011r;020r;121e,7,0,1,infeasible,,,1,17,17
E10634,011r;020r;121e,7,0,2,infeasible,,,1,17,17
E10635,011r;020r;121e,7,0,3,infeasible,,,1,17,17
E10636,011r;020r;121e,7,1,0,infeasible,,,1,17,17
E10637,011r;020r;121e,7,1,1,infeasible,,,1,17,17
E10638,011r;020r;121e,7,1,2,infeasible,,,1,17,17
E10639,011r;020r;121e,7,1,3,infeasible,,,1,17,17
E10640,011r;020e,0,0,0,infeasible,,,2,14,13
E10641,011r;020e,0,1,0,infeasible,,,1,14,13
E10642,011r;020e,1,0,0,optimal,1,0,2,15,14
E10643,011r;020e,1,0,1,infeasible,,,2,15,14
E10644,011r;020e,1,1,0,infeasible,,,1,15,14
E10645,011r;020e,1,1,1,infeasible,,,1,15,14
E10646,011r;020e,2,0,0,infeasible,,,2,15,14
E10647,011r;020e,2,0,1,infeasible,,,2,15,14
E10648,011r;020e,2,1,0,infeasible,,,1,15,14
E10649,011r;020e,2,1,1,infeasible,,,1,15,14
E10650,011r;020e,3,0,0,optimal,1,0,2,16,15
E10651,011r;020e,3,0,1,infeasible,,,2,16,15
E10652,011r;020e,3,0,2,infeasible,,,2,16,15
E10653,011r;020e,3,1,0,infeasible,,,1,16,15
E10654,011r;020e,3,1,1,infeasible,,,1,16,15
E10655,011r;020e,3,1,2,infeasible,,,1,16,15
E10656,011r;020e,4,0,0,infeasible,,,2,15,14
E10657,011r;020e,4,0,1,infeasible,,,2,15,14
E10658,011r;020e,4,1,0,infeasible,,,1,15,14
E10659,011r;020e,4,1,1,infeasible,,,1,15,14
E10660,011r;020e,5,0,0,optimal,1,0,2,16,15
E10661,011r;020e,5,0,1,infeasible,,,2,16,15
E10662,011r;020e,5,0,2,infeasible,,,2,16,15
E10663,011r;020e,5,1,0,infeasible,,,1,16,15
E10664,011r;020e,5,1,1,infeasible,,,1,16,15
E10665,011r;020e,5,1,2,infeasible,,,1,16,15
E10666,011r;020e,6,0,0,infeasible,,,2,16,15
E10667,011r;020e,6,0,1,infeasible,,,2,16,15
E10668,011r;020e,6,0,2,infeasible,,,2,16,15
E10669,011r;020e,6,1,0,infeasible,,,1,16,15
E10670,011r;020e,6,1,1,infeasible,,,1,16,15
E10671,011r;020e,6,1,2,infeasible,,,1,16,15
E10672,011r;020e,7,0,0,optimal,1,0,2,17,16
E10673,011r;020e,7,0,1,infeasible,,,2,17,16
E10674,011r;020e,7,0,2,infeasible,,,2,17,16
E10675,011r;020e,7,0,3,infeasible,,,2,17,16
E10676,011r;020e,7,1,0,infeasible,,,1,17,16
E10677,011r;020e,7,1,1,infeasible,,,1,17,16
E10678,011r;020e,7,1,2,infeasible,,,1,17,16
E10679,011r;020e,7,1,3,infeasible,,,1,17,16
E10680,011r;020e;120k,0,0,0,infeasible,,,3,14,15
E10681,011r;020e;120k,0,1,0,infeasible,,,1,14,15
E10682,011r;020e;120k,1,0,0,optimal,1,0,3,15,16
E10683,011r;020e;120k,1,0,1,infeasible,,,3,15,16
E10684,011r;020e;120k,1,1,0,infeasible,,,1,15,16
E10685,011r;020e;120k,1,1,1,infeasible,,,1,15,16
E10686,011r;020e;120k,2,0,0,infeasible,,,3,15,16
E10687,011r;020e;120k,2,0,1,infeasible,,,3,15,16
E10688,011r;020e;120k,2,1,0,infeasible,,,1,15,16
E10689,011r;020e;120k,2,1,1,infeasible,,,1,15,16
E10690,011r;020e;120k,3,0,0,optimal,1,0,3,16,17
E10691,011r;020e;120k,3,0,1,infeasible,,,3,16,17
E10692,011r;020e;120k,3,0,2,infeasible,,,3,16,17
E10693,011r;020e;120k,3,1,0,infeasible,,,1,16,17
E10694,011r;020e;120k,3,1,1,infeasible,,,1,16,17
E10695,011r;020e;120k,3,1,2,infeasible,,,1,16,17
E10696,011r;020e;120k,4,0,0,infeasible,,,3,15,16
E10697,011r;020e;120k,4,0,1,infeasible,,,3,15,16
E10698,011r;020e;120k,4,1,0,infeasible,,,1,15,16
E10699,011r;020e;120k,4,1,1,infeasible,,,1,15,16
E10700,011r;020e;120k,5,0,0,optimal,1,0,3,16,17
E10701,011r;020e;120k,5,0,1,infeasible,,,3,16,17
E10702,011r;020e;120k,5,0,2,infeasible,,,3,16,17
E10703,011r;020e;120k,5,1,0,infeasible,,,1,16,17
E10704,011r;020e;120k,5,1,1,infeasible,,,1,16,17
E10705,011r;020e;120k,5,1,2,infeasible,,,1,16,17
E10706,011r;020e;120k,6,0,0,infeasible,,,3,16,17
E10707,011r;020e;120k,6,0,1,infeasible,,,3,16,17
E10708,011r;020e;120k,6,0,2,infeasible,,,3,16,17
E10709,011r;020e;120k,6,1,0,infeasible,,,1,16,17
E10710,011r;020e;120k,6,1,1,infeasible,,,1,16,17
E10711,011r;020e;120k,6,1,2,infeasible,,,1,16,17
E10712,011r;020e;120k,7,0,0,optimal,1,0,3,17,18
E10713,011r;020e;120k,7,0,1,infeasible,,,3,17,18
E10714,011r;020e;120k,7,0,2,infeasible,,,3,17,18
E10715,011r;020e;120k,7,0,3,infeasible,,,3,17,18
E10716,011r;020e;120k,7,1,0,infeasible,,,1,17,18
E10717,011r;020e;120k,7,1,1,infeasible,,,1,17,18
E10718,011r;020e;120k,7,1,2,infeasible,,,1,17,18
E10719,011r;020e;120k,7,1,3,infeasible,,,1,17,18
E10720,011r;020e;120r,0,0,0,infeasible,,,3,14,15
E10721,011r;020e;120r,0,1,0,infeasible,,,1,14,15
E10722,011r;020e;120r,1,0,0,optimal,1,0,3,15,16
E10723,011r;020e;120r,1,0,1,infeasible,,,3,15,16
E10724,011r;020e;120r,1,1,0,infeasible,,,1,15,16
E10725,011r;020e;120r,1,1,1,infeasible,,,1,15,16
E10726,011r;020e;120r,2,0,0,infeasible,,,3,15,16
E10727,011r;020e;120r,2,0,1,infeasible,,,3,15,16
E10728,011r;020e;120r,2,1,0,infeasible,,,1,15,16
E10729,011r;020e;120r,2,1,1,infeasible,,,1,15,16
E10730,011r;020e;120r,3,0,0,optimal,1,0,3,16,17
E10731,011r;020e;120r,3,0,1,infeasible,,,3,16,17
E10732,011r;020e;120r,3,0,2,infeasible,,,3,16,17
E10733,011r;020e;120r,3,1,0,infeasible,,,1,16,17
E10734,011r;020e;120r,3,1,1,infeasible,,,1,16,17
E10735,011r;020e;120r,3,1,2,infeasible,,,1,16,17
E10736,011r;020e;120r,4,0,0,infeasible,,,3,15,16
E10737,011r;020e;120r,4,0,1,infeasible,,,3,15,16
E10738,011r;020e;120r,4,1,0,infeasible,,,1,15,16
E10739,011r;020e;120r,4,1,1,infeasible,,,1,15,16
E10740,011r;020e;120r,5,0,0,optimal,1,0,3,16,17
E10741,011r;020e;120r,5,0,1,infeasible,,,3,16,17
E10742,011r;020e;120r,5,0,2,infeasible,,,3,16,17
E10743,011r;020e;120r,5,1,0,infeasible,,,1,16,17
E10744,011r;020e;120r,5,1,1,infeasible,,,1,16,17
E10745,011r;020e;120r,5,1,2,infeasible,,,1,16,17
E10746,011r;020e;120r,6,0,0,infeasible,,,3,16,17
E10747,011r;020e;120r,6,0,1,infeasible,,,3,16,17
E10748,011r;020e;120r,6,0,2,infeasible,,,3,16,17
E10749,011r;020e;120r,6,1,0,infeasible,,,1,16,17
E10750,011r;020e;120r,6,1,1,infeasible,,,1,16,17
E10751,011r;020e;120r,6,1,2,infeasible,,,1,16,17
E10752,011r;020e;120r,7,0,0,optimal,1,0,3,17,18
E10753,011r;020e;120r,7,0,1,infeasible,,,3,17,18
E10754,011r;020e;120r,7,0,2,infeasible,,,3,17,18
E10755,011r;020e;120r,7,0,3,infeasible,,,3,17,18
E10756,011r;020e;120r,7,1,0,infeasible,,,1,17,18
E10757,011r;020e;120r,7,1,1,infeasible,,,1,17,18
E10758,011r;020e;120r,7,1,2,infeasible,,,1,17,18
E10759,011r;020e;120r,7,1,3,infeasible,,,1,17,18
E10760,011r;020e;120e,0,0,0,infeasible,,,3,14,16
E10761,011r;020e;120e,0,1,0,infeasible,,,1,14,16
E10762,011r;020e;120e,1,0,0,optimal,1,0,3,15,17
E10763,011r;020e;120e,1,0,1,infeasible,,,3,15,17
E10764,011r;020e;120e,1,1,0,infeasible,,,1,15,17
E10765,011r;020e;120e,1,1,1,infeasible,,,1,15,17
E10766,011r;020e;120e,2,0,0,infeasible,,,3,15,17
E10767,011r;020e;120e,2,0,1,infeasible,,,3,15,17
E10768,011r;020e;120e,2,1,0,infeasible,,,1,15,17
E10769,011r;020e;120e,2,1,1,infeasible,,,1,15,17
E10770,011r;020e;120e,3,0,0,optimal,1,0,3,16,18
E10771,011r;020e;120e,3,0,1,infeasible,,,3,16,18
E10772,011r;020e;120e,3,0,2,infeasible,,,3,16,18
E10773,011r;020e;120e,3,1,0,infeasible,,,1,16,18
E10774,011r;020e;120e,3,1,1,infeasible,,,1,16,18
E10775,011r;020e;120e,3,1,2,infeasible,,,1,16,18
E10776,011r;020e;120e,4,0,0,infeasible,,,3,15,17
E10777,011r;020e;120e,4,0,1,infeasible,,,3,15,17
E10778,011r;020e;120e,4,1,0,infeasible,,,1,15,17
E10779,011r;020e;120e,4,1,1,infeasible,,,1,15,17
E10780,011r;020e;120e,5,0,0,optimal,1,0,3,16,18
E10781,011r;020e;120e,5,0,1,infeasible,,,3,16,18
E10782,011r;020e;120e,5,0,2,infeasible,,,3,16,18
E10783,011r;020e;120e,5,1,0,infeasible,,,1,16,18
E10784,011r;020e;120e,5,1,1,infeasible,,,1,16,18
E10785,011r;020e;120e,5,1,2,infeasible,,,1,16,18
E10786,011r;020e;120e,6,0,0,infeasible,,,3,16,18
E10787,011r;020e;120e,6,0,1,infeasible,,,3,16,18
E10788,011r;020e;120e,6,0,2,infeasible,,,3,16,18
E10789,011r;020e;120e,6,1,0,infeasible,,,1,16,18
E10790,011r;020e;120e,6,1,1,infeasible,,,1,16,18
E10791,011r;020e;120e,6,1,2,infeasible,,,1,16,18
E10792,011r;020e;120e,7,0,0,optimal,1,0,3,17,19
E10793,011r;020e;120e,7,0,1,infeasible,,,3,17,19
E10794,011r;020e;120e,7,0,2,infeasible,,,3,17,19
E10795,011r;020e;120e,7,0,3,infeasible,,,3,17,19
E10796,011r;020e;120e,7,1,0,infeasible,,,1,17,19
E10797,011r;020e;120e,7,1,1,infeasible,,,1,17,19
E10798,011r;020e;120e,7,1,2,infeasible,,,1,17,19
E10799,011r;020e;120e,7,1,3,infeasible,,,1,17,19
E10800,011r;020e;121k,0,0,0,infeasible,,,2,14,14
E10801,011r;020e;121k,0,1,0,infeasible,,,1,14,14
E10802,011r;020e;121k,1,0,0,optimal,1,0,2,15,15
E10803,011r;020e;121k,1,0,1,infeasible,,,2,15,15
E10804,011r;020e;121k,1,1,0,infeasible,,,1,15,15
E10805,011r;020e;121k,1,1,1,infeasible,,,1,15,15
E10806,011r;020e;121k,2,0,0,infeasible,,,2,15,15
E10807,011r;020e;121k,2,0,1,infeasible,,,2,15,15
E10808,011r;020e;121k,2,1,0,infeasible,,,1,15,15
E10809,011r;020e;121k,2,1,1,infeasible,,,1,15,15
E10810,011r;020e;121k,3,0,0,optimal,1,0,2,16,16
E10811,011r;020e;121k,3,0,1,infeasible,,,2,16,16
E10812,011r;020e;121k,3,0,2,infeasible,,,2,16,16
E10813,011r;020e;121k,3,1,0,infeasible,,,1,16,16
E10814,011r;020e;121k,3,1,1,infeasible,,,1,16,16
E10815,011r;020e;121k,3,1,2,infeasible,,,1,16,16
E10816,011r;020e;121k,4,0,0,infeasible,,,2,15,15
E10817,011r;020e;121k,4,0,1,infeasible,,,2,15,15
E10818,011r;020e;121k,4,1,0,infeasible,,,1,15,15
E10819,011r;020e;121k,4,1,1,infeasible,,,1,15,15
E10820,011r;020e;121k,5,0,0,optimal,1,0,2,16,16
E10821,011r;020e;121k,5,0,1,infeasible,,,2,16,16
E10822,011r;020e;121k,5,0,2,infeasible,,,2,16,16
E10823,011r;020e;121k,5,1,0,infeasible,,,1,16,16
E10824,011r;020e;121k,5,1,1,infeasible,,,1,16,16
E10825,011r;020e;121k,5,1,2,infeasible,,,1,16,16
E10826,011r;020e;121k,6,0,0,infeasible,,,2,16,16
E10827,011r;020e;121k,6,0,1,infeasible,,,2,16,16
E10828,011r;020e;121k,6,0,2,infeasible,,,2,16,16
E10829,011r;020e;121k,6,1,0,infeasible,,,1,16,16
E10830,011r;020e;121k,6,1,1,infeasible,,,1,16,16
E10831,011r;020e;121k,6,1,2,infeasible,,,1,16,16
E10832,011r;020e;121k,7,0,0,optimal,1,0,2,17,17
E10833,011r;020e;121k,7,0,1,infeasible,,,2,17,17
E10834,011r;020e;121k,7,0,2,infeasible,,,2,17,17
E10835,011r;020e;121k,7,0,3,infeasible,,,2,17,17
E10836,011r;020e;121k,7,1,0,infeasible,,,1,17,17
E10837,011r;020e;121k,7,1,1,infeasible,,,1,17,17
E10838,011r;020e;121k,7,1,2,infeasible,,,1,17,17
E10839,011r;020e;121k,7,1,3,infeasible,,,1,17,17
E10840,011r;020e;121r,0,0,0,infeasible,,,2,14,14
E10841,011r;020e;121r,0,1,0,infeasible,,,1,14,14
E10842,011r;020e;121r,1,0,0,optimal,1,0,2,15,15
E10843,011r;020e;121r,1,0,1,infeasible,,,2,15,15
E10844,011r;020e;121r,1,1,0,infeasible,,,1,15,15
E10845,011r;020e;121r,1,1,1,infeasible,,,1,15,15
E10846,011r;020e;121r,2,0,0,infeasible,,,2,15,15
E10847,011r;020e;121r,2,0,1,infeasible,,,2,15,15
E10848,011r;020e;121r,2,1,0,infeasible,,,1,15,15
E10849,011r;020e;121r,2,1,1,infeasible,,,1,15,15
E10850,011r;020e;121r,3,0,0,optimal,1,0,2,16,16
E10851,011r;020e;121r,3,0,1,infeasible,,,2,16,16
E10852,011r;020e;121r,3,0,2,infeasible,,,2,16,16
E10853,011r;020e;121r,3,1,0,infeasible,,,1,16,16
E10854,011r;020e;121r,3,1,1,infeasible,,,1,16,16
E10855,011r;020e;121r,3,1,2,infeasible,,,1,16,16
E10856,011r;020e;121r,4,0,0,infeasible,,,2,15,15
E10857,011r;020e;121r,4,0,1,infeasible,,,2,15,15
E10858,011r;020e;121r,4,1,0,infeasible,,,1,15,15
E10859,011r;020e;121r,4,1,1,infeasible,,,1,15,15
E10860,011r;020e;121r,5,0,0,optimal,1,0,2,16,16
E10861,011r;020e;121r,5,0,1,infeasible,,,2,16,16
E10862,011r;020e;121r,5,0,2,infeasible,,,2,16,16
E10863,011r;020e;121r,5,1,0,infeasible,,,1,16,16
E10864,011r;020e;121r,5,1,1,infeasible,,,1,16,16
E10865,011r;020e;121r,5,1,2,infeasible,,,1,16,16
E10866,011r;020e;121r,6,0,0,infeasible,,,2,16,16
E10867,011r;020e;121r,6,0,1,infeasible,,,2,16,16
E10868,011r;020e;121r,6,0,2,infeasible,,,2,16,16
E10869,011r;020e;121r,6,1,0,infeasible,,,1,16,16
E10870,011r;020e;121r,6,1,1,infeasible,,,1,16,16
E10871,011r;020e;121r,6,1,2,infeasible,,,1,16,16
E10872,011r;020e;121r,7,0,0,optimal,1,0,2,17,17
E10873,011r;020e;121r,7,0,1,infeasible,,,2,17,17
E10874,011r;020e;121r,7,0,2,infeasible,,,2,17,17
E10875,011r;020e;121r,7,0,3,infeasible,,,2,17,17
E10876,011r;020e;121r,7,1,0,infeasible,,,1,17,17
E10877,011r;020e;121r,7,1,1,infeasible,,,1,17,17
E10878,011r;020e;121r,7,1,2,infeasible,,,1,17,17
E10879,011r;020e;121r,7,1,3,infeasible,,,1,17,17
E10880,011r;020e;121e,0,0,0,infeasible,,,2,14,15
E10881,011r;020e;121e,0,1,0,infeasible,,,1,14,15
E10882,011r;020e;121e,1,0,0,optimal,1,0,2,15,16
E10883,011r;020e;121e,1,0,1,infeasible,,,2,15,16
E10884,011r;020e;121e,1,1,0,infeasible,,,1,15,16
E10885,011r;020e;121e,1,1,1,infeasible,,,1,15,16
E10886,011r;020e;121e,2,0,0,infeasible,,,2,15,16
E10887,011r;020e;121e,2,0,1,infeasible,,,2,15,16
E10888,011r;020e;121e,2,1,0,infeasible,,,1,15,16
E10889,011r;020e;121e,2,1,1,infeasible,,,1,15,16
E10890,011r;020e;121e,3,0,0,optimal,1,0,2,16,17
E10891,011r;020e;121e,3,0,1,infeasible,,,2,16,17
E10892,011r;020e;121e,3,0,2,infeasible,,,2,16,17
E10893,011r;020e;121e,3,1,0,infeasible,,,1,16,17
E10894,011r;020e;121e,3,1,1,infeasible,,,1,16,17
E10895,011r;020e;121e,3,1,2,infeasible,,,1,16,17
E10896,011r;020e;121e,4,0,0,infeasible,,,2,15,16
E10897,011r;020e;121e,4,0,1,infeasible,,,2,15,16
E10898,011r;020e;121e,4,1,0,infeasible,,,1,15,16
E10899,011r;020e;121e,4,1,1,infeasible,,,1,15,16
E10900,011r;020e;121e,5,0,0,optimal,1,0,2,16,17
E10901,011r;020e;121e,5,0,1,infeasible,,,2,16,17
E10902,011r;020e;121e,5,0,2,infeasible,,,2,16,17
E10903,011r;020e;121e,5,1,0,infeasible,,,1,16,17
E10904,011r;020e;121e,5,1,1,infeasible,,,1,16,17
E10905,011r;020e;121e,5,1,2,infeasible,,,1,16,17
E10906,011r;020e;121e,6,0,0,infeasible,,,2,16,17
E10907,011r;020e;121e,6,0,1,infeasible,,,2,16,17
E10908,011r;020e;121e,6,0,2,infeasible,,,2,16,17
E10909,011r;020e;121e,6,1,0,infeasible,,,1,16,17
E10910,011r;020e;121e,6,1,1,infeasible,,,1,16,17
E10911,011r;020e;121e,6,1,2,infeasible,,,1,16,17
E10912,011r;020e;121e,7,0,0,optimal,1,0,2,17,18
E10913,011r;020e;121e,7,0,1,infeasible,,,2,17,18
E10914,011r;020e;121e,7,0,2,infeasible,,,2,17,18
E10915,011r;020e;121e,7,0,3,infeasible,,,2,17,18
E10916,011r;020e;121e,7,1,0,infeasible,,,1,17,18
E10917,011r;020e;121e,7,1,1,infeasible,,,1,17,18
E10918,011r;020e;121e,7,1,2,infeasible,,,1,17,18
E10919,011r;020e;121e,7,1,3,infeasible,,,1,17,18
E10920,011r;021k,0,0,0,infeasible,,,1,14,11
E10921,011r;021k,0,1,0,vacuous,0,,0,14,11
E10922,011r;021k,1,0,0,optimal,1,0,1,15,12
E10923,011r;021k,1,0,1,infeasible,,,1,15,12
E10924,011r;021k,1,1,0,vacuous,0,,0,15,12
E10925,011r;021k,1,1,1,vacuous,0,,0,15,12
E10926,011r;021k,2,0,0,infeasible,,,1,15,12
E10927,011r;021k,2,0,1,infeasible,,,1,15,12
E10928,011r;021k,2,1,0,vacuous,0,,0,15,12
E10929,011r;021k,2,1,1,vacuous,0,,0,15,12
E10930,011r;021k,3,0,0,optimal,1,0,1,16,13
E10931,011r;021k,3,0,1,infeasible,,,1,16,13
E10932,011r;021k,3,0,2,infeasible,,,1,16,13
E10933,011r;021k,3,1,0,vacuous,0,,0,16,13
E10934,011r;021k,3,1,1,vacuous,0,,0,16,13
E10935,011r;021k,3,1,2,vacuous,0,,0,16,13
E10936,011r;021k,4,0,0,optimal,3,0,1,15,12
E10937,011r;021k,4,0,1,infeasible,,,1,15,12
E10938,011r;021k,4,1,0,vacuous,0,,0,15,12
E10939,011r;021k,4,1,1,vacuous,0,,0,15,12
E10940,011r;021k,5,0,0,optimal,1,0,1,16,13
E10941,011r;021k,5,0,1,optimal,4,0;1,1,16,13
E10942,011r;021k,5,0,2,infeasible,,,1,16,13
E10943,011r;021k,5,1,0,vacuous,0,,0,16,13
E10944,011r;021k,5,1,1,vacuous,0,,0,16,13
E10945,011r;021k,5,1,2,vacuous,0,,0,16,13
E10946,011r;021k,6,0,0,optimal,3,1,1,16,13
E10947,011r;021k,6,0,1,infeasible,,,1,16,13
E10948,011r;021k,6,0,2,infeasible,,,1,16,13
E10949,011r;021k,6,1,0,vacuous,0,,0,16,13
E10950,011r;021k,6,1,1,vacuous,0,,0,16,13
E10951,011r;021k,6,1,2,vacuous,0,,0,16,13
E10952,011r;021k,7,0,0,optimal,1,0,1,17,14
E10953,011r;021k,7,0,1,optimal,4,0;2,1,17,14
E10954,011r;021k,7,0,2,infeasible,,,1,17,14
E10955,011r;021k,7,0,3,infeasible,,,1,17,14
E10956,011r;021k,7,1,0,vacuous,0,,0,17,14
E10957,011r;021k,7,1,1,vacuous,0,,0,17,14
E10958,011r;021k,7,1,2,vacuous,0,,0,17,14
E10959,011r;021k,7,1,3,vacuous,0,,0,17,14
E10960,011r;021k;120k,0,0,0,infeasible,,,2,14,13
E10961,011r;021k;120k,0,1,0,vacuous,0,,0,14,13
E10962,011r;021k;120k,1,0,0,optimal,1,0,2,15,14
E10963,011r;021k;120k,1,0,1,infeasible,,,2,15,14
E10964,011r;021k;120k,1,1,0,vacuous,0,,0,15,14
E10965,011r;021k;120k,1,1,1,vacuous,0,,0,15,14
E10966,011r;021k;120k,2,0,0,infeasible,,,2,15,14
E10967,011r;021k;120k,2,0,1,infeasible,,,2,15,14
E10968,011r;021k;120k,2,1,0,vacuous,0,,0,15,14
E10969,011r;021k;120k,2,1,1,vacuous,0,,0,15,14
E10970,011r;021k;120k,3,0,0,optimal,1,0,2,16,15
E10971,011r;021k;120k,3,0,1,infeasible,,,2,16,15
E10972,011r;021k;120k,3,0,2,infeasible,,,2,16,15
E10973,011r;021k;120k,3,1,0,vacuous,0,,0,16,15
E10974,011r;021k;120k,3,1,1,vacuous,0,,0,16,15
E10975,011r;021k;120k,3,1,2,vacuous,0,,0,16,15
E10976,011r;021k;120k,4,0,0,infeasible,,,2,15,14
E10977,011r;021k;120k,4,0,1,infeasible,,,2,15,14
E10978,011r;021k;120k,4,1,0,vacuous,0,,0,15,14
E10979,011r;021k;120k,4,1,1,vacuous,0,,0,15,14
E10980,011r;021k;120k,5,0,0,optimal,1,0,2,16,15
E10981,011r;021k;120k,5,0,1,infeasible,,,2,16,15
E10982,011r;021k;120k,5,0,2,infeasible,,,2,16,15
E10983,011r;021k;120k,5,1,0,vacuous,0,,0,16,15
E10984,011r;021k;120k,5,1,1,vacuous,0,,0,16,15
E10985,011r;021k;120k,5,1,2,vacuous,0,,0,16,15
E10986,011r;021k;120k,6,0,0,infeasible,,,2,16,15
E10987,011r;021k;120k,6,0,1,infeasible,,,2,16,15
E10988,011r;021k;120k,6,0,2,infeasible,,,2,16,15
E10989,011r;021k;120k,6,1,0,vacuous,0,,0,16,15
E10990,011r;021k;120k,6,1,1,vacuous,0,,0,16,15
E10991,011r;021k;120k,6,1,2,vacuous,0,,0,16,15
E10992,011r;021k;120k,7,0,0,optimal,1,0,2,17,16
E10993,011r;021k;120k,7,0,1,infeasible,,,2,17,16
E10994,011r;021k;120k,7,0,2,infeasible,,,2,17,16
E10995,011r;021k;120k,7,0,3,infeasible,,,2,17,16
E10996,011r;021k;120k,7,1,0,vacuous,0,,0,17,16
E10997,011r;021k;120k,7,1,1,vacuous,0,,0,17,16
E10998,011r;021k;120k,7,1,2,vacuous,0,,0,17,16
E10999,011r;021k;120k,7,1,3,vacuous,0,,0,17,16
E11000,011r;021k;120r,0,0,0,infeasible,,,2,14,13
E11001,011r;021k;120r,0,1,0,vacuous,0,,0,14,13
E11002,011r;021k;120r,1,0,0,optimal,1,0,2,15,14
E11003,011r;021k;120r,1,0,1,infeasible,,,2,15,14
E11004,011r;021k;120r,1,1,0,vacuous,0,,0,15,14
E11005,011r;021k;120r,1,1,1,vacuous,0,,0,15,14
E11006,011r;021k;120r,2,0,0,infeasible,,,2,15,14
E11007,011r;021k;120r,2,0,1,infeasible,,,2,15,14
E11008,011r;021k;120r,2,1,0,vacuous,0,,0,15,14
E11009,011r;021k;120r,2,1,1,vacuous,0,,0,15,14
E11010,011r;021k;120r,3,0,0,optimal,1,0,2,16,15
E11011,011r;021k;120r,3,0,1,infeasible,,,2,16,15
E11012,011r;021k;120r,3,0,2,infeasible,,,2,16,15
E11013,011r;021k;120r,3,1,0,vacuous,0,,0,16,15
E11014,011r;021k;120r,3,1,1,vacuous,0,,0,16,15
E11015,011r;021k;120r,3,1,2,vacuous,0,,0,16,15
E11016,011r;021k;120r,4,0,0,infeasible,,,2,15,14
E11017,011r;021k;120r,4,0,1,infeasible,,,2,15,14
E11018,011r;021k;120r,4,1,0,vacuous,0,,0,15,14
E11019,011r;021k;120r,4,1,1,vacuous,0,,0,15,14
E11020,011r;021k;120r,5,0,0,optimal,1,0,2,16,15
E11021,011r;021k;120r,5,0,1,infeasible,,,2,16,15
E11022,011r;021k;120r,5,0,2,infeasible,,,2,16,15
E11023,011r;021k;120r,5,1,0,vacuous,0,,0,16,15
E11024,011r;021k;120r,5,1,1,vacuous,0,,0,16,15
E11025,011r;021k;120r,5,1,2,vacuous,0,,0,16,15
E11026,011r;021k;120r,6,0,0,infeasible,,,2,16,15
E11027,011r;021k;120r,6,0,1,infeasible,,,2,16,15
E11028,011r;021k;120r,6,0,2,infeasible,,,2,16,15
E11029,011r;021k;120r,6,1,0,vacuous,0,,0,16,15
E11030,011r;021k;120r,6,1,1,vacuous,0,,0,16,15
E11031,011r;021k;120r,6,1,2,vacuous,0,,0,16,15
E11032,011r;021k;120r,7,0,0,optimal,1,0,2,17,16
E11033,011r;021k;120r,7,0,1,infeasible,,,2,17,16
E11034,011r;021k;120r,7,0,2,infeasible,,,2,17,16
E11035,011r;021k;120r,7,0,3,infeasible,,,2,17,16
E11036,011r;021k;120r,7,1,0,vacuous,0,,0,17,16
E11037,011r;021k;120r,7,1,1,vacuous,0,,0,17,16
E11038,011r;021k;120r,7,1,2,vacuous,0,,0,17,16
E11039,011r;021k;120r,7,1,3,vacuous,0,,0,17,16
E11040,011r;021k;120e,0,0,0,infeasible,,,2,14,14
E11041,011r;021k;120e,0,1,0,vacuous,0,,0,14,14
E11042,011r;021k;120e,1,0,0,optimal,1,0,2,15,15
E11043,011r;021k;120e,1,0,1,infeasible,,,2,15,15
E11044,011r;021k;120e,1,1,0,vacuous,0,,0,15,15
E11045,011r;021k;120e,1,1,1,vacuous,0,,0,15,15
E11046,011r;021k;120e,2,0,0,infeasible,,,2,15,15
E11047,011r;021k;120e,2,0,1,infeasible,,,2,15,15
E11048,011r;021k;120e,2,1,0,vacuous,0,,0,15,15
E11049,011r;021k;120e,2,1,1,vacuous,0,,0,15,15
E11050,011r;021k;120e,3,0,0,optimal,1,0,2,16,16
E11051,011r;021k;120e,3,0,1,infeasible,,,2,16,16
E11052,011r;021k;120e,3,0,2,infeasible,,,2,16,16
E11053,011r;021k;120e,3,1,0,vacuous,0,,0,16,16
E11054,011r;021k;120e,3,1,1,vacuous,0,,0,16,16
E11055,011r;021k;120e,3,1,2,vacuous,0,,0,16,16
E11056,011r;021k;120e,4,0,0,infeasible,,,2,15,15
E11057,011r;021k;120e,4,0,1,infeasible,,,2,15,15
E11058,011r;021k;120e,4,1,0,vacuous,0,,0,15,15
E11059,011r;021k;120e,4,1,1,vacuous,0,,0,15,15
E11060,011r;021k;120e,5,0,0,optimal,1,0,2,16,16
E11061,011r;021k;120e,5,0,1,infeasible,,,2,16,16
E11062,011r;021k;120e,5,0,2,infeasible,,,2,16,16
E11063,011r;021k;120e,5,1,0,vacuous,0,,0,16,16
E11064,011r;021k;120e,5,1,1,vacuous,0,,0,16,16
E11065,011r;021k;120e,5,1,2,vacuous,0,,0,16,16
E11066,011r;021k;120e,6,0,0,infeasible,,,2,16,16
E11067,011r;021k;120e,6,0,1,infeasible,,,2,16,16
E11068,011r;021k;120e,6,0,2,infeasible,,,2,16,16
E11069,011r;021k;120e,6,1,0,vacuous,0,,0,16,16
E11070,011r;021k;120e,6,1,1,vacuous,0,,0,16,16
E11071,011r;021k;120e,6,1,2,vacuous,0,,0,16,16
E11072,011r;021k;120e,7,0,0,optimal,1,0,2,17,17
E11073,011r;021k;120e,7,0,1,infeasible,,,2,17,17
E11074,011r;021k;120e,7,0,2,infeasible,,,2,17,17
E11075,011r;021k;120e,7,0,3,infeasible,,,2,17,17
E11076,011r;021k;120e,7,1,0,vacuous,0,,0,17,17
E11077,011r;021k;120e,7,1,1,vacuous,0,,0,17,17
E11078,011r;021k;120e,7,1,2,vacuous,0,,0,17,17
E11079,011r;021k;120e,7,1,3,vacuous,0,,0,17,17
E11080,011r;021k;121k,0,0,0,infeasible,,,1,14,12
E11081,011r;021k;121k,0,1,0,vacuous,0,,0,14,12
E11082,011r;021k;121k,1,0,0,optimal,1,0,1,15,13
E11083,011r;021k;121k,1,0,1,infeasible,,,1,15,13
E11084,011r;021k;121k,1,1,0,vacuous,0,,0,15,13
E11085,011r;021k;121k,1,1,1,vacuous,0,,0,15,13
E11086,011r;021k;121k,2,0,0,infeasible,,,1,15,13
E11087,011r;021k;121k,2,0,1,infeasible,,,1,15,13
E11088,011r;021k;121k,2,1,0,vacuous,0,,0,15,13
E11089,011r;021k;121k,2,1,1,vacuous,0,,0,15,13
E11090,011r;021k;121k,3,0,0,optimal,1,0,1,16,14
E11091,011r;021k;121k,3,0,1,infeasible,,,1,16,14
E11092,011r;021k;121k,3,0,2,infeasible,,,1,16,14
E11093,011r;021k;121k,3,1,0,vacuous,0,,0,16,14
E11094,011r;021k;121k,3,1,1,vacuous,0,,0,16,14
E11095,011r;021k;121k,3,1,2,vacuous,0,,0,16,14
E11096,011r;021k;121k,4,0,0,optimal,3,0,1,15,13
E11097,011r;021k;121k,4,0,1,infeasible,,,1,15,13
E11098,011r;021k;121k,4,1,0,vacuous,0,,0,15,13
E11099,011r;021k;121k,4,1,1,vacuous,0,,0,15,13
E11100,011r;021k;121k,5,0,0,optimal,1,0,1,16,14
E11101,011r;021k;121k,5,0,1,optimal,4,0;1,1,16,14
E11102,011r;021k;121k,5,0,2,infeasible,,,1,16,14
E11103,011r;021k;121k,5,1,0,vacuous,0,,0,16,14
E11104,011r;021k;121k,5,1,1,vacuous,0,,0,16,14
E11105,011r;021k;121k,5,1,2,vacuous,0,,0,16,14
E11106,011r;021k;121k,6,0,0,optimal,3,1,1,16,14
E11107,011r;021k;121k,6,0,1,infeasible,,,1,16,14
E11108,011r;021k;121k,6,0,2,infeasible,,,1,16,14
E11109,011r;021k;121k,6,1,0,vacuous,0,,0,16,14
E11110,011r;021k;121k,6,1,1,vacuous,0,,0,16,14
E11111,011r;021k;121k,6,1,2,vacuous,0,,0,16,14
E11112,011r;021k;121k,7,0,0,optimal,1,0,1,17,15
E11113,011r;021k;121k,7,0,1,optimal,4,0;2,1,17,15
E11114,011r;021k;121k,7,0,2,infeasible,,,1,17,15
E11115,011r;021k;121k,7,0,3,infeasible,,,1,17,15
E11116,011r;021k;121k,7,1,0,vacuous,0,,0,17,15
E11117,011r;021k;121k,7,1,1,vacuous,0,,0,17,15
E11118,011r;021k;121k,7,1,2,vacuous,0,,0,17,15
E11119,011r;021k;121k,7,1,3,vacuous,0,,0,17,15
E11120,011r;021k;121r,0,0,0,infeasible,,,1,14,12
E11121,011r;021k;121r,0,1,0,vacuous,0,,0,14,12
E11122,011r;021k;121r,1,0,0,optimal,1,0,1,15,13
E11123,011r;021k;121r,1,0,1,infeasible,,,1,15,13
E11124,011r;021k;121r,1,1,0,vacuous,0,,0,15,13
E11125,011r;021k;121r,1,1,1,vacuous,0,,0,15,13
E11126,011r;021k;121r,2,0,0,infeasible,,,1,15,13
E11127,011r;021k;121r,2,0,1,infeasible,,,1,15,13
E11128,011r;021k;121r,2,1,0,vacuous,0,,0,15,13
E11129,011r;021k;121r,2,1,1,vacuous,0,,0,15,13
E11130,011r;021k;121r,3,0,0,optimal,1,0,1,16,14
E11131,011r;021k;121r,3,0,1,infeasible,,,1,16,14
E11132,011r;021k;121r,3,0,2,infeasible,,,1,16,14
E11133,011r;021k;121r,3,1,0,vacuous,0,,0,16,14
E11134,011r;021k;121r,3,1,1,vacuous,0,,0,16,14
E11135,011r;021k;121r,3,1,2,vacuous,0,,0,16,14
E11136,011r;021k;121r,4,0,0,optimal,3,0,1,15,13
E11137,011r;021k;121r,4,0,1,infeasible,,,1,15,13
E11138,011r;021k;121r,4,1,0,vacuous,0,,0,15,13
E11139,011r;021k;121r,4,1,1,vacuous,0,,0,15,13
E11140,011r;021k;121r,5,0,0,optimal,1,0,1,16,14
E11141,011r;021k;121r,5,0,1,optimal,4,0;1,1,16,14
E11142,011r;021k;121r,5,0,2,infeasible,,,1,16,14
E11143,011r;021k;121r,5,1,0,vacuous,0,,0,16,14
E11144,011r;021k;121r,5,1,1,vacuous,0,,0,16,14
E11145,011r;021k;121r,5,1,2,vacuous,0,,0,16,14
E11146,011r;021k;121r,6,0,0,optimal,3,1,1,16,14
E11147,011r;021k;121r,6,0,1,infeasible,,,1,16,14
E11148,011r;021k;121r,6,0,2,infeasible,,,1,16,14
E11149,011r;021k;121r,6,1,0,vacuous,0,,0,16,14
E11150,011r;021k;121r,6,1,1,vacuous,0,,0,16,14
E11151,011r;021k;121r,6,1,2,vacuous,0,,0,16,14
E11152,011r;021k;121r,7,0,0,optimal,1,0,1,17,15
E11153,011r;021k;121r,7,0,1,optimal,4,0;2,1,17,15
E11154,011r;021k;121r,7,0,2,infeasible,,,1,17,15
E11155,011r;021k;121r,7,0,3,infeasible,,,1,17,15
E11156,011r;021k;121r,7,1,0,vacuous,0,,0,17,15
E11157,011r;021k;121r,7,1,1,vacuous,0,,0,17,15
E11158,011r;021k;121r,7,1,2,vacuous,0,,0,17,15
E11159,011r;021k;121r,7,1,3,vacuous,0,,0,17,15
E11160,011r;021k;121e,0,0,0,infeasible,,,1,14,13
E11161,011r;021k;121e,0,1,0,vacuous,0,,0,14,13
E11162,011r;021k;121e,1,0,0,optimal,1,0,1,15,14
E11163,011r;021k;121e,1,0,1,infeasible,,,1,15,14
E11164,011r;021k;121e,1,1,0,vacuous,0,,0,15,14
E11165,011r;021k;121e,1,1,1,vacuous,0,,0,15,14
E11166,011r;021k;121e,2,0,0,infeasible,,,1,15,14
E11167,011r;021k;121e,2,0,1,infeasible,,,1,15,14
E11168,011r;021k;121e,2,1,0,vacuous,0,,0,15,14
E11169,011r;021k;121e,2,1,1,vacuous,0,,0,15,14
E11170,011r;021k;121e,3,0,0,optimal,1,0,1,16,15
E11171,011r;021k;121e,3,0,1,infeasible,,,1,16,15
E11172,011r;021k;121e,3,0,2,infeasible,,,1,16,15
E11173,011r;021k;121e,3,1,0,vacuous,0,,0,16,15
E11174,011r;021k;121e,3,1,1,vacuous,0,,0,16,15
E11175,011r;021k;121e,3,1,2,vacuous,0,,0,16,15
E11176,011r;021k;121e,4,0,0,optimal,3,0,1,15,14
E11177,011r;021k;121e,4,0,1,infeasible,,,1,15,14
E11178,011r;021k;121e,4,1,0,vacuous,0,,0,15,14
E11179,011r;021k;121e,4,1,1,vacuous,0,,0,15,14
E11180,011r;021k;121e,5,0,0,optimal,1,0,1,16,15
E11181,011r;021k;121e,5,0,1,optimal,4,0;1,1,16,15
E11182,011r;021k;121e,5,0,2,infeasible,,,1,16,15
E11183,011r;021k;121e,5,1,0,vacuous,0,,0,16,15
E11184,011r;021k;121e,5,1,1,vacuous,0,,0,16,15
E11185,011r;021k;121e,5,1,2,vacuous,0,,0,16,15
E11186,011r;021k;121e,6,0,0,optimal,3,1,1,16,15
E11187,011r;021k;121e,6,0,1,infeasible,,,1,16,15
E11188,011r;021k;121e,6,0,2,infeasible,,,1,16,15
E11189,011r;021k;121e,6,1,0,vacuous,0,,0,16,15
E11190,011r;021k;121e,6,1,1,vacuous,0,,0,16,15
E11191,011r;021k;121e,6,1,2,vacuous,0,,0,16,15
E11192,011r;021k;121e,7,0,0,optimal,1,0,1,17,16
E11193,011r;021k;121e,7,0,1,optimal,4,0;2,1,17,16
E11194,011r;021k;121e,7,0,2,infeasible,,,1,17,16
E11195,011r;021k;121e,7,0,3,infeasible,,,1,17,16
E11196,011r;021k;121e,7,1,0,vacuous,0,,0,17,16
E11197,011r;021k;121e,7,1,1,vacuous,0,,0,17,16
E11198,011r;021k;121e,7,1,2,vacuous,0,,0,17,16
E11199,011r;021k;121e,7,1,3,vacuous,0,,0,17,16
E11200,011r;021r,0,0,0,infeasible,,,1,14,11
E11201,011r;021r,0,1,0,vacuous,0,,0,14,11
E11202,011r;021r,1,0,0,optimal,1,0,1,15,12
E11203,011r;021r,1,0,1,infeasible,,,1,15,12
E11204,011r;021r,1,1,0,vacuous,0,,0,15,12
E11205,011r;021r,1,1,1,vacuous,0,,0,15,12
E11206,011r;021r,2,0,0,infeasible,,,1,15,12
E11207,011r;021r,2,0,1,infeasible,,,1,15,12
E11208,011r;021r,2,1,0,vacuous,0,,0,15,12
E11209,011r;021r,2,1,1,vacuous,0,,0,15,12
E11210,011r;021r,3,0,0,optimal,1,0,1,16,13
E11211,011r;021r,3,0,1,infeasible,,,1,16,13
E11212,011r;021r,3,0,2,infeasible,,,1,16,13
E11213,011r;021r,3,1,0,vacuous,0,,0,16,13
E11214,011r;021r,3,1,1,vacuous,0,,0,16,13
E11215,011r;021r,3,1,2,vacuous,0,,0,16,13
E11216,011r;021r,4,0,0,infeasible,,,1,15,12
E11217,011r;021r,4,0,1,infeasible,,,1,15,12
E11218,011r;021r,4,1,0,vacuous,0,,0,15,12
E11219,011r;021r,4,1,1,vacuous,0,,0,15,12
E11220,011r;021r,5,0,0,optimal,1,0,1,16,13
E11221,011r;021r,5,0,1,infeasible,,,1,16,13
E11222,011r;021r,5,0,2,infeasible,,,1,16,13
E11223,011r;021r,5,1,0,vacuous,0,,0,16,13
E11224,011r;021r,5,1,1,vacuous,0,,0,16,13
E11225,011r;021r,5,1,2,vacuous,0,,0,16,13
E11226,011r;021r,6,0,0,infeasible,,,1,16,13
E11227,011r;021r,6,0,1,infeasible,,,1,16,13
E11228,011r;021r,6,0,2,infeasible,,,1,16,13
E11229,011r;021r,6,1,0,vacuous,0,,0,16,13
E11230,011r;021r,6,1,1,vacuous,0,,0,16,13
E11231,011r;021r,6,1,2,vacuous,0,,0,16,13
E11232,011r;021r,7,0,0,optimal,1,0,1,17,14
E11233,011r;021r,7,0,1,infeasible,,,1,17,14
E11234,011r;021r,7,0,2,infeasible,,,1,17,14
E11235,011r;021r,7,0,3,infeasible,,,1,17,14
E11236,011r;021r,7,1,0,vacuous,0,,0,17,14
E11237,011r;021r,7,1,1,vacuous,0,,0,17,14
E11238,011r;021r,7,1,2,vacuous,0,,0,17,14
E11239,011r;021r,7,1,3,vacuous,0,,0,17,14
E11240,011r;021r;120k,0,0,0,infeasible,,,2,14,13
E11241,011r;021r;120k,0,1,0,vacuous,0,,0,14,13
E11242,011r;021r;120k,1,0,0,optimal,1,0,2,15,14
E11243,011r;021r;120k,1,0,1,infeasible,,,2,15,14
E11244,011r;021r;120k,1,1,0,vacuous,0,,0,15,14
E11245,011r;021r;120k,1,1,1,vacuous,0,,0,15,14
E11246,011r;021r;120k,2,0,0,infeasible,,,2,15,14
E11247,011r;021r;120k,2,0,1,infeasible,,,2,15,14
E11248,011r;021r;120k,2,1,0,vacuous,0,,0,15,14
E11249,011r;021r;120k,2,1,1,vacuous,0,,0,15,14
E11250,011r;021r;120k,3,0,0,optimal,1,0,2,16,15
E11251,011r;021r;120k,3,0,1,infeasible,,,2,16,15
E11252,011r;021r;120k,3,0,2,infeasible,,,2,16,15
E11253,011r;021r;120k,3,1,0,vacuous,0,,0,16,15
E11254,011r;021r;120k,3,1,1,vacuous,0,,0,16,15
E11255,011r;021r;120k,3,1,2,vacuous,0,,0,16,15
E11256,011r;021r;120k,4,0,0,infeasible,,,2,15,14
E11257,011r;021r;120k,4,0,1,infeasible,,,2,15,14
E11258,011r;021r;120k,4,1,0,vacuous,0,,0,15,14
E11259,011r;021r;120k,4,1,1,vacuous,0,,0,15,14
E11260,011r;021r;120k,5,0,0,optimal,1,0,2,16,15
E11261,011r;021r;120k,5,0,1,infeasible,,,2,16,15
E11262,011r;021r;120k,5,0,2,infeasible,,,2,16,15
E11263,011r;021r;120k,5,1,0,vacuous,0,,0,16,15
E11264,011r;021r;120k,5,1,1,vacuous,0,,0,16,15
E11265,011r;021r;120k,5,1,2,vacuous,0,,0,16,15
E11266,011r;021r;120k,6,0,0,infeasible,,,2,16,15
E11267,011r;021r;120k,6,0,1,infeasible,,,2,16,15
E11268,011r;021r;120k,6,0,2,infeasible,,,2,16,15
E11269,011r;021r;120k,6,1,0,vacuous,0,,0,16,15
E11270,011r;021r;120k,6,1,1,vacuous,0,,0,16,15
E11271,011r;021r;120k,6,1,2,vacuous,0,,0,16,15
E11272,011r;021r;120k,7,0,0,optimal,1,0,2,17,16
E11273,011r;021r;120k,7,0,1,infeasible,,,2,17,16
E11274,011r;021r;120k,7,0,2,infeasible,,,2,17,16
E11275,011r;021r;120k,7,0,3,infeasible,,,2,17,16
E11276,011r;021r;120k,7,1,0,vacuous,0,,0,17,16
E11277,011r;021r;120k,7,1,1,vacuous,0,,0,17,16
E11278,011r;021r;120k,7,1,2,vacuous,0,,0,17,16
E11279,011r;021r;120k,7,1,3,vacuous,0,,0,17,16
E11280,011r;021r;120r,0,0,0,infeasible,,,2,14,13
E11281,011r;021r;120r,0,1,0,vacuous,0,,0,14,13
E11282,011r;021r;120r,1,0,0,optimal,1,0,2,15,14
E11283,011r;021r;120r,1,0,1,infeasible,,,2,15,14
E11284,011r;021r;120r,1,1,0,vacuous,0,,0,15,14
E11285,011r;021r;120r,1,1,1,vacuous,0,,0,15,14
E11286,011r;021r;120r,2,0,0,infeasible,,,2,15,14
E11287,011r;021r;120r,2,0,1,infeasible,,,2,15,14
E11288,011r;021r;120r,2,1,0,vacuous,0,,0,15,14
E11289,011r;021r;120r,2,1,1,vacuous,0,,0,15,14
E11290,011r;021r;120r,3,0,0,optimal,1,0,2,16,15
E11291,011r;021r;120r,3,0,1,infeasible,,,2,16,15
E11292,011r;021r;120r,3,0,2,infeasible,,,2,16,15
E11293,011r;021r;120r,3,1,0,vacuous,0,,0,16,15
E11294,011r;021r;120r,3,1,1,vacuous,0,,0,16,15
E11295,011r;021r;120r,3,1,2,vacuous,0,,0,16,15
E11296,011r;021r;120r,4,0,0,infeasible,,,2,15,14
E11297,011r;021r;120r,4,0,1,infeasible,,,2,15,14
E11298,011r;021r;120r,4,1,0,vacuous,0,,0,15,14
E11299,011r;021r;120r,4,1,1,vacuous,0,,0,15,14
E11300,011r;021r;120r,5,0,0,optimal,1,0,2,16,15
E11301,011r;021r;120r,5,0,1,infeasible,,,2,16,15
E11302,011r;021r;120r,5,0,2,infeasible,,,2,16,15
E11303,011r;021r;120r,5,1,0,vacuous,0,,0,16,15
E11304,011r;021r;120r,5,1,1,vacuous,0,,0,16,15
E11305,011r;021r;120r,5,1,2,vacuous,0,,0,16,15
E11306,011r;021r;120r,6,0,0,infeasible,,,2,16,15
E11307,011r;021r;120r,6,0,1,infeasible,,,2,16,15
E11308,011r;021r;120r,6,0,2,infeasible,,,2,16,15
E11309,011r;021r;120r,6,1,0,vacuous,0,,0,16,15
E11310,011r;021r;120r,6,1,1,vacuous,0,,0,16,15
E11311,011r;021r;120r,6,1,2,vacuous,0,,0,16,15
E11312,011r;021r;120r,7,0,0,optimal,1,0,2,17,16
E11313,011r;021r;120r,7,0,1,infeasible,,,2,17,16
E11314,011r;021r;120r,7,0,2,infeasible,,,2,17,16
E11315,011r;021r;120r,7,0,3,infeasible,,,2,17,16
E11316,011r;021r;120r,7,1,0,vacuous,0,,0,17,16
E11317,011r;021r;120r,7,1,1,vacuous,0,,0,17,16
E11318,011r;021r;120r,7,1,2,vacuous,0,,0,17,16
E11319,011r;021r;120r,7,1,3,vacuous,0,,0,17,16
E11320,011r;021r;120e,0,0,0,infeasible,,,2,14,14
E11321,011r;021r;120e,0,1,0,vacuous,0,,0,14,14
E11322,011r;021r;120e,1,0,0,optimal,1,0,2,15,15
E11323,011r;021r;120e,1,0,1,infeasible,,,2,15,15
E11324,011r;021r;120e,1,1,0,vacuous,0,,0,15,15
E11325,011r;021r;120e,1,1,1,vacuous,0,,0,15,15
E11326,011r;021r;120e,2,0,0,infeasible,,,2,15,15
E11327,011r;021r;120e,2,0,1,infeasible,,,2,15,15
E11328,011r;021r;120e,2,1,0,vacuous,0,,0,15,15
E11329,011r;021r;120e,2,1,1,vacuous,0,,0,15,15
E11330,011r;021r;120e,3,0,0,optimal,1,0,2,16,16
E11331,011r;021r;120e,3,0,1,infeasible,,,2,16,16
E11332,011r;021r;120e,3,0,2,infeasible,,,2,16,16
E11333,011r;021r;120e,3,1,0,vacuous,0,,0,16,16
E11334,011r;021r;120e,3,1,1,vacuous,0,,0,16,16
E11335,011r;021r;120e,3,1,2,vacuous,0,,0,16,16
E11336,011r;021r;120e,4,0,0,infeasible,,,2,15,15
E11337,011r;021r;120e,4,0,1,infeasible,,,2,15,15
E11338,011r;021r;120e,4,1,0,vacuous,0,,0,15,15
E11339,011r;021r;120e,4,1,1,vacuous,0,,0,15,15
E11340,011r;021r;120e,5,0,0,optimal,1,0,2,16,16
E11341,011r;021r;120e,5,0,1,infeasible,,,2,16,16
E11342,011r;021r;120e,5,0,2,infeasible,,,2,16,16
E11343,011r;021r;120e,5,1,0,vacuous,0,,0,16,16
E11344,011r;021r;120e,5,1,1,vacuous,0,,0,16,16
E11345,011r;021r;120e,5,1,2,vacuous,0,,0,16,16
E11346,011r;021r;120e,6,0,0,infeasible,,,2,16,16
E11347,011r;021r;120e,6,0,1,infeasible,,,2,16,16
E11348,011r;021r;120e,6,0,2,infeasible,,,2,16,16
E11349,011r;021r;120e,6,1,0,vacuous,0,,0,16,16
E11350,011r;021r;120e,6,1,1,vacuous,0,,0,16,16
E11351,011r;021r;120e,6,1,2,vacuous,0,,0,16,16
E11352,011r;021r;120e,7,0,0,optimal,1,0,2,17,17
E11353,011r;021r;120e,7,0,1,infeasible,,,2,17,17
E11354,011r;021r;120e,7,0,2,infeasible,,,2,17,17
E11355,011r;021r;120e,7,0,3,infeasible,,,2,17,17
E11356,011r;021r;120e,7,1,0,vacuous,0,,0,17,17
E11357,011r;021r;120e,7,1,1,vacuous,0,,0,17,17
E11358,011r;021r;120e,7,1,2,vacuous,0,,0,17,17
E11359,011r;021r;120e,7,1,3,vacuous,0,,0,17,17
E11360,011r;021r;121k,0,0,0,infeasible,,,1,14,12
E11361,011r;021r;121k,0,1,0,vacuous,0,,0,14,12
E11362,011r;021r;121k,1,0,0,optimal,1,0,1,15,13
E11363,011r;021r;121k,1,0,1,infeasible,,,1,15,13
E11364,011r;021r;121k,1,1,0,vacuous,0,,0,15,13
E11365,011r;021r;121k,1,1,1,vacuous,0,,0,15,13
E11366,011r;021r;121k,2,0,0,infeasible,,,1,15,13
E11367,011r;021r;121k,2,0,1,infeasible,,,1,15,13
E11368,011r;021r;121k,2,1,0,vacuous,0,,0,15,13
E11369,011r;021r;121k,2,1,1,vacuous,0,,0,15,13
E11370,011r;021r;121k,3,0,0,optimal,1,0,1,16,14
E11371,011r;021r;121k,3,0,1,infeasible,,,1,16,14
E11372,011r;021r;121k,3,0,2,infeasible,,,1,16,14
E11373,011r;021r;121k,3,1,0,vacuous,0,,0,16,14
E11374,011r;021r;121k,3,1,1,vacuous,0,,0,16,14
E11375,011r;021r;121k,3,1,2,vacuous,0,,0,16,14
E11376,011r;021r;121k,4,0,0,infeasible,,,1,15,13
E11377,011r;021r;121k,4,0,1,infeasible,,,1,15,13
E11378,011r;021r;121k,4,1,0,vacuous,0,,0,15,13
E11379,011r;021r;121k,4,1,1,vacuous,0,,0,15,13
E11380,011r;021r;121k,5,0,0,optimal,1,0,1,16,14
E11381,011r;021r;121k,5,0,1,infeasible,,,1,16,14
E11382,011r;021r;121k,5,0,2,infeasible,,,1,16,14
E11383,011r;021r;121k,5,1,0,vacuous,0,,0,16,14
E11384,011r;021r;121k,5,1,1,vacuous,0,,0,16,14
E11385,011r;021r;121k,5,1,2,vacuous,0,,0,16,14
E11386,011r;021r;121k,6,0,0,infeasible,,,1,16,14
E11387,011r;021r;121k,6,0,1,infeasible,,,1,16,14
E11388,011r;021r;121k,6,0,2,infeasible,,,1,16,14
E11389,011r;021r;121k,6,1,0,vacuous,0,,0,16,14
E11390,011r;021r;121k,6,1,1,vacuous,0,,0,16,14
E11391,011r;021r;121k,6,1,2,vacuous,0,,0,16,14
E11392,011r;021r;121k,7,0,0,optimal,1,0,1,17,15
E11393,011r;021r;121k,7,0,1,infeasible,,,1,17,15
E11394,011r;021r;121k,7,0,2,infeasible,,,1,17,15
E11395,011r;021r;121k,7,0,3,infeasible,,,1,17,15
E11396,011r;021r;121k,7,1,0,vacuous,0,,0,17,15
E11397,011r;021r;121k,7,1,1,vacuous,0,,0,17,15
E11398,011r;021r;121k,7,1,2,vacuous,0,,0,17,15
E11399,011r;021r;121k,7,1,3,vacuous,0,,0,17,15
E11400,011r;021r;121r,0,0,0,infeasible,,,1,14,12
E11401,011r;021r;121r,0,1,0,vacuous,0,,0,14,12
E11402,011r;021r;121r,1,0,0,optimal,1,0,1,15,13
E11403,011r;021r;121r,1,0,1,infeasible,,,1,15,13
E11404,011r;021r;121r,1,1,0,vacuous,0,,0,15,13
E11405,011r;021r;121r,1,1,1,vacuous,0,,0,15,13
E11406,011r;021r;121r,2,0,0,infeasible,,,1,15,13
E11407,011r;021r;121r,2,0,1,infeasible,,,1,15,13
E11408,011r;021r;121r,2,1,0,vacuous,0,,0,15,13
E11409,011r;021r;121r,2,1,1,vacuous,0,,0,15,13
E11410,011r;021r;121r,3,0,0,optimal,1,0,1,16,14
E11411,011r;021r;121r,3,0,1,infeasible,,,1,16,14
E11412,011r;021r;121r,3,0,2,infeasible,,,1,16,14
E11413,011r;021r;121r,3,1,0,vacuous,0,,0,16,14
E11414,011r;021r;121r,3,1,1,vacuous,0,,0,16,14
E11415,011r;021r;121r,3,1,2,vacuous,0,,0,16,14
E11416,011r;021r;121r,4,0,0,infeasible,,,1,15,13
E11417,011r;021r;121r,4,0,1,infeasible,,,1,15,13
E11418,011r;021r;121r,4,1,0,vacuous,0,,0,15,13
E11419,011r;021r;121r,4,1,1,vacuous,0,,0,15,13
E11420,011r;021r;121r,5,0,0,optimal,1,0,1,16,14
E11421,011r;021r;121r,5,0,1,infeasible,,,1,16,14
E11422,011r;021r;121r,5,0,2,infeasible,,,1,16,14
E11423,011r;021r;121r,5,1,0,vacuous,0,,0,16,14
E11424,011r;021r;121r,5,1,1,vacuous,0,,0,16,14
E11425,011r;021r;121r,5,1,2,vacuous,0,,0,16,14
E11426,011r;021r;121r,6,0,0,infeasible,,,1,16,14
E11427,011r;021r;121r,6,0,1,infeasible,,,1,16,14
E11428,011r;021r;121r,6,0,2,infeasible,,,1,16,14
E11429,011r;021r;121r,6,1,0,vacuous,0,,0,16,14
E11430,011r;021r;121r,6,1,1,vacuous,0,,0,16,14
E11431,011r;021r;121r,6,1,2,vacuous,0,,0,16,14
E11432,011r;021r;121r,7,0,0,optimal,1,0,1,17,15
E11433,011r;021r;121r,7,0,1,infeasible,,,1,17,15
E11434,011r;021r;121r,7,0,2,infeasible,,,1,17,15
E11435,011r;021r;121r,7,0,3,infeasible,,,1,17,15
E11436,011r;021r;121r,7,1,0,vacuous,0,,0,17,15
E11437,011r;021r;121r,7,1,1,vacuous,0,,0,17,15
E11438,011r;021r;121r,7,1,2,vacuous,0,,0,17,15
E11439,011r;021r;121r,7,1,3,vacuous,0,,0,17,15
E11440,011r;021r;121e,0,0,0,infeasible,,,1,14,13
E11441,011r;021r;121e,0,1,0,vacuous,0,,0,14,13
E11442,011r;021r;121e,1,0,0,optimal,1,0,1,15,14
E11443,011r;021r;121e,1,0,1,infeasible,,,1,15,14
E11444,011r;021r;121e,1,1,0,vacuous,0,,0,15,14
E11445,011r;021r;121e,1,1,1,vacuous,0,,0,15,14
E11446,011r;021r;121e,2,0,0,infeasible,,,1,15,14
E11447,011r;021r;121e,2,0,1,infeasible,,,1,15,14
E11448,011r;021r;121e,2,1,0,vacuous,0,,0,15,14
E11449,011r;021r;121e,2,1,1,vacuous,0,,0,15,14
E11450,011r;021r;121e,3,0,0,optimal,1,0,1,16,15
E11451,011r;021r;121e,3,0,1,infeasible,,,1,16,15
E11452,011r;021r;121e,3,0,2,infeasible,,,1,16,15
E11453,011r;021r;121e,3,1,0,vacuous,0,,0,16,15
E11454,011r;021r;121e,3,1,1,vacuous,0,,0,16,15
E11455,011r;021r;121e,3,1,2,vacuous,0,,0,16,15
E11456,011r;021r;121e,4,0,0,infeasible,,,1,15,14
E11457,011r;021r;121e,4,0,1,infeasible,,,1,15,14
E11458,011r;021r;121e,4,1,0,vacuous,0,,0,15,14
E11459,011r;021r;121e,4,1,1,vacuous,0,,0,15,14
E11460,011r;021r;121e,5,0,0,optimal,1,0,1,16,15
E11461,011r;021r;121e,5,0,1,infeasible,,,1,16,15
E11462,011r;021r;121e,5,0,2,infeasible,,,1,16,15
E11463,011r;021r;121e,5,1,0,vacuous,0,,0,16,15
E11464,011r;021r;121e,5,1,1,vacuous,0,,0,16,15
E11465,011r;021r;121e,5,1,2,vacuous,0,,0,16,15
E11466,011r;021r;121e,6,0,0,infeasible,,,1,16,15
E11467,011r;021r;121e,6,0,1,infeasible,,,1,16,15
E11468,011r;021r;121e,6,0,2,infeasible,,,1,16,15
E11469,011r;021r;121e,6,1,0,vacuous,0,,0,16,15
E11470,011r;021r;121e,6,1,1,vacuous,0,,0,16,15
E11471,011r;021r;121e,6,1,2,vacuous,0,,0,16,15
E11472,011r;021r;121e,7,0,0,optimal,1,0,1,17,16
E11473,011r;021r;121e,7,0,1,infeasible,,,1,17,16
E11474,011r;021r;121e,7,0,2,infeasible,,,1,17,16
E11475,011r;021r;121e,7,0,3,infeasible,,,1,17,16
E11476,011r;021r;121e,7,1,0,vacuous,0,,0,17,16
E11477,011r;021r;121e,7,1,1,vacuous,0,,0,17,16
E11478,011r;021r;121e,7,1,2,vacuous,0,,0,17,16
E11479,011r;021r;121e,7,1,3,vacuous,0,,0,17,16
E11480,011r;021e,0,0,0,infeasible,,,2,14,12
E11481,011r;021e,0,1,0,vacuous,0,,0,14,12
E11482,011r;021e,1,0,0,optimal,1,0,2,15,13
E11483,011r;021e,1,0,1,infeasible,,,2,15,13
E11484,011r;021e,1,1,0,vacuous,0,,0,15,13
E11485,011r;021e,1,1,1,vacuous,0,,0,15,13
E11486,011r;021e,2,0,0,infeasible,,,2,15,13
E11487,011r;021e,2,0,1,infeasible,,,2,15,13
E11488,011r;021e,2,1,0,vacuous,0,,0,15,13
E11489,011r;021e,2,1,1,vacuous,0,,0,15,13
E11490,011r;021e,3,0,0,optimal,1,0,2,16,14
E11491,011r;021e,3,0,1,infeasible,,,2,16,14
E11492,011r;021e,3,0,2,infeasible,,,2,16,14
E11493,011r;021e,3,1,0,vacuous,0,,0,16,14
E11494,011r;021e,3,1,1,vacuous,0,,0,16,14
E11495,011r;021e,3,1,2,vacuous,0,,0,16,14
E11496,011r;021e,4,0,0,infeasible,,,2,15,13
E11497,011r;021e,4,0,1,infeasible,,,2,15,13
E11498,011r;021e,4,1,0,vacuous,0,,0,15,13
E11499,011r;021e,4,1,1,vacuous,0,,0,15,13
E11500,011r;021e,5,0,0,optimal,1,0,2,16,14
E11501,011r;021e,5,0,1,infeasible,,,2,16,14
E11502,011r;021e,5,0,2,infeasible,,,2,16,14
E11503,011r;021e,5,1,0,vacuous,0,,0,16,14
E11504,011r;021e,5,1,1,vacuous,0,,0,16,14
E11505,011r;021e,5,1,2,vacuous,0,,0,16,14
E11506,011r;021e,6,0,0,infeasible,,,2,16,14
E11507,011r;021e,6,0,1,infeasible,,,2,16,14
E11508,011r;021e,6,0,2,infeasible,,,2,16,14
E11509,011r;021e,6,1,0,vacuous,0,,0,16,14
E11510,011r;021e,6,1,1,vacuous,0,,0,16,14
E11511,011r;021e,6,1,2,vacuous,0,,0,16,14
E11512,011r;021e,7,0,0,optimal,1,0,2,17,15
E11513,011r;021e,7,0,1,infeasible,,,2,17,15
E11514,011r;021e,7,0,2,infeasible,,,2,17,15
E11515,011r;021e,7,0,3,infeasible,,,2,17,15
E11516,011r;021e,7,1,0,vacuous,0,,0,17,15
E11517,011r;021e,7,1,1,vacuous,0,,0,17,15
E11518,011r;021e,7,1,2,vacuous,0,,0,17,15
E11519,011r;021e,7,1,3,vacuous,0,,0,17,15
E11520,011r;021e;120k,0,0,0,infeasible,,,3,14,14
E11521,011r;021e;120k,0,1,0,vacuous,0,,0,14,14
E11522,011r;021e;120k,1,0,0,optimal,1,0,3,15,15
E11523,011r;021e;120k,1,0,1,infeasible,,,3,15,15
E11524,011r;021e;120k,1,1,0,vacuous,0,,0,15,15
E11525,011r;021e;120k,1,1,1,vacuous,0,,0,15,15
E11526,011r;021e;120k,2,0,0,infeasible,,,3,15,15
E11527,011r;021e;120k,2,0,1,infeasible,,,3,15,15
E11528,011r;021e;120k,2,1,0,vacuous,0,,0,15,15
E11529,011r;021e;120k,2,1,1,vacuous,0,,0,15,15
E11530,011r;021e;120k,3,0,0,optimal,1,0,3,16,16
E11531,011r;021e;120k,3,0,1,infeasible,,,3,16,16
E11532,011r;021e;120k,3,0,2,infeasible,,,3,16,16
E11533,011r;021e;120k,3,1,0,vacuous,0,,0,16,16
E11534,011r;021e;120k,3,1,1,vacuous,0,,0,16,16
E11535,011r;021e;120k,3,1,2,vacuous,0,,0,16,16
E11536,011r;021e;120k,4,0,0,infeasible,,,3,15,15
E11537,011r;021e;120k,4,0,1,infeasible,,,3,15,15
E11538,011r;021e;120k,4,1,0,vacuous,0,,0,15,15
E11539,011r;021e;120k,4,1,1,vacuous,0,,0,15,15
E11540,011r;021e;120k,5,0,0,optimal,1,0,3,16,16
E11541,011r;021e;120k,5,0,1,infeasible,,,3,16,16
E11542,011r;021e;120k,5,0,2,infeasible,,,3,16,16
E11543,011r;021e;120k,5,1,0,vacuous,0,,0,16,16
E11544,011r;021e;120k,5,1,1,vacuous,0,,0,16,16
E11545,011r;021e;120k,5,1,2,vacuous,0,,0,16,16
E11546,011r;021e;120k,6,0,0,infeasible,,,3,16,16
E11547,011r;021e;120k,6,0,1,infeasible,,,3,16,16
E11548,011r;021e;120k,6,0,2,infeasible,,,3,16,16
E11549,011r;021e;120k,6,1,0,vacuous,0,,0,16,16
E11550,011r;021e;120k,6,1,1,vacuous,0,,0,16,16
E11551,011r;021e;120k,6,1,2,vacuous,0,,0,16,16
E11552,011r;021e;120k,7,0,0,optimal,1,0,3,17,17
E11553,011r;021e;120k,7,0,1,infeasible,,,3,17,17
E11554,011r;021e;120k,7,0,2,infeasible,,,3,17,17
E11555,011r;021e;120k,7,0,3,infeasible,,,3,17,17
E11556,011r;021e;120k,7,1,0,vacuous,0,,0,17,17
E11557,011r;021e;120k,7,1,1,vacuous,0,,0,17,17
E11558,011r;021e;120k,7,1,2,vacuous,0,,0,17,17
E11559,011r;021e;120k,7,1,3,vacuous,0,,0,17,17
E11560,011r;021e;120r,0,0,0,infeasible,,,3,14,14
E11561,011r;021e;120r,0,1,0,vacuous,0,,0,14,14
E11562,011r;021e;120r,1,0,0,optimal,1,0,3,15,15
E11563,011r;021e;120r,1,0,1,infeasible,,,3,15,15
E11564,011r;021e;120r,1,1,0,vacuous,0,,0,15,15
E11565,011r;021e;120r,1,1,1,vacuous,0,,0,15,15
E11566,011r;021e;120r,2,0,0,infeasible,,,3,15,15
E11567,011r;021e;120r,2,0,1,infeasible,,,3,15,15
E11568,011r;021e;120r,2,1,0,vacuous,0,,0,15,15
E11569,011r;021e;120r,2,1,1,vacuous,0,,0,15,15
E11570,011r;021e;120r,3,0,0,optimal,1,0,3,16,16
E11571,011r;021e;120r,3,0,1,infeasible,,,3,16,16
E11572,011r;021e;120r,3,0,2,infeasible,,,3,16,16
E11573,011r;021e;120r,3,1,0,vacuous,0,,0,16,16
E11574,011r;021e;120r,3,1,1,vacuous,0,,0,16,16
E11575,011r;021e;120r,3,1,2,vacuous,0,,0,16,16
E11576,011r;021e;120r,4,0,0,infeasible,,,3,15,15
E11577,011r;021e;120r,4,0,1,infeasible,,,3,15,15
E11578,011r;021e;120r,4,1,0,vacuous,0,,0,15,15
E11579,011r;021e;120r,4,1,1,vacuous,0,,0,15,15
E11580,011r;021e;120r,5,0,0,optimal,1,0,3,16,16
E11581,011r;021e;120r,5,0,1,infeasible,,,3,16,16
E11582,011r;021e;120r,5,0,2,infeasible,,,3,16,16
E11583,011r;021e;120r,5,1,0,vacuous,0,,0,16,16
E11584,011r;021e;120r,5,1,1,vacuous,0,,0,16,16
E11585,011r;021e;120r,5,1,2,vacuous,0,,0,16,16
E11586,011r;021e;120r,6,0,0,infeasible,,,3,16,16
E11587,011r;021e;120r,6,0,1,infeasible,,,3,16,16
E11588,011r;021e;120r,6,0,2,infeasible,,,3,16,16
E11589,011r;021e;120r,6,1,0,vacuous,0,,0,16,16
E11590,011r;021e;120r,6,1,1,vacuous,0,,0,16,16
E11591,011r;021e;120r,6,1,2,vacuous,0,,0,16,16
E11592,011r;021e;120r,7,0,0,optimal,1,0,3,17,17
E11593,011r;021e;120r,7,0,1,infeasible,,,3,17,17
E11594,011r;021e;120r,7,0,2,infeasible,,,3,17,17
E11595,011r;021e;120r,7,0,3,infeasible,,,3,17,17
E11596,011r;021e;120r,7,1,0,vacuous,0,,0,17,17
E11597,011r;021e;120r,7,1,1,vacuous,0,,0,17,17
E11598,011r;021e;120r,7,1,2,vacuous,0,,0,17,17
E11599,011r;021e;120r,7,1,3,vacuous,0,,0,17,17
E11600,011r;021e;120e,0,0,0,infeasible,,,3,14,15
E11601,011r;021e;120e,0,1,0,vacuous,0,,0,14,15
E11602,011r;021e;120e,1,0,0,optimal,1,0,3,15,16
E11603,011r;021e;120e,1,0,1,infeasible,,,3,15,16
E11604,011r;021e;120e,1,1,0,vacuous,0,,0,15,16
E11605,011r;021e;120e,1,1,1,vacuous,0,,0,15,16
E11606,011r;021e;120e,2,0,0,infeasible,,,3,15,16
E11607,011r;021e;120e,2,0,1,infeasible,,,3,15,16
E11608,011r;021e;120e,2,1,0,vacuous,0,,0,15,16
E11609,011r;021e;120e,2,1,1,vacuous,0,,0,15,16
E11610,011r;021e;120e,3,0,0,optimal,1,0,3,16,17
E11611,011r;021e;120e,3,0,1,infeasible,,,3,16,17
E11612,011r;021e;120e,3,0,2,infeasible,,,3,16,17
E11613,011r;021e;120e,3,1,0,vacuous,0,,0,16,17
E11614,011r;021e;120e,3,1,1,vacuous,0,,0,16,17
E11615,011r;021e;120e,3,1,2,vacuous,0,,0,16,17
E11616,011r;021e;120e,4,0,0,infeasible,,,3,15,16
E11617,011r;021e;120e,4,0,1,infeasible,,,3,15,16
E11618,011r;021e;120e,4,1,0,vacuous,0,,0,15,16
E11619,011r;021e;120e,4,1,1,vacuous,0,,0,15,16
E11620,011r;021e;120e,5,0,0,optimal,1,0,3,16,17
E11621,011r;021e;120e,5,0,1,infeasible,,,3,16,17
E11622,011r;021e;120e,5,0,2,infeasible,,,3,16,17
E11623,011r;021e;120e,5,1,0,vacuous,0,,0,16,17
E11624,011r;021e;120e,5,1,1,vacuous,0,,0,16,17
E11625,011r;021e;120e,5,1,2,vacuous,0,,0,16,17
E11626,011r;021e;120e,6,0,0,infeasible,,,3,16,17
E11627,011r;021e;120e,6,0,1,infeasible,,,3,16,17
E11628,011r;021e;120e,6,0,2,infeasible,,,3,16,17
E11629,011r;021e;120e,6,1,0,vacuous,0,,0,16,17
E11630,011r;021e;120e,6,1,1,vacuous,0,,0,16,17
E11631,011r;021e;120e,6,1,2,vacuous,0,,0,16,17
E11632,011r;021e;120e,7,0,0,optimal,1,0,3,17,18
E11633,011r;021e;120e,7,0,1,infeasible,,,3,17,18
E11634,011r;021e;120e,7,0,2,infeasible,,,3,17,18
E11635,011r;021e;120e,7,0,3,infeasible,,,3,17,18
E11636,011r;021e;120e,7,1,0,vacuous,0,,0,17,18
E11637,011r;021e;120e,7,1,1,vacuous,0,,0,17,18
E11638,011r;021e;120e,7,1,2,vacuous,0,,0,17,18
E11639,011r;021e;120e,7,1,3,vacuous,0,,0,17,18
E11640,011r;021e;121k,0,0,0,infeasible,,,2,14,13
E11641,011r;021e;121k,0,1,0,vacuous,0,,0,14,13
E11642,011r;021e;121k,1,0,0,optimal,1,0,2,15,14
E11643,011r;021e;121k,1,0,1,infeasible,,,2,15,14
E11644,011r;021e;121k,1,1,0,vacuous,0,,0,15,14
E11645,011r;021e;121k,1,1,1,vacuous,0,,0,15,14
E11646,011r;021e;121k,2,0,0,infeasible,,,2,15,14
E11647,011r;021e;121k,2,0,1,infeasible,,,2,15,14
E11648,011r;021e;121k,2,1,0,vacuous,0,,0,15,14
E11649,011r;021e;121k,2,1,1,vacuous,0,,0,15,14
E11650,011r;021e;121k,3,0,0,optimal,1,0,2,16,15
E11651,011r;021e;121k,3,0,1,infeasible,,,2,16,15
E11652,011r;021e;121k,3,0,2,infeasible,,,2,16,15
E11653,011r;021e;121k,3,1,0,vacuous,0,,0,16,15
E11654,011r;021e;121k,3,1,1,vacuous,0,,0,16,15
E11655,011r;021e;121k,3,1,2,vacuous,0,,0,16,15
E11656,011r;021e;121k,4,0,0,infeasible,,,2,15,14
E11657,011r;021e;121k,4,0,1,infeasible,,,2,15,14
E11658,011r;021e;121k,4,1,0,vacuous,0,,0,15,14
E11659,011r;021e;121k,4,1,1,vacuous,0,,0,15,14
E11660,011r;021e;121k,5,0,0,optimal,1,0,2,16,15
E11661,011r;021e;121k,5,0,1,infeasible,,,2,16,15
E11662,011r;021e;121k,5,0,2,infeasible,,,2,16,15
E11663,011r;021e;121k,5,1,0,vacuous,0,,0,16,15
E11664,011r;021e;121k,5,1,1,vacuous,0,,0,16,15
E11665,011r;021e;121k,5,1,2,vacuous,0,,0,16,15
E11666,011r;021e;121k,6,0,0,infeasible,,,2,16,15
E11667,011r;021e;121k,6,0,1,infeasible,,,2,16,15
E11668,011r;021e;121k,6,0,2,infeasible,,,2,16,15
E11669,011r;021e;121k,6,1,0,vacuous,0,,0,16,15
E11670,011r;021e;121k,6,1,1,vacuous,0,,0,16,15
E11671,011r;021e;121k,6,1,2,vacuous,0,,0,16,15
E11672,011r;021e;121k,7,0,0,optimal,1,0,2,17,16
E11673,011r;021e;121k,7,0,1,infeasible,,,2,17,16
E11674,011r;021e;121k,7,0,2,infeasible,,,2,17,16
E11675,011r;021e;121k,7,0,3,infeasible,,,2,17,16
E11676,011r;021e;121k,7,1,0,vacuous,0,,0,17,16
E11677,011r;021e;121k,7,1,1,vacuous,0,,0,17,16
E11678,011r;021e;121k,7,1,2,vacuous,0,,0,17,16
E11679,011r;021e;121k,7,1,3,vacuous,0,,0,17,16
E11680,011r;021e;121r,0,0,0,infeasible,,,2,14,13
E11681,011r;021e;121r,0,1,0,vacuous,0,,0,14,13
E11682,011r;021e;121r,1,0,0,optimal,1,0,2,15,14
E11683,011r;021e;121r,1,0,1,infeasible,,,2,15,14
E11684,011r;021e;121r,1,1,0,vacuous,0,,0,15,14
E11685,011r;021e;121r,1,1,1,vacuous,0,,0,15,14
E11686,011r;021e;121r,2,0,0,infeasible,,,2,15,14
E11687,011r;021e;121r,2,0,1,infeasible,,,2,15,14
E11688,011r;021e;121r,2,1,0,vacuous,0,,0,15,14
E11689,011r;021e;121r,2,1,1,vacuous,0,,0,15,14
E11690,011r;021e;121r,3,0,0,optimal,1,0,2,16,15
E11691,011r;021e;121r,3,0,1,infeasible,,,2,16,15
E11692,011r;021e;121r,3,0,2,infeasible,,,2,16,15
E11693,011r;021e;121r,3,1,0,vacuous,0,,0,16,15
E11694,011r;021e;121r,3,1,1,vacuous,0,,0,16,15
E11695,011r;021e;121r,3,1,2,vacuous,0,,0,16,15
E11696,011r;021e;121r,4,0,0,infeasible,,,2,15,14
E11697,011r;021e;121r,4,0,1,infeasible,,,2,15,14
E11698,011r;021e;121r,4,1,0,vacuous,0,,0,15,14
E11699,011r;021e;121r,4,1,1,vacuous,0,,0,15,14
E11700,011r;021e;121r,5,0,0,optimal,1,0,2,16,15
E11701,011r;021e;121r,5,0,1,infeasible,,,2,16,15
E11702,011r;021e;121r,5,0,2,infeasible,,,2,16,15
E11703,011r;021e;121r,5,1,0,vacuous,0,,0,16,15
E11704,011r;021e;121r,5,1,1,vacuous,0,,0,16,15
E11705,011r;021e;121r,5,1,2,vacuous,0,,0,16,15
E11706,011r;021e;121r,6,0,0,infeasible,,,2,16,15
E11707,011r;021e;121r,6,0,1,infeasible,,,2,16,15
E11708,011r;021e;121r,6,0,2,infeasible,,,2,16,15
E11709,011r;021e;121r,6,1,0,vacuous,0,,0,16,15
E11710,011r;021e;121r,6,1,1,vacuous,0,,0,16,15
E11711,011r;021e;121r,6,1,2,vacuous,0,,0,16,15
E11712,011r;021e;121r,7,0,0,optimal,1,0,2,17,16
E11713,011r;021e;121r,7,0,1,infeasible,,,2,17,16
E11714,011r;021e;121r,7,0,2,infeasible,,,2,17,16
E11715,011r;021e;121r,7,0,3,infeasible,,,2,17,16
E11716,011r;021e;121r,7,1,0,vacuous,0,,0,17,16
E11717,011r;021e;121r,7,1,1,vacuous,0,,0,17,16
E11718,011r;021e;121r,7,1,2,vacuous,0,,0,17,16
E11719,011r;021e;121r,7,1,3,vacuous,0,,0,17,16
E11720,011r;021e;121e,0,0,0,infeasible,,,2,14,14
E11721,011r;021e;121e,0,1,0,vacuous,0,,0,14,14
E11722,011r;021e;121e,1,0,0,optimal,1,0,2,15,15
E11723,011r;021e;121e,1,0,1,infeasible,,,2,15,15
E11724,011r;021e;121e,1,1,0,vacuous,0,,0,15,15
E11725,011r;021e;121e,1,1,1,vacuous,0,,0,15,15
E11726,011r;021e;121e,2,0,0,infeasible,,,2,15,15
E11727,011r;021e;121e,2,0,1,infeasible,,,2,15,15
E11728,011r;021e;121e,2,1,0,vacuous,0,,0,15,15
E11729,011r;021e;121e,2,1,1,vacuous,0,,0,15,15
E11730,011r;021e;121e,3,0,0,optimal,1,0,2,16,16
E11731,011r;021e;121e,3,0,1,infeasible,,,2,16,16
E11732,011r;021e;121e,3,0,2,infeasible,,,2,16,16
E11733,011r;021e;121e,3,1,0,vacuous,0,,0,16,16
E11734,011r;021e;121e,3,1,1,vacuous,0,,0,16,16
E11735,011r;021e;121e,3,1,2,vacuous,0,,0,16,16
E11736,011r;021e;121e,4,0,0,infeasible,,,2,15,15
E11737,011r;021e;121e,4,0,1,infeasible,,,2,15,15
E11738,011r;021e;121e,4,1,0,vacuous,0,,0,15,15
E11739,011r;021e;121e,4,1,1,vacuous,0,,0,15,15
E11740,011r;021e;121e,5,0,0,optimal,1,0,2,16,16
E11741,011r;021e;121e,5,0,1,infeasible,,,2,16,16
E11742,011r;021e;121e,5,0,2,infeasible,,,2,16,16
E11743,011r;021e;121e,5,1,0,vacuous,0,,0,16,16
E11744,011r;021e;121e,5,1,1,vacuous,0,,0,16,16
E11745,011r;021e;121e,5,1,2,vacuous,0,,0,16,16
E11746,011r;021e;121e,6,0,0,infeasible,,,2,16,16
E11747,011r;021e;121e,6,0,1,infeasible,,,2,16,16
E11748,011r;021e;121e,6,0,2,infeasible,,,2,16,16
E11749,011r;021e;121e,6,1,0,vacuous,0,,0,16,16
E11750,011r;021e;121e,6,1,1,vacuous,0,,0,16,16
E11751,011r;021e;121e,6,1,2,vacuous,0,,0,16,16
E11752,011r;021e;121e,7,0,0,optimal,1,0,2,17,17
E11753,011r;021e;121e,7,0,1,infeasible,,,2,17,17
E11754,011r;021e;121e,7,0,2,infeasible,,,2,17,17
E11755,011r;021e;121e,7,0,3,infeasible,,,2,17,17
E11756,011r;021e;121e,7,1,0,vacuous,0,,0,17,17
E11757,011r;021e;121e,7,1,1,vacuous,0,,0,17,17
E11758,011r;021e;121e,7,1,2,vacuous,0,,0,17,17
E11759,011r;021e;121e,7,1,3,vacuous,0,,0,17,17
E11760,011e,0,0,0,vacuous,0,,0,14,11
E11761,011e,0,1,0,vacuous,0,,0,14,11
E11762,011e,1,0,0,vacuous,0,,0,15,12
E11763,011e,1,0,1,vacuous,0,,0,15,12
E11764,011e,1,1,0,vacuous,0,,0,15,12
E11765,011e,1,1,1,vacuous,0,,0,15,12
E11766,011e,2,0,0,vacuous,0,,0,15,12
E11767,011e,2,0,1,vacuous,0,,0,15,12
E11768,011e,2,1,0,vacuous,0,,0,15,12
E11769,011e,2,1,1,vacuous,0,,0,15,12
E11770,011e,3,0,0,vacuous,0,,0,16,13
E11771,011e,3,0,1,vacuous,0,,0,16,13
E11772,011e,3,0,2,vacuous,0,,0,16,13
E11773,011e,3,1,0,vacuous,0,,0,16,13
E11774,011e,3,1,1,vacuous,0,,0,16,13
E11775,011e,3,1,2,vacuous,0,,0,16,13
E11776,011e,4,0,0,vacuous,0,,0,15,12
E11777,011e,4,0,1,vacuous,0,,0,15,12
E11778,011e,4,1,0,vacuous,0,,0,15,12
E11779,011e,4,1,1,vacuous,0,,0,15,12
E11780,011e,5,0,0,vacuous,0,,0,16,13
E11781,011e,5,0,1,vacuous,0,,0,16,13
E11782,011e,5,0,2,vacuous,0,,0,16,13
E11783,011e,5,1,0,vacuous,0,,0,16,13
E11784,011e,5,1,1,vacuous,0,,0,16,13
E11785,011e,5,1,2,vacuous,0,,0,16,13
E11786,011e,6,0,0,vacuous,0,,0,16,13
E11787,011e,6,0,1,vacuous,0,,0,16,13
E11788,011e,6,0,2,vacuous,0,,0,16,13
E11789,011e,6,1,0,vacuous,0,,0,16,13
E11790,011e,6,1,1,vacuous,0,,0,16,13
E11791,011e,6,1,2,vacuous,0,,0,16,13
E11792,011e,7,0,0,vacuous,0,,0,17,14
E11793,011e,7,0,1,vacuous,0,,0,17,14
E11794,011e,7,0,2,vacuous,0,,0,17,14
E11795,011e,7,0,3,vacuous,0,,0,17,14
E11796,011e,7,1,0,vacuous,0,,0,17,14
E11797,011e,7,1,1,vacuous,0,,0,17,14
E11798,011e,7,1,2,vacuous,0,,0,17,14
E11799,011e,7,1,3,vacuous,0,,0,17,14
E11800,011e;120k,0,0,0,infeasible,,,2,14,13
E11801,011e;120k,0,1,0,vacuous,0,,0,14,13
E11802,011e;120k,1,0,0,optimal,1,0,2,15,14
E11803,011e;120k,1,0,1,infeasible,,,2,15,14
E11804,011e;120k,1,1,0,vacuous,0,,0,15,14
E11805,011e;120k,1,1,1,vacuous,0,,0,15,14
E11806,011e;120k,2,0,0,infeasible,,,2,15,14
E11807,011e;120k,2,0,1,infeasible,,,2,15,14
E11808,011e;120k,2,1,0,vacuous,0,,0,15,14
E11809,011e;120k,2,1,1,vacuous,0,,0,15,14
E11810,011e;120k,3,0,0,optimal,1,0,2,16,15
E11811,011e;120k,3,0,1,infeasible,,,2,16,15
E11812,011e;120k,3,0,2,infeasible,,,2,16,15
E11813,011e;120k,3,1,0,vacuous,0,,0,16,15
E11814,011e;120k,3,1,1,vacuous,0,,0,16,15
E11815,011e;120k,3,1,2,vacuous,0,,0,16,15
E11816,011e;120k,4,0,0,infeasible,,,2,15,14
E11817,011e;120k,4,0,1,infeasible,,,2,15,14
E11818,011e;120k,4,1,0,vacuous,0,,0,15,14
E11819,011e;120k,4,1,1,vacuous,0,,0,15,14
E11820,011e;120k,5,0,0,optimal,1,0,2,16,15
E11821,011e;120k,5,0,1,infeasible,,,2,16,15
E11822,011e;120k,5,0,2,infeasible,,,2,16,15
E11823,011e;120k,5,1,0,vacuous,0,,0,16,15
E11824,011e;120k,5,1,1,vacuous,0,,0,16,15
E11825,011e;120k,5,1,2,vacuous,0,,0,16,15
E11826,011e;120k,6,0,0,infeasible,,,2,16,15
E11827,011e;120k,6,0,1,infeasible,,,2,16,15
E11828,011e;120k,6,0,2,infeasible,,,2,16,15
E11829,011e;120k,6,1,0,vacuous,0,,0,16,15
E11830,011e;120k,6,1,1,vacuous,0,,0,16,15
E11831,011e;120k,6,1,2,vacuous,0,,0,16,15
E11832,011e;120k,7,0,0,optimal,1,0,2,17,16
E11833,011e;120k,7,0,1,infeasible,,,2,17,16
E11834,011e;120k,7,0,2,infeasible,,,2,17,16
E11835,011e;120k,7,0,3,infeasible,,,2,17,16
E11836,011e;120k,7,1,0,vacuous,0,,0,17,16
E11837,011e;120k,7,1,1,vacuous,0,,0,17,16
E11838,011e;120k,7,1,2,vacuous,0,,0,17,16
E11839,011e;120k,7,1,3,vacuous,0,,0,17,16
E11840,011e;120r,0,0,0,infeasible,,,2,14,13
E11841,011e;120r,0,1,0,vacuous,0,,0,14,13
E11842,011e;120r,1,0,0,optimal,1,0,2,15,14
E11843,011e;120r,1,0,1,infeasible,,,2,15,14
E11844,011e;120r,1,1,0,vacuous,0,,0,15,14
E11845,011e;120r,1,1,1,vacuous,0,,0,15,14
E11846,011e;120r,2,0,0,infeasible,,,2,15,14
E11847,011e;120r,2,0,1,infeasible,,,2,15,14
E11848,011e;120r,2,1,0,vacuous,0,,0,15,14
E11849,011e;120r,2,1,1,vacuous,0,,0,15,14
E11850,011e;120r,3,0,0,optimal,1,0,2,16,15
E11851,011e;120r,3,0,1,infeasible,,,2,16,15
E11852,011e;120r,3,0,2,infeasible,,,2,16,15
E11853,011e;120r,3,1,0,vacuous,0,,0,16,15
E11854,011e;120r,3,1,1,vacuous,0,,0,16,15
E11855,011e;120r,3,1,2,vacuous,0,,0,16,15
E11856,011e;120r,4,0,0,infeasible,,,2,15,14
E11857,011e;120r,4,0,1,infeasible,,,2,15,14
E11858,011e;120r,4,1,0,vacuous,0,,0,15,14
E11859,011e;120r,4,1,1,vacuous,0,,0,15,14
E11860,011e;120r,5,0,0,optimal,1,0,2,16,15
E11861,011e;120r,5,0,1,infeasible,,,2,16,15
E11862,011e;120r,5,0,2,infeasible,,,2,16,15
E11863,011e;120r,5,1,0,vacuous,0,,0,16,15
E11864,011e;120r,5,1,1,vacuous,0,,0,16,15
E11865,011e;120r,5,1,2,vacuous,0,,0,16,15
E11866,011e;120r,6,0,0,infeasible,,,2,16,15
E11867,011e;120r,6,0,1,infeasible,,,2,16,15
E11868,011e;120r,6,0,2,infeasible,,,2,16,15
E11869,011e;120r,6,1,0,vacuous,0,,0,16,15
E11870,011e;120r,6,1,1,vacuous,0,,0,16,15
E11871,011e;120r,6,1,2,vacuous,0,,0,16,15
E11872,011e;120r,7,0,0,optimal,1,0,2,17,16
E11873,011e;120r,7,0,1,infeasible,,,2,17,16
E11874,011e;120r,7,0,2,infeasible,,,2,17,16
E11875,011e;120r,7,0,3,infeasible,,,2,17,16
E11876,011e;120r,7,1,0,vacuous,0,,0,17,16
E11877,011e;120r,7,1,1,vacuous,0,,0,17,16
E11878,011e;120r,7,1,2,vacuous,0,,0,17,16
E11879,011e;120r,7,1,3,vacuous,0,,0,17,16
E11880,011e;120e,0,0,0,infeasible,,,3,14,14
E11881,011e;120e,0,1,0,vacuous,0,,0,14,14
E11882,011e;120e,1,0,0,optimal,1,0,3,15,15
E11883,011e;120e,1,0,1,infeasible,,,3,15,15
E11884,011e;120e,1,1,0,vacuous,0,,0,15,15
E11885,011e;120e,1,1,1,vacuous,0,,0,15,15
E11886,011e;120e,2,0,0,infeasible,,,3,15,15
E11887,011e;120e,2,0,1,infeasible,,,3,15,15
E11888,011e;120e,2,1,0,vacuous,0,,0,15,15
E11889,011e;120e,2,1,1,vacuous,0,,0,15,15
E11890,011e;120e,3,0,0,optimal,1,0,3,16,16
E11891,011e;120e,3,0,1,infeasible,,,3,16,16
E11892,011e;120e,3,0,2,infeasible,,,3,16,16
E11893,011e;120e,3,1,0,vacuous,0,,0,16,16
E11894,011e;120e,3,1,1,vacuous,0,,0,16,16
E11895,011e;120e,3,1,2,vacuous,0,,0,16,16
E11896,011e;120e,4,0,0,infeasible,,,3,15,15
E11897,011e;120e,4,0,1,infeasible,,,3,15,15
E11898,011e;120e,4,1,0,vacuous,0,,0,15,15
E11899,011e;120e,4,1,1,vacuous,0,,0,15,15
E11900,011e;120e,5,0,0,optimal,1,0,3,16,16
E11901,011e;120e,5,0,1,infeasible,,,3,16,16
E11902,011e;120e,5,0,2,infeasible,,,3,16,16
E11903,011e;120e,5,1,0,vacuous,0,,0,16,16
E11904,011e;120e,5,1,1,vacuous,0,,0,16,16
E11905,011e;120e,5,1,2,vacuous,0,,0,16,16
E11906,011e;120e,6,0,0,infeasible,,,3,16,16
E11907,011e;120e,6,0,1,infeasible,,,3,16,16
E11908,011e;120e,6,0,2,infeasible,,,3,16,16
E11909,011e;120e,6,1,0,vacuous,0,,0,16,16
E11910,011e;120e,6,1,1,vacuous,0,,0,16,16
E11911,011e;120e,6,1,2,vacuous,0,,0,16,16
E11912,011e;120e,7,0,0,optimal,1,0,3,17,17
E11913,011e;120e,7,0,1,infeasible,,,3,17,17
E11914,011e;120e,7,0,2,infeasible,,,3,17,17
E11915,011e;120e,7,0,3,infeasible,,,3,17,17
E11916,011e;120e,7,1,0,vacuous,0,,0,17,17
E11917,011e;120e,7,1,1,vacuous,0,,0,17,17
E11918,011e;120e,7,1,2,vacuous,0,,0,17,17
E11919,011e;120e,7,1,3,vacuous,0,,0,17,17
E11920,011e;121k,0,0,0,infeasible,,,1,14,12
E11921,011e;121k,0,1,0,vacuous,0,,0,14,12
E11922,011e;121k,1,0,0,optimal,1,0,1,15,13
E11923,011e;121k,1,0,1,infeasible,,,1,15,13
E11924,011e;121k,1,1,0,vacuous,0,,0,15,13
E11925,011e;121k,1,1,1,vacuous,0,,0,15,13
E11926,011e;121k,2,0,0,optimal,2,0,1,15,13
E11927,011e;121k,2,0,1,infeasible,,,1,15,13
E11928,011e;121k,2,1,0,vacuous,0,,0,15,13
E11929,011e;121k,2,1,1,vacuous,0,,0,15,13
E11930,011e;121k,3,0,0,optimal,1,0,1,16,14
E11931,011e;121k,3,0,1,optimal,3,0;1,1,16,14
E11932,011e;121k,3,0,2,infeasible,,,1,16,14
E11933,011e;121k,3,1,0,vacuous,0,,0,16,14
E11934,011e;121k,3,1,1,vacuous,0,,0,16,14
E11935,011e;121k,3,1,2,vacuous,0,,0,16,14
E11936,011e;121k,4,0,0,optimal,3,0,1,15,13
E11937,011e;121k,4,0,1,infeasible,,,1,15,13
E11938,011e;121k,4,1,0,vacuous,0,,0,15,13
E11939,011e;121k,4,1,1,vacuous,0,,0,15,13
E11940,011e;121k,5,0,0,optimal,1,0,1,16,14
E11941,011e;121k,5,0,1,optimal,4,0;1,1,16,14
E11942,011e;121k,5,0,2,infeasible,,,1,16,14
E11943,011e;121k,5,1,0,vacuous,0,,0,16,14
E11944,011e;121k,5,1,1,vacuous,0,,0,16,14
E11945,011e;121k,5,1,2,vacuous,0,,0,16,14
E11946,011e;121k,6,0,0,optimal,2,0,1,16,14
E11947,011e;121k,6,0,1,optimal,5,0;1,1,16,14
E11948,011e;121k,6,0,2,infeasible,,,1,16,14
E11949,011e;121k,6,1,0,vacuous,0,,0,16,14
E11950,011e;121k,6,1,1,vacuous,0,,0,16,14
E11951,011e;121k,6,1,2,vacuous,0,,0,16,14
E11952,011e;121k,7,0,0,optimal,1,0,1,17,15
E11953,011e;121k,7,0,1,optimal,3,0;1,1,17,15
E11954,011e;121k,7,0,2,optimal,6,0;1;2,1,17,15
E11955,011e;121k,7,0,3,infeasible,,,1,17,15
E11956,011e;121k,7,1,0,vacuous,0,,0,17,15
E11957,011e;121k,7,1,1,vacuous,0,,0,17,15
E11958,011e;121k,7,1,2,vacuous,0,,0,17,15
E11959,011e;121k,7,1,3,vacuous,0,,0,17,15
E11960,011e;121r,0,0,0,infeasible,,,1,14,12
E11961,011e;121r,0,1,0,vacuous,0,,0,14,12
E11962,011e;121r,1,0,0,optimal,1,0,1,15,13
E11963,011e;121r,1,0,1,infeasible,,,1,15,13
E11964,011e;121r,1,1,0,vacuous,0,,0,15,13
E11965,011e;121r,1,1,1,vacuous,0,,0,15,13
E11966,011e;121r,2,0,0,optimal,2,0,1,15,13
E11967,011e;121r,2,0,1,infeasible,,,1,15,13
E11968,011e;121r,2,1,0,vacuous,0,,0,15,13
E11969,011e;121r,2,1,1,vacuous,0,,0,15,13
E11970,011e;121r,3,0,0,optimal,1,0,1,16,14
E11971,011e;121r,3,0,1,optimal,3,0;1,1,16,14
E11972,011e;121r,3,0,2,infeasible,,,1,16,14
E11973,011e;121r,3,1,0,vacuous,0,,0,16,14
E11974,011e;121r,3,1,1,vacuous,0,,0,16,14
E11975,011e;121r,3,1,2,vacuous,0,,0,16,14
E11976,011e;121r,4,0,0,infeasible,,,1,15,13
E11977,011e;121r,4,0,1,infeasible,,,1,15,13
E11978,011e;121r,4,1,0,vacuous,0,,0,15,13
E11979,011e;121r,4,1,1,vacuous,0,,0,15,13
E11980,011e;121r,5,0,0,optimal,1,0,1,16,14
E11981,011e;121r,5,0,1,infeasible,,,1,16,14
E11982,011e;121r,5,0,2,infeasible,,,1,16,14
E11983,011e;121r,5,1,0,vacuous,0,,0,16,14
E11984,011e;121r,5,1,1,vacuous,0,,0,16,14
E11985,011e;121r,5,1,2,vacuous,0,,0,16,14
E11986,011e;121r,6,0,0,optimal,2,0,1,16,14
E11987,011e;121r,6,0,1,infeasible,,,1,16,14
E11988,011e;121r,6,0,2,infeasible,,,1,16,14
E11989,011e;121r,6,1,0,vacuous,0,,0,16,14
E11990,011e;121r,6,1,1,vacuous,0,,0,16,14
E11991,011e;121r,6,1,2,vacuous,0,,0,16,14
E11992,011e;121r,7,0,0,optimal,1,0,1,17,15
E11993,011e;121r,7,0,1,optimal,3,0;1,1,17,15
E11994,011e;121r,7,0,2,infeasible,,,1,17,15
E11995,011e;121r,7,0,3,infeasible,,,1,17,15
E11996,011e;121r,7,1,0,vacuous,0,,0,17,15
E11997,011e;121r,7,1,1,vacuous,0,,0,17,15
E11998,011e;121r,7,1,2,vacuous,0,,0,17,15
E11999,011e;121r,7,1,3,vacuous,0,,0,17,15
E12000,011e;121e,0,0,0,infeasible,,,2,14,13
E12001,011e;121e,0,1,0,vacuous,0,,0,14,13
E12002,011e;121e,1,0,0,optimal,1,0,2,15,14
E12003,011e;121e,1,0,1,infeasible,,,2,15,14
E12004,011e;121e,1,1,0,vacuous,0,,0,15,14
E12005,011e;121e,1,1,1,vacuous,0,,0,15,14
E12006,011e;121e,2,0,0,optimal,2,0,2,15,14
E12007,011e;121e,2,0,1,infeasible,,,2,15,14
E12008,011e;121e,2,1,0,vacuous,0,,0,15,14
E12009,011e;121e,2,1,1,vacuous,0,,0,15,14
E12010,011e;121e,3,0,0,optimal,1,0,2,16,15
E12011,011e;121e,3,0,1,optimal,3,0;1,2,16,15
E12012,011e;121e,3,0,2,infeasible,,,2,16,15
E12013,011e;121e,3,1,0,vacuous,0,,0,16,15
E12014,011e;121e,3,1,1,vacuous,0,,0,16,15
E12015,011e;121e,3,1,2,vacuous,0,,0,16,15
E12016,011e;121e,4,0,0,infeasible,,,2,15,14
E12017,011e;121e,4,0,1,infeasible,,,2,15,14
E12018,011e;121e,4,1,0,vacuous,0,,0,15,14
E12019,011e;121e,4,1,1,vacuous,0,,0,15,14
E12020,011e;121e,5,0,0,optimal,1,0,2,16,15
E12021,011e;121e,5,0,1,infeasible,,,2,16,15
E12022,011e;121e,5,0,2,infeasible,,,2,16,15
E12023,011e;121e,5,1,0,vacuous,0,,0,16,15
E12024,011e;121e,5,1,1,vacuous,0,,0,16,15
E12025,011e;121e,5,1,2,vacuous,0,,0,16,15
E12026,011e;121e,6,0,0,optimal,2,0,2,16,15
E12027,011e;121e,6,0,1,infeasible,,,2,16,15
E12028,011e;121e,6,0,2,infeasible,,,2,16,15
E12029,011e;121e,6,1,0,vacuous,0,,0,16,15
E12030,011e;121e,6,1,1,vacuous,0,,0,16,15
E12031,011e;121e,6,1,2,vacuous,0,,0,16,15
E12032,011e;121e,7,0,0,optimal,1,0,2,17,16
E12033,011e;121e,7,0,1,optimal,3,0;1,2,17,16
E12034,011e;121e,7,0,2,infeasible,,,2,17,16
E12035,011e;121e,7,0,3,infeasible,,,2,17,16
E12036,011e;121e,7,1,0,vacuous,0,,0,17,16
E12037,011e;121e,7,1,1,vacuous,0,,0,17,16
E12038,011e;121e,7,1,2,vacuous,0,,0,17,16
E12039,011e;121e,7,1,3,vacuous,0,,0,17,16
E12040,011e;020k,0,0,0,infeasible,,,1,14,13
E12041,011e;020k,0,1,0,infeasible,,,1,14,13
E12042,011e;020k,1,0,0,optimal,1,0,1,15,14
E12043,011e;020k,1,0,1,infeasible,,,1,15,14
E12044,011e;020k,1,1,0,infeasible,,,1,15,14
E12045,011e;020k,1,1,1,infeasible,,,1,15,14
E12046,011e;020k,2,0,0,infeasible,,,1,15,14
E12047,011e;020k,2,0,1,infeasible,,,1,15,14
E12048,011e;020k,2,1,0,infeasible,,,1,15,14
E12049,011e;020k,2,1,1,infeasible,,,1,15,14
E12050,011e;020k,3,0,0,optimal,1,0,1,16,15
E12051,011e;020k,3,0,1,infeasible,,,1,16,15
E12052,011e;020k,3,0,2,infeasible,,,1,16,15
E12053,011e;020k,3,1,0,infeasible,,,1,16,15
E12054,011e;020k,3,1,1,infeasible,,,1,16,15
E12055,011e;020k,3,1,2,infeasible,,,1,16,15
E12056,011e;020k,4,0,0,optimal,3,0,1,15,14
E12057,011e;020k,4,0,1,infeasible,,,1,15,14
E12058,011e;020k,4,1,0,infeasible,,,1,15,14
E12059,011e;020k,4,1,1,infeasible,,,1,15,14
E12060,011e;020k,5,0,0,optimal,1,0,1,16,15
E12061,011e;020k,5,0,1,optimal,4,0;1,1,16,15
E12062,011e;020k,5,0,2,infeasible,,,1,16,15
E12063,011e;020k,5,1,0,infeasible,,,1,16,15
E12064,011e;020k,5,1,1,infeasible,,,1,16,15
E12065,011e;020k,5,1,2,infeasible,,,1,16,15
E12066,011e;020k,6,0,0,optimal,3,1,1,16,15
E12067,011e;020k,6,0,1,infeasible,,,1,16,15
E12068,011e;020k,6,0,2,infeasible,,,1,16,15
E12069,011e;020k,6,1,0,infeasible,,,1,16,15
E12070,011e;020k,6,1,1,infeasible,,,1,16,15
E12071,011e;020k,6,1,2,infeasible,,,1,16,15
E12072,011e;020k,7,0,0,optimal,1,0,1,17,16
E12073,011e;020k,7,0,1,optimal,4,0;2,1,17,16
E12074,011e;020k,7,0,2,infeasible,,,1,17,16
E12075,011e;020k,7,0,3,infeasible,,,1,17,16
E12076,011e;020k,7,1,0,infeasible,,,1,17,16
E12077,011e;020k,7,1,1,infeasible,,,1,17,16
E12078,011e;020k,7,1,2,infeasible,,,1,17,16
E12079,011e;020k,7,1,3,infeasible,,,1,17,16
E12080,011e;020k;120k,0,0,0,infeasible,,,3,14,15
E12081,011e;020k;120k,0,1,0,infeasible,,,1,14,15
E12082,011e;020k;120k,1,0,0,optimal,1,0,3,15,16
E12083,011e;020k;120k,1,0,1,infeasible,,,3,15,16
E12084,011e;020k;120k,1,1,0,infeasible,,,1,15,16
E12085,011e;020k;120k,1,1,1,infeasible,,,1,15,16
E12086,011e;020k;120k,2,0,0,infeasible,,,3,15,16
E12087,011e;020k;120k,2,0,1,infeasible,,,3,15,16
E12088,011e;020k;120k,2,1,0,infeasible,,,1,15,16
E12089,011e;020k;120k,2,1,1,infeasible,,,1,15,16
E12090,011e;020k;120k,3,0,0,optimal,1,0,3,16,17
E12091,011e;020k;120k,3,0,1,infeasible,,,3,16,17
E12092,011e;020k;120k,3,0,2,infeasible,,,3,16,17
E12093,011e;020k;120k,3,1,0,infeasible,,,1,16,17
E12094,011e;020k;120k,3,1,1,infeasible,,,1,16,17
E12095,011e;020k;120k,3,1,2,infeasible,,,1,16,17
E12096,011e;020k;120k,4,0,0,infeasible,,,3,15,16
E12097,011e;020k;120k,4,0,1,infeasible,,,3,15,16
E12098,011e;020k;120k,4,1,0,infeasible,,,1,15,16
E12099,011e;020k;120k,4,1,1,infeasible,,,1,15,16
E12100,011e;020k;120k,5,0,0,optimal,1,0,3,16,17
E12101,011e;020k;120k,5,0,1,infeasible,,,3,16,17
E12102,011e;020k;120k,5,0,2,infeasible,,,3,16,17
E12103,011e;020k;120k,5,1,0,infeasible,,,1,16,17
E12104,011e;020k;120k,5,1,1,infeasible,,,1,16,17
E12105,011e;020k;120k,5,1,2,infeasible,,,1,16,17
E12106,011e;020k;120k,6,0,0,infeasible,,,3,16,17
E12107,011e;020k;120k,6,0,1,infeasible,,,3,16,17
E12108,011e;020k;120k,6,0,2,infeasible,,,3,16,17
E12109,011e;020k;120k,6,1,0,infeasible,,,1,16,17
E12110,011e;020k;120k,6,1,1,infeasible,,,1,16,17
E12111,011e;020k;120k,6,1,2,infeasible,,,1,16,17
E12112,011e;020k;120k,7,0,0,optimal,1,0,3,17,18
E12113,011e;020k;120k,7,0,1,infeasible,,,3,17,18
E12114,011e;020k;120k,7,0,2,infeasible,,,3,17,18
E12115,011e;020k;120k,7,0,3,infeasible,,,3,17,18
E12116,011e;020k;120k,7,1,0,infeasible,,,1,17,18
E12117,011e;020k;120k,7,1,1,infeasible,,,1,17,18
E12118,011e;020k;120k,7,1,2,infeasible,,,1,17,18
E12119,011e;020k;120k,7,1,3,infeasible,,,1,17,18
E12120,011e;020k;120r,0,0,0,infeasible,,,3,14,15
E12121,011e;020k;120r,0,1,0,infeasible,,,1,14,15
E12122,011e;020k;120r,1,0,0,optimal,1,0,3,15,16
E12123,011e;020k;120r,1,0,1,infeasible,,,3,15,16
E12124,011e;020k;120r,1,1,0,infeasible,,,1,15,16
E12125,011e;020k;120r,1,1,1,infeasible,,,1,15,16
E12126,011e;020k;120r,2,0,0,infeasible,,,3,15,16
E12127,011e;020k;120r,2,0,1,infeasible,,,3,15,16
E12128,011e;020k;120r,2,1,0,infeasible,,,1,15,16
E12129,011e;020k;120r,2,1,1,infeasible,,,1,15,16
E12130,011e;020k;120r,3,0,0,optimal,1,0,3,16,17
E12131,011e;020k;120r,3,0,1,infeasible,,,3,16,17
E12132,011e;020k;120r,3,0,2,infeasible,,,3,16,17
E12133,011e;020k;120r,3,1,0,infeasible,,,1,16,17
E12134,011e;020k;120r,3,1,1,infeasible,,,1,16,17
E12135,011e;020k;120r,3,1,2,infeasible,,,1,16,17
E12136,011e;020k;120r,4,0,0,infeasible,,,3,15,16
E12137,011e;020k;120r,4,0,1,infeasible,,,3,15,16
E12138,011e;020k;120r,4,1,0,infeasible,,,1,15,16
E12139,011e;020k;120r,4,1,1,infeasible,,,1,15,16
E12140,011e;020k;120r,5,0,0,optimal,1,0,3,16,17
E12141,011e;020k;120r,5,0,1,infeasible,,,3,16,17
E12142,011e;020k;120r,5,0,2,infeasible,,,3,16,17
E12143,011e;020k;120r,5,1,0,infeasible,,,1,16,17
E12144,011e;020k;120r,5,1,1,infeasible,,,1,16,17
E12145,011e;020k;120r,5,1,2,infeasible,,,1,16,17
E12146,011e;020k;120r,6,0,0,infeasible,,,3,16,17
E12147,011e;020k;120r,6,0,1,infeasible,,,3,16,17
E12148,011e;020k;120r,6,0,2,infeasible,,,3,16,17
E12149,011e;020k;120r,6,1,0,infeasible,,,1,16,17
E12150,011e;020k;120r,6,1,1,infeasible,,,1,16,17
E12151,011e;020k;120r,6,1,2,infeasible,,,1,16,17
E12152,011e;020k;120r,7,0,0,optimal,1,0,3,17,18
E12153,011e;020k;120r,7,0,1,infeasible,,,3,17,18
E12154,011e;020k;120r,7,0,2,infeasible,,,3,17,18
E12155,011e;020k;120r,7,0,3,infeasible,,,3,17,18
E12156,011e;020k;120r,7,1,0,infeasible,,,1,17,18
E12157,011e;020k;120r,7,1,1,infeasible,,,1,17,18
E12158,011e;020k;120r,7,1,2,infeasible,,,1,17,18
E12159,011e;020k;120r,7,1,3,infeasible,,,1,17,18
E12160,011e;020k;120e,0,0,0,infeasible,,,4,14,16
E12161,011e;020k;120e,0,1,0,infeasible,,,1,14,16
E12162,011e;020k;120e,1,0,0,optimal,1,0,4,15,17
E12163,011e;020k;120e,1,0,1,infeasible,,,4,15,17
E12164,011e;020k;120e,1,1,0,infeasible,,,1,15,17
E12165,011e;020k;120e,1,1,1,infeasible,,,1,15,17
E12166,011e;020k;120e,2,0,0,infeasible,,,4,15,17
E12167,011e;020k;120e,2,0,1,infeasible,,,4,15,17
E12168,011e;020k;120e,2,1,0,infeasible,,,1,15,17
E12169,011e;020k;120e,2,1,1,infeasible,,,1,15,17
E12170,011e;020k;120e,3,0,0,optimal,1,0,4,16,18
E12171,011e;020k;120e,3,0,1,infeasible,,,4,16,18
E12172,011e;020k;120e,3,0,2,infeasible,,,4,16,18
E12173,011e;020k;120e,3,1,0,infeasible,,,1,16,18
E12174,011e;020k;120e,3,1,1,infeasible,,,1,16,18
E12175,011e;020k;120e,3,1,2,infeasible,,,1,16,18
E12176,011e;020k;120e,4,0,0,infeasible,,,4,15,17
E12177,011e;020k;120e,4,0,1,infeasible,,,4,15,17
E12178,011e;020k;120e,4,1,0,infeasible,,,1,15,17
E12179,011e;020k;120e,4,1,1,infeasible,,,1,15,17
E12180,011e;020k;120e,5,0,0,optimal,1,0,4,16,18
E12181,011e;020k;120e,5,0,1,infeasible,,,4,16,18
E12182,011e;020k;120e,5,0,2,infeasible,,,4,16,18
E12183,011e;020k;120e,5,1,0,infeasible,,,1,16,18
E12184,011e;020k;120e,5,1,1,infeasible,,,1,16,18
E12185,011e;020k;120e,5,1,2,infeasible,,,1,16,18
E12186,011e;020k;120e,6,0,0,infeasible,,,4,16,18
E12187,011e;020k;120e,6,0,1,infeasible,,,4,16,18
E12188,011e;020k;120e,6,0,2,infeasible,,,4,16,18
E12189,011e;020k;120e,6,1,0,infeasible,,,1,16,18
E12190,011e;020k;120e,6,1,1,infeasible,,,1,16,18
E12191,011e;020k;120e,6,1,2,infeasible,,,1,16,18
E12192,011e;020k;120e,7,0,0,optimal,1,0,4,17,19
E12193,011e;020k;120e,7,0,1,infeasible,,,4,17,19
E12194,011e;020k;120e,7,0,2,infeasible,,,4,17,19
E12195,011e;020k;120e,7,0,3,infeasible,,,4,17,19
E12196,011e;020k;120e,7,1,0,infeasible,,,1,17,19
E12197,011e;020k;120e,7,1,1,infeasible,,,1,17,19
E12198,011e;020k;120e,7,1,2,infeasible,,,1,17,19
E12199,011e;020k;120e,7,1,3,infeasible,,,1,17,19
E12200,011e;020k;121k,0,0,0,infeasible,,,2,14,14
E12201,011e;020k;121k,0,1,0,infeasible,,,1,14,14
E12202,011e;020k;121k,1,0,0,optimal,1,0,2,15,15
E12203,011e;020k;121k,1,0,1,infeasible,,,2,15,15
E12204,011e;020k;121k,1,1,0,infeasible,,,1,15,15
E12205,011e;020k;121k,1,1,1,infeasible,,,1,15,15
E12206,011e;020k;121k,2,0,0,infeasible,,,2,15,15
E12207,011e;020k;121k,2,0,1,infeasible,,,2,15,15
E12208,011e;020k;121k,2,1,0,infeasible,,,1,15,15
E12209,011e;020k;121k,2,1,1,infeasible,,,1,15,15
E12210,011e;020k;121k,3,0,0,optimal,1,0,2,16,16
E12211,011e;020k;121k,3,0,1,infeasible,,,2,16,16
E12212,011e;020k;121k,3,0,2,infeasible,,,2,16,16
E12213,011e;020k;121k,3,1,0,infeasible,,,1,16,16
E12214,011e;020k;121k,3,1,1,infeasible,,,1,16,16
E12215,011e;020k;121k,3,1,2,infeasible,,,1,16,16
E12216,011e;020k;121k,4,0,0,optimal,3,0,2,15,15
E12217,011e;020k;121k,4,0,1,infeasible,,,2,15,15
E12218,011e;020k;121k,4,1,0,infeasible,,,1,15,15
E12219,011e;020k;121k,4,1,1,infeasible,,,1,15,15
E12220,011e;020k;121k,5,0,0,optimal,1,0,2,16,16
E12221,011e;020k;121k,5,0,1,optimal,4,0;1,2,16,16
E12222,011e;020k;121k,5,0,2,infeasible,,,2,16,16
E12223,011e;020k;121k,5,1,0,infeasible,,,1,16,16
E12224,011e;020k;121k,5,1,1,infeasible,,,1,16,16
E12225,011e;020k;121k,5,1,2,infeasible,,,1,16,16
E12226,011e;020k;121k,6,0,0,optimal,3,1,2,16,16
E12227,011e;020k;121k,6,0,1,infeasible,,,2,16,16
E12228,011e;020k;121k,6,0,2,infeasible,,,2,16,16
E12229,011e;020k;121k,6,1,0,infeasible,,,1,16,16
E12230,011e;020k;121k,6,1,1,infeasible,,,1,16,16
E12231,011e;020k;121k,6,1,2,infeasible,,,1,16,16
E12232,011e;020k;121k,7,0,0,optimal,1,0,2,17,17
E12233,011e;020k;121k,7,0,1,optimal,4,0;2,2,17,17
E12234,011e;020k;121k,7,0,2,infeasible,,,2,17,17
E12235,011e;020k;121k,7,0,3,infeasible,,,2,17,17
E12236,011e;020k;121k,7,1,0,infeasible,,,1,17,17
E12237,011e;020k;121k,7,1,1,infeasible,,,1,17,17
E12238,011e;020k;121k,7,1,2,infeasible,,,1,17,17
E12239,011e;020k;121k,7,1,3,infeasible,,,1,17,17
E12240,011e;020k;121r,0,0,0,infeasible,,,2,14,14
E12241,011e;020k;121r,0,1,0,infeasible,,,1,14,14
E12242,011e;020k;121r,1,0,0,optimal,1,0,2,15,15
E12243,011e;020k;121r,1,0,1,infeasible,,,2,15,15
E12244,011e;020k;121r,1,1,0,infeasible,,,1,15,15
E12245,011e;020k;121r,1,1,1,infeasible,,,1,15,15
E12246,011e;020k;121r,2,0,0,infeasible,,,2,15,15
E12247,011e;020k;121r,2,0,1,infeasible,,,2,15,15
E12248,011e;020k;121r,2,1,0,infeasible,,,1,15,15
E12249,011e;020k;121r,2,1,1,infeasible,,,1,15,15
E12250,011e;020k;121r,3,0,0,optimal,1,0,2,16,16
E12251,011e;020k;121r,3,0,1,infeasible,,,2,16,16
E12252,011e;020k;121r,3,0,2,infeasible,,,2,16,16
E12253,011e;020k;121r,3,1,0,infeasible,,,1,16,16
E12254,011e;020k;121r,3,1,1,infeasible,,,1,16,16
E12255,011e;020k;121r,3,1,2,infeasible,,,1,16,16
E12256,011e;020k;121r,4,0,0,infeasible,,,2,15,15
E12257,011e;020k;121r,4,0,1,infeasible,,,2,15,15
E12258,011e;020k;121r,4,1,0,infeasible,,,1,15,15
E12259,011e;020k;121r,4,1,1,infeasible,,,1,15,15
E12260,011e;020k;121r,5,0,0,optimal,1,0,2,16,16
E12261,011e;020k;121r,5,0,1,infeasible,,,2,16,16
E12262,011e;020k;121r,5,0,2,infeasible,,,2,16,16
E12263,011e;020k;121r,5,1,0,infeasible,,,1,16,16
E12264,011e;020k;121r,5,1,1,infeasible,,,1,16,16
E12265,011e;020k;121r,5,1,2,infeasible,,,1,16,16
E12266,011e;020k;121r,6,0,0,optimal,5,0;1,2,16,16
E12267,011e;020k;121r,6,0,1,infeasible,,,2,16,16
E12268,011e;020k;121r,6,0,2,infeasible,,,2,16,16
E12269,011e;020k;121r,6,1,0,infeasible,,,1,16,16
E12270,011e;020k;121r,6,1,1,infeasible,,,1,16,16
E12271,011e;020k;121r,6,1,2,infeasible,,,1,16,16
E12272,011e;020k;121r,7,0,0,optimal,1,0,2,17,17
E12273,011e;020k;121r,7,0,1,optimal,6,0;1;2,2,17,17
E12274,011e;020k;121r,7,0,2,infeasible,,,2,17,17
E12275,011e;020k;121r,7,0,3,infeasible,,,2,17,17
E12276,011e;020k;121r,7,1,0,infeasible,,,1,17,17
E12277,011e;020k;121r,7,1,1,infeasible,,,1,17,17
E12278,011e;020k;121r,7,1,2,infeasible,,,1,17,17
E12279,011e;020k;121r,7,1,3,infeasible,,,1,17,17
E12280,011e;020k;121e,0,0,0,infeasible,,,3,14,15
E12281,011e;020k;121e,0,1,0,infeasible,,,1,14,15
E12282,011e;020k;121e,1,0,0,optimal,1,0,3,15,16
E12283,011e;020k;121e,1,0,1,infeasible,,,3,15,16
E12284,011e;020k;121e,1,1,0,infeasible,,,1,15,16
E12285,011e;020k;121e,1,1,1,infeasible,,,1,15,16
E12286,011e;020k;121e,2,0,0,infeasible,,,3,15,16
E12287,011e;020k;121e,2,0,1,infeasible,,,3,15,16
E12288,011e;020k;121e,2,1,0,infeasible,,,1,15,16
E12289,011e;020k;121e,2,1,1,infeasible,,,1,15,16
E12290,011e;020k;121e,3,0,0,optimal,1,0,3,16,17
E12291,011e;020k;121e,3,0,1,infeasible,,,3,16,17
E12292,011e;020k;121e,3,0,2,infeasible,,,3,16,17
E12293,011e;020k;121e,3,1,0,infeasible,,,1,16,17
E12294,011e;020k;121e,3,1,1,infeasible,,,1,16,17
E12295,011e;020k;121e,3,1,2,infeasible,,,1,16,17
E12296,011e;020k;121e,4,0,0,infeasible,,,3,15,16
E12297,011e;020k;121e,4,0,1,infeasible,,,3,15,16
E12298,011e;020k;121e,4,1,0,infeasible,,,1,15,16
E12299,011e;020k;121e,4,1,1,infeasible,,,1,15,16
E12300,011e;020k;121e,5,0,0,optimal,1,0,3,16,17
E12301,011e;020k;121e,5,0,1,infeasible,,,3,16,17
E12302,011e;020k;121e,5,0,2,infeasible,,,3,16,17
E12303,011e;020k;121e,5,1,0,infeasible,,,1,16,17
E12304,011e;020k;121e,5,1,1,infeasible,,,1,16,17
E12305,011e;020k;121e,5,1,2,infeasible,,,1,16,17
E12306,011e;020k;121e,6,0,0,optimal,5,0;1,3,16,17
E12307,011e;020k;121e,6,0,1,infeasible,,,3,16,17
E12308,011e;020k;121e,6,0,2,infeasible,,,3,16,17
E12309,011e;020k;121e,6,1,0,infeasible,,,1,16,17
E12310,011e;020k;121e,6,1,1,infeasible,,,1,16,17
E12311,011e;020k;121e,6,1,2,infeasible,,,1,16,17
E12312,011e;020k;121e,7,0,0,optimal,1,0,3,17,18
E12313,011e;020k;121e,7,0,1,optimal,6,0;1;2,3,17,18
E12314,011e;020k;121e,7,0,2,infeasible,,,3,17,18
E12315,011e;020k;121e,7,0,3,infeasible,,,3,17,18
E12316,011e;020k;121e,7,1,0,infeasible,,,1,17,18
E12317,011e;020k;121e,7,1,1,infeasible,,,1,17,18
E12318,011e;020k;121e,7,1,2,infeasible,,,1,17,18
E12319,011e;020k;121e,7,1,3,infeasible,,,1,17,18
E12320,011e;020r,0,0,0,infeasible,,,1,14,13
E12321,011e;020r,0,1,0,infeasible,,,1,14,13
E12322,011e;020r,1,0,0,optimal,1,0,1,15,14
E12323,011e;020r,1,0,1,infeasible,,,1,15,14
E12324,011e;020r,1,1,0,infeasible,,,1,15,14
E12325,011e;020r,1,1,1,infeasible,,,1,15,14
E12326,011e;020r,2,0,0,infeasible,,,1,15,14
E12327,011e;020r,2,0,1,infeasible,,,1,15,14
E12328,011e;020r,2,1,0,infeasible,,,1,15,14
E12329,011e;020r,2,1,1,infeasible,,,1,15,14
E12330,011e;020r,3,0,0,optimal,1,0,1,16,15
E12331,011e;020r,3,0,1,infeasible,,,1,16,15
E12332,011e;020r,3,0,2,infeasible,,,1,16,15
E12333,011e;020r,3,1,0,infeasible,,,1,16,15
E12334,011e;020r,3,1,1,infeasible,,,1,16,15
E12335,011e;020r,3,1,2,infeasible,,,1,16,15
E12336,011e;020r,4,0,0,infeasible,,,1,15,14
E12337,011e;020r,4,0,1,infeasible,,,1,15,14
E12338,011e;020r,4,1,0,infeasible,,,1,15,14
E12339,011e;020r,4,1,1,infeasible,,,1,15,14
E12340,011e;020r,5,0,0,optimal,1,0,1,16,15
E12341,011e;020r,5,0,1,infeasible,,,1,16,15
E12342,011e;020r,5,0,2,infeasible,,,1,16,15
E12343,011e;020r,5,1,0,infeasible,,,1,16,15
E12344,011e;020r,5,1,1,infeasible,,,1,16,15
E12345,011e;020r,5,1,2,infeasible,,,1,16,15
E12346,011e;020r,6,0,0,infeasible,,,1,16,15
E12347,011e;020r,6,0,1,infeasible,,,1,16,15
E12348,011e;020r,6,0,2,infeasible,,,1,16,15
E12349,011e;020r,6,1,0,infeasible,,,1,16,15
E12350,011e;020r,6,1,1,infeasible,,,1,16,15
E12351,011e;020r,6,1,2,infeasible,,,1,16,15
E12352,011e;020r,7,0,0,optimal,1,0,1,17,16
E12353,011e;020r,7,0,1,infeasible,,,1,17,16
E12354,011e;020r,7,0,2,infeasible,,,1,17,16
E12355,011e;020r,7,0,3,infeasible,,,1,17,16
E12356,011e;020r,7,1,0,infeasible,,,1,17,16
E12357,011e;020r,7,1,1,infeasible,,,1,17,16
E12358,011e;020r,7,1,2,infeasible,,,1,17,16
E12359,011e;020r,7,1,3,infeasible,,,1,17,16
E12360,011e;020r;120k,0,0,0,infeasible,,,3,14,15
E12361,011e;020r;120k,0,1,0,infeasible,,,1,14,15
E12362,011e;020r;120k,1,0,0,optimal,1,0,3,15,16
E12363,011e;020r;120k,1,0,1,infeasible,,,3,15,16
E12364,011e;020r;120k,1,1,0,infeasible,,,1,15,16
E12365,011e;020r;120k,1,1,1,infeasible,,,1,15,16
E12366,011e;020r;120k,2,0,0,infeasible,,,3,15,16
E12367,011e;020r;120k,2,0,1,infeasible,,,3,15,16
E12368,011e;020r;120k,2,1,0,infeasible,,,1,15,16
E12369,011e;020r;120k,2,1,1,infeasible,,,1,15,16
E12370,011e;020r;120k,3,0,0,optimal,1,0,3,16,17
E12371,011e;020r;120k,3,0,1,infeasible,,,3,16,17
E12372,011e;020r;120k,3,0,2,infeasible,,,3,16,17
E12373,011e;020r;120k,3,1,0,infeasible,,,1,16,17
E12374,011e;020r;120k,3,1,1,infeasible,,,1,16,17
E12375,011e;020r;120k,3,1,2,infeasible,,,1,16,17
E12376,011e;020r;120k,4,0,0,infeasible,,,3,15,16
E12377,011e;020r;120k,4,0,1,infeasible,,,3,15,16
E12378,011e;020r;120k,4,1,0,infeasible,,,1,15,16
E12379,011e;020r;120k,4,1,1,infeasible,,,1,15,16
E12380,011e;020r;120k,5,0,0,optimal,1,0,3,16,17
E12381,011e;020r;120k,5,0,1,infeasible,,,3,16,17
E12382,011e;020r;120k,5,0,2,infeasible,,,3,16,17
E12383,011e;020r;120k,5,1,0,infeasible,,,1,16,17
E12384,011e;020r;120k,5,1,1,infeasible,,,1,16,17
E12385,011e;020r;120k,5,1,2,infeasible,,,1,16,17
E12386,011e;020r;120k,6,0,0,infeasible,,,3,16,17
E12387,011e;020r;120k,6,0,1,infeasible,,,3,16,17
E12388,011e;020r;120k,6,0,2,infeasible,,,3,16,17
E12389,011e;020r;120k,6,1,0,infeasible,,,1,16,17
E12390,011e;020r;120k,6,1,1,infeasible,,,1,16,17
E12391,011e;020r;120k,6,1,2,infeasible,,,1,16,17
E12392,011e;020r;120k,7,0,0,optimal,1,0,3,17,18
E12393,011e;020r;120k,7,0,1,infeasible,,,3,17,18
E12394,011e;020r;120k,7,0,2,infeasible,,,3,17,18
E12395,011e;020r;120k,7,0,3,infeasible,,,3,17,18
E12396,011e;020r;120k,7,1,0,infeasible,,,1,17,18
E12397,011e;020r;120k,7,1,1,infeasible,,,1,17,18
E12398,011e;020r;120k,7,1,2,infeasible,,,1,17,18
E12399,011e;020r;120k,7,1,3,infeasible,,,1,17,18
E12400,011e;020r;120r,0,0,0,infeasible,,,3,14,15
E12401,011e;020r;120r,0,1,0,infeasible,,,1,14,15
E12402,011e;020r;120r,1,0,0,optimal,1,0,3,15,16
E12403,011e;020r;120r,1,0,1,infeasible,,,3,15,16
E12404,011e;020r;120r,1,1,0,infeasible,,,1,15,16
E12405,011e;020r;120r,1,1,1,infeasible,,,1,15,16
E12406,011e;020r;120r,2,0,0,infeasible,,,3,15,16
E12407,011e;020r;120r,2,0,1,infeasible,,,3,15,16
E12408,011e;020r;120r,2,1,0,infeasible,,,1,15,16
E12409,011e;020r;120r,2,1,1,infeasible,,,1,15,16
E12410,011e;020r;120r,3,0,0,optimal,1,0,3,16,17
E12411,011e;020r;120r,3,0,1,infeasible,,,3,16,17
E12412,011e;020r;120r,3,0,2,infeasible,,,3,16,17
E12413,011e;020r;120r,3,1,0,infeasible,,,1,16,17
E12414,011e;020r;120r,3,1,1,infeasible,,,1,16,17
E12415,011e;020r;120r,3,1,2,infeasible,,,1,16,17
E12416,011e;020r;120r,4,0,0,infeasible,,,3,15,16
E12417,011e;020r;120r,4,0,1,infeasible,,,3,15,16
E12418,011e;020r;120r,4,1,0,infeasible,,,1,15,16
E12419,011e;020r;120r,4,1,1,infeasible,,,1,15,16
E12420,011e;020r;120r,5,0,0,optimal,1,0,3,16,17
E12421,011e;020r;120r,5,0,1,infeasible,,,3,16,17
E12422,011e;020r;120r,5,0,2,infeasible,,,3,16,17
E12423,011e;020r;120r,5,1,0,infeasible,,,1,16,17
E12424,011e;020r;120r,5,1,1,infeasible,,,1,16,17
E12425,011e;020r;120r,5,1,2,infeasible,,,1,16,17
E12426,011e;020r;120r,6,0,0,infeasible,,,3,16,17
E12427,011e;020r;120r,6,0,1,infeasible,,,3,16,17
E12428,011e;020r;120r,6,0,2,infeasible,,,3,16,17
E12429,011e;020r;120r,6,1,0,infeasible,,,1,16,17
E12430,011e;020r;120r,6,1,1,infeasible,,,1,16,17
E12431,011e;020r;120r,6,1,2,infeasible,,,1,16,17
E12432,011e;020r;120r,7,0,0,optimal,1,0,3,17,18
E12433,011e;020r;120r,7,0,1,infeasible,,,3,17,18
E12434,011e;020r;120r,7,0,2,infeasible,,,3,17,18
E12435,011e;020r;120r,7,0,3,infeasible,,,3,17,18
E12436,011e;020r;120r,7,1,0,infeasible,,,1,17,18
E12437,011e;020r;120r,7,1,1,infeasible,,,1,17,18
E12438,011e;020r;120r,7,1,2,infeasible,,,1,17,18
E12439,011e;020r;120r,7,1,3,infeasible,,,1,17,18
E12440,011e;020r;120e,0,0,0,infeasible,,,4,14,16
E12441,011e;020r;120e,0,1,0,infeasible,,,1,14,16
E12442,011e;020r;120e,1,0,0,optimal,1,0,4,15,17
E12443,011e;020r;120e,1,0,1,infeasible,,,4,15,17
E12444,011e;020r;120e,1,1,0,infeasible,,,1,15,17
E12445,011e;020r;120e,1,1,1,infeasible,,,1,15,17
E12446,011e;020r;120e,2,0,0,infeasible,,,4,15,17
E12447,011e;020r;120e,2,0,1,infeasible,,,4,15,17
E12448,011e;020r;120e,2,1,0,infeasible,,,1,15,17
E12449,011e;020r;120e,2,1,1,infeasible,,,1,15,17
E12450,011e;020r;120e,3,0,0,optimal,1,0,4,16,18
E12451,011e;020r;120e,3,0,1,infeasible,,,4,16,18
E12452,011e;020r;120e,3,0,2,infeasible,,,4,16,18
E12453,011e;020r;120e,3,1,0,infeasible,,,1,16,18
E12454,011e;020r;120e,3,1,1,infeasible,,,1,16,18
E12455,011e;020r;120e,3,1,2,infeasible,,,1,16,18
E12456,011e;020r;120e,4,0,0,infeasible,,,4,15,17
E12457,011e;020r;120e,4,0,1,infeasible,,,4,15,17
E12458,011e;020r;120e,4,1,0,infeasible,,,1,15,17
E12459,011e;020r;120e,4,1,1,infeasible,,,1,15,17
E12460,011e;020r;120e,5,0,0,optimal,1,0,4,16,18
E12461,011e;020r;120e,5,0,1,infeasible,,,4,16,18
E12462,011e;020r;120e,5,0,2,infeasible,,,4,16,18
E12463,011e;020r;120e,5,1,0,infeasible,,,1,16,18
E12464,011e;020r;120e,5,1,1,infeasible,,,1,16,18
E12465,011e;020r;120e,5,1,2,infeasible,,,1,16,18
E12466,011e;020r;120e,6,0,0,infeasible,,,4,16,18
E12467,011e;020r;120e,6,0,1,infeasible,,,4,16,18
E12468,011e;020r;120e,6,0,2,infeasible,,,4,16,18
E12469,011e;020r;120e,6,1,0,infeasible,,,1,16,18
E12470,011e;020r;120e,6,1,1,infeasible,,,1,16,18
E12471,011e;020r;120e,6,1,2,infeasible,,,1,16,18
E12472,011e;020r;120e,7,0,0,optimal,1,0,4,17,19
E12473,011e;020r;120e,7,0,1,infeasible,,,4,17,19
E12474,011e;020r;120e,7,0,2,infeasible,,,4,17,19
E12475,011e;020r;120e,7,0,3,infeasible,,,4,17,19
E12476,011e;020r;120e,7,1,0,infeasible,,,1,17,19
E12477,011e;020r;120e,7,1,1,infeasible,,,1,17,19
E12478,011e;020r;120e,7,1,2,infeasible,,,1,17,19
E12479,011e;020r;120e,7,1,3,infeasible,,,1,17,19
E12480,011e;020r;121k,0,0,0,infeasible,,,2,14,14
E12481,011e;020r;121k,0,1,0,infeasible,,,1,14,14
E12482,011e;020r;121k,1,0,0,optimal,1,0,2,15,15
E12483,011e;020r;121k,1,0,1,infeasible,,,2,15,15
E12484,011e;020r;121k,1,1,0,infeasible,,,1,15,15
E12485,011e;020r;121k,1,1,1,infeasible,,,1,15,15
E12486,011e;020r;121k,2,0,0,infeasible,,,2,15,15
E12487,011e;020r;121k,2,0,1,infeasible,,,2,15,15
E12488,011e;020r;121k,2,1,0,infeasible,,,1,15,15
E12489,011e;020r;121k,2,1,1,infeasible,,,1,15,15
E12490,011e;020r;121k,3,0,0,optimal,1,0,2,16,16
E12491,011e;020r;121k,3,0,1,infeasible,,,2,16,16
E12492,011e;020r;121k,3,0,2,infeasible,,,2,16,16
E12493,011e;020r;121k,3,1,0,infeasible,,,1,16,16
E12494,011e;020r;121k,3,1,1,infeasible,,,1,16,16
E12495,011e;020r;121k,3,1,2,infeasible,,,1,16,16
E12496,011e;020r;121k,4,0,0,infeasible,,,2,15,15
E12497,011e;020r;121k,4,0,1,infeasible,,,2,15,15
E12498,011e;020r;121k,4,1,0,infeasible,,,1,15,15
E12499,011e;020r;121k,4,1,1,infeasible,,,1,15,15
E12500,011e;020r;121k,5,0,0,optimal,1,0,2,16,16
E12501,011e;020r;121k,5,0,1,infeasible,,,2,16,16
E12502,011e;020r;121k,5,0,2,infeasible,,,2,16,16
E12503,011e;020r;121k,5,1,0,infeasible,,,1,16,16
E12504,011e;020r;121k,5,1,1,infeasible,,,1,16,16
E12505,011e;020r;121k,5,1,2,infeasible,,,1,16,16
E12506,011e;020r;121k,6,0,0,infeasible,,,2,16,16
E12507,011e;020r;121k,6,0,1,infeasible,,,2,16,16
E12508,011e;020r;121k,6,0,2,infeasible,,,2,16,16
E12509,011e;020r;121k,6,1,0,infeasible,,,1,16,16
E12510,011e;020r;121k,6,1,1,infeasible,,,1,16,16
E12511,011e;020r;121k,6,1,2,infeasible,,,1,16,16
E12512,011e;020r;121k,7,0,0,optimal,1,0,2,17,17
E12513,011e;020r;121k,7,0,1,infeasible,,,2,17,17
E12514,011e;020r;121k,7,0,2,infeasible,,,2,17,17
E12515,011e;020r;121k,7,0,3,infeasible,,,2,17,17
E12516,011e;020r;121k,7,1,0,infeasible,,,1,17,17
E12517,011e;020r;121k,7,1,1,infeasible,,,1,17,17
E12518,011e;020r;121k,7,1,2,infeasible,,,1,17,17
E12519,011e;020r;121k,7,1,3,infeasible,,,1,17,17
E12520,011e;020r;121r,0,0,0,infeasible,,,2,14,14
E12521,011e;020r;121r,0,1,0,infeasible,,,1,14,14
E12522,011e;020r;121r,1,0,0,optimal,1,0,2,15,15
E12523,011e;020r;121r,1,0,1,infeasible,,,2,15,15
E12524,011e;020r;121r,1,1,0,infeasible,,,1,15,15
E12525,011e;020r;121r,1,1,1,infeasible,,,1,15,15
E12526,011e;020r;121r,2,0,0,infeasible,,,2,15,15
E12527,011e;020r;121r,2,0,1,infeasible,,,2,15,15
E12528,011e;020r;121r,2,1,0,infeasible,,,1,15,15
E12529,011e;020r;121r,2,1,1,infeasible,,,1,15,15
E12530,011e;020r;121r,3,0,0,optimal,1,0,2,16,16
E12531,011e;020r;121r,3,0,1,infeasible,,,2,16,16
E12532,011e;020r;121r,3,0,2,infeasible,,,2,16,16
E12533,011e;020r;121r,3,1,0,infeasible,,,1,16,16
E12534,011e;020r;121r,3,1,1,infeasible,,,1,16,16
E12535,011e;020r;121r,3,1,2,infeasible,,,1,16,16
E12536,011e;020r;121r,4,0,0,infeasible,,,2,15,15
E12537,011e;020r;121r,4,0,1,infeasible,,,2,15,15
E12538,011e;020r;121r,4,1,0,infeasible,,,1,15,15
E12539,011e;020r;121r,4,1,1,infeasible,,,1,15,15
E12540,011e;020r;121r,5,0,0,optimal,1,0,2,16,16
E12541,011e;020r;121r,5,0,1,infeasible,,,2,16,16
E12542,011e;020r;121r,5,0,2,infeasible,,,2,16,16
E12543,011e;020r;121r,5,1,0,infeasible,,,1,16,16
E12544,011e;020r;121r,5,1,1,infeasible,,,1,16,16
E12545,011e;020r;121r,5,1,2,infeasible,,,1,16,16
E12546,011e;020r;121r,6,0,0,infeasible,,,2,16,16
E12547,011e;020r;121r,6,0,1,infeasible,,,2,16,16
E12548,011e;020r;121r,6,0,2,infeasible,,,2,16,16
E12549,011e;020r;121r,6,1,0,infeasible,,,1,16,16
E12550,011e;020r;121r,6,1,1,infeasible,,,1,16,16
E12551,011e;020r;121r,6,1,2,infeasible,,,1,16,16
E12552,011e;020r;121r,7,0,0,optimal,1,0,2,17,17
E12553,011e;020r;121r,7,0,1,infeasible,,,2,17,17
E12554,011e;020r;121r,7,0,2,infeasible,,,2,17,17
E12555,011e;020r;121r,7,0,3,infeasible,,,2,17,17
E12556,011e;020r;121r,7,1,0,infeasible,,,1,17,17
E12557,011e;020r;121r,7,1,1,infeasible,,,1,17,17
E12558,011e;020r;121r,7,1,2,infeasible,,,1,17,17
E12559,011e;020r;121r,7,1,3,infeasible,,,1,17,17
E12560,011e;020r;121e,0,0,0,infeasible,,,3,14,15
E12561,011e;020r;121e,0,1,0,infeasible,,,1,14,15
E12562,011e;020r;121e,1,0,0,optimal,1,0,3,15,16
E12563,011e;020r;121e,1,0,1,infeasible,,,3,15,16
E12564,011e;020r;121e,1,1,0,infeasible,,,1,15,16
E12565,011e;020r;121e,1,1,1,infeasible,,,1,15,16
E12566,011e;020r;121e,2,0,0,infeasible,,,3,15,16
E12567,011e;020r;121e,2,0,1,infeasible,,,3,15,16
E12568,011e;020r;121e,2,1,0,infeasible,,,1,15,16
E12569,011e;020r;121e,2,1,1,infeasible,,,1,15,16
E12570,011e;020r;121e,3,0,0,optimal,1,0,3,16,17
E12571,011e;020r;121e,3,0,1,infeasible,,,3,16,17
E12572,011e;020r;121e,3,0,2,infeasible,,,3,16,17
E12573,011e;020r;121e,3,1,0,infeasible,,,1,16,17
E12574,011e;020r;121e,3,1,1,infeasible,,,1,16,17
E12575,011e;020r;121e,3,1,2,infeasible,,,1,16,17
E12576,011e;020r;121e,4,0,0,infeasible,,,3,15,16
E12577,011e;020r;121e,4,0,1,infeasible,,,3,15,16
E12578,011e;020r;121e,4,1,0,infeasible,,,1,15,16
E12579,011e;020r;121e,4,1,1,infeasible,,,1,15,16
E12580,011e;020r;121e,5,0,0,optimal,1,0,3,16,17
E12581,011e;020r;121e,5,0,1,infeasible,,,3,16,17
E12582,011e;020r;121e,5,0,2,infeasible,,,3,16,17
E12583,011e;020r;121e,5,1,0,infeasible,,,1,16,17
E12584,011e;020r;121e,5,1,1,infeasible,,,1,16,17
E12585,011e;020r;121e,5,1,2,infeasible,,,1,16,17
E12586,011e;020r;121e,6,0,0,infeasible,,,3,16,17
E12587,011e;020r;121e,6,0,1,infeasible,,,3,16,17
E12588,011e;020r;121e,6,0,2,infeasible,,,3,16,17
E12589,011e;020r;121e,6,1,0,infeasible,,,1,16,17
E12590,011e;020r;121e,6,1,1,infeasible,,,1,16,17
E12591,011e;020r;121e,6,1,2,infeasible,,,1,16,17
E12592,011e;020r;121e,7,0,0,optimal,1,0,3,17,18
E12593,011e;020r;121e,7,0,1,infeasible,,,3,17,18
E12594,011e;020r;121e,7,0,2,infeasible,,,3,17,18
E12595,011e;020r;121e,7,0,3,infeasible,,,3,17,18
E12596,011e;020r;121e,7,1,0,infeasible,,,1,17,18
E12597,011e;020r;121e,7,1,1,infeasible,,,1,17,18
E12598,011e;020r;121e,7,1,2,infeasible,,,1,17,18
E12599,011e;020r;121e,7,1,3,infeasible,,,1,17,18
E12600,011e;020e,0,0,0,infeasible,,,2,14,14
E12601,011e;020e,0,1,0,infeasible,,,1,14,14
E12602,011e;020e,1,0,0,optimal,1,0,2,15,15
E12603,011e;020e,1,0,1,infeasible,,,2,15,15
E12604,011e;020e,1,1,0,infeasible,,,1,15,15
E12605,011e;020e,1,1,1,infeasible,,,1,15,15
E12606,011e;020e,2,0,0,infeasible,,,2,15,15
E12607,011e;020e,2,0,1,infeasible,,,2,15,15
E12608,011e;020e,2,1,0,infeasible,,,1,15,15
E12609,011e;020e,2,1,1,infeasible,,,1,15,15
E12610,011e;020e,3,0,0,optimal,1,0,2,16,16
E12611,011e;020e,3,0,1,infeasible,,,2,16,16
E12612,011e;020e,3,0,2,infeasible,,,2,16,16
E12613,011e;020e,3,1,0,infeasible,,,1,16,16
E12614,011e;020e,3,1,1,infeasible,,,1,16,16
E12615,011e;020e,3,1,2,infeasible,,,1,16,16
E12616,011e;020e,4,0,0,infeasible,,,2,15,15
E12617,011e;020e,4,0,1,infeasible,,,2,15,15
E12618,011e;020e,4,1,0,infeasible,,,1,15,15
E12619,011e;020e,4,1,1,infeasible,,,1,15,15
E12620,011e;020e,5,0,0,optimal,1,0,2,16,16
E12621,011e;020e,5,0,1,infeasible,,,2,16,16
E12622,011e;020e,5,0,2,infeasible,,,2,16,16
E12623,011e;020e,5,1,0,infeasible,,,1,16,16
E12624,011e;020e,5,1,1,infeasible,,,1,16,16
E12625,011e;020e,5,1,2,infeasible,,,1,16,16
E12626,011e;020e,6,0,0,infeasible,,,2,16,16
E12627,011e;020e,6,0,1,infeasible,,,2,16,16
E12628,011e;020e,6,0,2,infeasible,,,2,16,16
E12629,011e;020e,6,1,0,infeasible,,,1,16,16
E12630,011e;020e,6,1,1,infeasible,,,1,16,16
E12631,011e;020e,6,1,2,infeasible,,,1,16,16
E12632,011e;020e,7,0,0,optimal,1,0,2,17,17
E12633,011e;020e,7,0,1,infeasible,,,2,17,17
E12634,011e;020e,7,0,2,infeasible,,,2,17,17
E12635,011e;020e,7,0,3,infeasible,,,2,17,17
E12636,011e;020e,7,1,0,infeasible,,,1,17,17
E12637,011e;020e,7,1,1,infeasible,,,1,17,17
E12638,011e;020e,7,1,2,infeasible,,,1,17,17
E12639,011e;020e,7,1,3,infeasible,,,1,17,17
E12640,011e;020e;120k,0,0,0,infeasible,,,4,14,16
E12641,011e;020e;120k,0,1,0,infeasible,,,1,14,16
E12642,011e;020e;120k,1,0,0,optimal,1,0,4,15,17
E12643,011e;020e;120k,1,0,1,infeasible,,,4,15,17
E12644,011e;020e;120k,1,1,0,infeasible,,,1,15,17
E12645,011e;020e;120k,1,1,1,infeasible,,,1,15,17
E12646,011e;020e;120k,2,0,0,infeasible,,,4,15,17
E12647,011e;020e;120k,2,0,1,infeasible,,,4,15,17
E12648,011e;020e;120k,2,1,0,infeasible,,,1,15,17
E12649,011e;020e;120k,2,1,1,infeasible,,,1,15,17
E12650,011e;020e;120k,3,0,0,optimal,1,0,4,16,18
E12651,011e;020e;120k,3,0,1,infeasible,,,4,16,18
E12652,011e;020e;120k,3,0,2,infeasible,,,4,16,18
E12653,011e;020e;120k,3,1,0,infeasible,,,1,16,18
E12654,011e;020e;120k,3,1,1,infeasible,,,1,16,18
E12655,011e;020e;120k,3,1,2,infeasible,,,1,16,18
E12656,011e;020e;120k,4,0,0,infeasible,,,4,15,17
E12657,011e;020e;120k,4,0,1,infeasible,,,4,15,17
E12658,011e;020e;120k,4,1,0,infeasible,,,1,15,17
E12659,011e;020e;120k,4,1,1,infeasible,,,1,15,17
E12660,011e;020e;120k,5,0,0,optimal,1,0,4,16,18
E12661,011e;020e;120k,5,0,1,infeasible,,,4,16,18
E12662,011e;020e;120k,5,0,2,infeasible,,,4,16,18
E12663,011e;020e;120k,5,1,0,infeasible,,,1,16,18
E12664,011e;020e;120k,5,1,1,infeasible,,,1,16,18
E12665,011e;020e;120k,5,1,2,infeasible,,,1,16,18
E12666,011e;020e;120k,6,0,0,infeasible,,,4,16,18
E12667,011e;020e;120k,6,0,1,infeasible,,,4,16,18
E12668,011e;020e;120k,6,0,2,infeasible,,,4,16,18
E12669,011e;020e;120k,6,1,0,infeasible,,,1,16,18
E12670,011e;020e;120k,6,1,1,infeasible,,,1,16,18
E12671,011e;020e;120k,6,1,2,infeasible,,,1,16,18
E12672,011e;020e;120k,7,0,0,optimal,1,0,4,17,19
E12673,011e;020e;120k,7,0,1,infeasible,,,4,17,19
E12674,011e;020e;120k,7,0,2,infeasible,,,4,17,19
E12675,011e;020e;120k,7,0,3,infeasible,,,4,17,19
E12676,011e;020e;120k,7,1,0,infeasible,,,1,17,19
E12677,011e;020e;120k,7,1,1,infeasible,,,1,17,19
E12678,011e;020e;120k,7,1,2,infeasible,,,1,17,19
E12679,011e;020e;120k,7,1,3,infeasible,,,1,17,19
E12680,011e;020e;120r,0,0,0,infeasible,,,4,14,16
E12681,011e;020e;120r,0,1,0,infeasible,,,1,14,16
E12682,011e;020e;120r,1,0,0,optimal,1,0,4,15,17
E12683,011e;020e;120r,1,0,1,infeasible,,,4,15,17
E12684,011e;020e;120r,1,1,0,infeasible,,,1,15,17
E12685,011e;020e;120r,1,1,1,infeasible,,,1,15,17
E12686,011e;020e;120r,2,0,0,infeasible,,,4,15,17
E12687,011e;020e;120r,2,0,1,infeasible,,,4,15,17
E12688,011e;020e;120r,2,1,0,infeasible,,,1,15,17
E12689,011e;020e;120r,2,1,1,infeasible,,,1,15,17
E12690,011e;020e;120r,3,0,0,optimal,1,0,4,16,18
E12691,011e;020e;120r,3,0,1,infeasible,,,4,16,18
E12692,011e;020e;120r,3,0,2,infeasible,,,4,16,18
E12693,011e;020e;120r,3,1,0,infeasible,,,1,16,18
E12694,011e;020e;120r,3,1,1,infeasible,,,1,16,18
E12695,011e;020e;120r,3,1,2,infeasible,,,1,16,18
E12696,011e;020e;120r,4,0,0,infeasible,,,4,15,17
E12697,011e;020e;120r,4,0,1,infeasible,,,4,15,17
E12698,011e;020e;120r,4,1,0,infeasible,,,1,15,17
E12699,011e;020e;120r,4,1,1,infeasible,,,1,15,17
E12700,011e;020e;120r,5,0,0,optimal,1,0,4,16,18
E12701,011e;020e;120r,5,0,1,infeasible,,,4,16,18
E12702,011e;020e;120r,5,0,2,infeasible,,,4,16,18
E12703,011e;020e;120r,5,1,0,infeasible,,,1,16,18
E12704,011e;020e;120r,5,1,1,infeasible,,,1,16,18
E12705,011e;020e;120r,5,1,2,infeasible,,,1,16,18
E12706,011e;020e;120r,6,0,0,infeasible,,,4,16,18
E12707,011e;020e;120r,6,0,1,infeasible,,,4,16,18
E12708,011e;020e;120r,6,0,2,infeasible,,,4,16,18
E12709,011e;020e;120r,6,1,0,infeasible,,,1,16,18
E12710,011e;020e;120r,6,1,1,infeasible,,,1,16,18
E12711,011e;020e;120r,6,1,2,infeasible,,,1,16,18
E12712,011e;020e;120r,7,0,0,optimal,1,0,4,17,19
E12713,011e;020e;120r,7,0,1,infeasible,,,4,17,19
E12714,011e;020e;120r,7,0,2,infeasible,,,4,17,19
E12715,011e;020e;120r,7,0,3,infeasible,,,4,17,19
E12716,011e;020e;120r,7,1,0,infeasible,,,1,17,19
E12717,011e;020e;120r,7,1,1,infeasible,,,1,17,19
E12718,011e;020e;120r,7,1,2,infeasible,,,1,17,19
E12719,011e;020e;120r,7,1,3,infeasible,,,1,17,19
E12720,011e;020e;120e,0,0,0,infeasible,,,5,14,17
E12721,011e;020e;120e,0,1,0,infeasible,,,1,14,17
E12722,011e;020e;120e,1,0,0,optimal,1,0,5,15,18
E12723,011e;020e;120e,1,0,1,infeasible,,,5,15,18
E12724,011e;020e;120e,1,1,0,infeasible,,,1,15,18
E12725,011e;020e;120e,1,1,1,infeasible,,,1,15,18
E12726,011e;020e;120e,2,0,0,infeasible,,,5,15,18
E12727,011e;020e;120e,2,0,1,infeasible,,,5,15,18
E12728,011e;020e;120e,2,1,0,infeasible,,,1,15,18
E12729,011e;020e;120e,2,1,1,infeasible,,,1,15,18
E12730,011e;020e;120e,3,0,0,optimal,1,0,5,16,19
E12731,011e;020e;120e,3,0,1,infeasible,,,5,16,19
E12732,011e;020e;120e,3,0,2,infeasible,,,5,16,19
E12733,011e;020e;120e,3,1,0,infeasible,,,1,16,19
E12734,011e;020e;120e,3,1,1,infeasible,,,1,16,19
E12735,011e;020e;120e,3,1,2,infeasible,,,1,16,19
E12736,011e;020e;120e,4,0,0,infeasible,,,5,15,18
E12737,011e;020e;120e,4,0,1,infeasible,,,5,15,18
E12738,011e;020e;120e,4,1,0,infeasible,,,1,15,18
E12739,011e;020e;120e,4,1,1,infeasible,,,1,15,18
E12740,011e;020e;120e,5,0,0,optimal,1,0,5,16,19
E12741,011e;020e;120e,5,0,1,infeasible,,,5,16,19
E12742,011e;020e;120e,5,0,2,infeasible,,,5,16,19
E12743,011e;020e;120e,5,1,0,infeasible,,,1,16,19
E12744,011e;020e;120e,5,1,1,infeasible,,,1,16,19
E12745,011e;020e;120e,5,1,2,infeasible,,,1,16,19
E12746,011e;020e;120e,6,0,0,infeasible,,,5,16,19
E12747,011e;020e;120e,6,0,1,infeasible,,,5,16,19
E12748,011e;020e;120e,6,0,2,infeasible,,,5,16,19
E12749,011e;020e;120e,6,1,0,infeasible,,,1,16,19
E12750,011e;020e;120e,6,1,1,infeasible,,,1,16,19
E12751,011e;020e;120e,6,1,2,infeasible,,,1,16,19
E12752,011e;020e;120e,7,0,0,optimal,1,0,5,17,20
E12753,011e;020e;120e,7,0,1,infeasible,,,5,17,20
E12754,011e;020e;120e,7,0,2,infeasible,,,5,17,20
E12755,011e;020e;120e,7,0,3,infeasible,,,5,17,20
E12756,011e;020e;120e,7,1,0,infeasible,,,1,17,20
E12757,011e;020e;120e,7,1,1,infeasible,,,1,17,20
E12758,011e;020e;120e,7,1,2,infeasible,,,1,17,20
E12759,011e;020e;120e,7,1,3,infeasible,,,1,17,20
E12760,011e;020e;121k,0,0,0,infeasible,,,3,14,15
E12761,011e;020e;121k,0,1,0,infeasible,,,1,14,15
E12762,011e;020e;121k,1,0,0,optimal,1,0,3,15,16
E12763,011e;020e;121k,1,0,1,infeasible,,,3,15,16
E12764,011e;020e;121k,1,1,0,infeasible,,,1,15,16
E12765,011e;020e;121k,1,1,1,infeasible,,,1,15,16
E12766,011e;020e;121k,2,0,0,infeasible,,,3,15,16
E12767,011e;020e;121k,2,0,1,infeasible,,,3,15,16
E12768,011e;020e;121k,2,1,0,infeasible,,,1,15,16
E12769,011e;020e;121k,2,1,1,infeasible,,,1,15,16
E12770,011e;020e;121k,3,0,0,optimal,1,0,3,16,17
E12771,011e;020e;121k,3,0,1,infeasible,,,3,16,17
E12772,011e;020e;121k,3,0,2,infeasible,,,3,16,17
E12773,011e;020e;121k,3,1,0,infeasible,,,1,16,17
E12774,011e;020e;121k,3,1,1,infeasible,,,1,16,17
E12775,011e;020e;121k,3,1,2,infeasible,,,1,16,17
E12776,011e;020e;121k,4,0,0,infeasible,,,3,15,16
E12777,011e;020e;121k,4,0,1,infeasible,,,3,15,16
E12778,011e;020e;121k,4,1,0,infeasible,,,1,15,16
E12779,011e;020e;121k,4,1,1,infeasible,,,1,15,16
E12780,011e;020e;121k,5,0,0,optimal,1,0,3,16,17
E12781,011e;020e;121k,5,0,1,infeasible,,,3,16,17
E12782,011e;020e;121k,5,0,2,infeasible,,,3,16,17
E12783,011e;020e;121k,5,1,0,infeasible,,,1,16,17
E12784,011e;020e;121k,5,1,1,infeasible,,,1,16,17
E12785,011e;020e;121k,5,1,2,infeasible,,,1,16,17
E12786,011e;020e;121k,6,0,0,infeasible,,,3,16,17
E12787,011e;020e;121k,6,0,1,infeasible,,,3,16,17
E12788,011e;020e;121k,6,0,2,infeasible,,,3,16,17
E12789,011e;020e;121k,6,1,0,infeasible,,,1,16,17
E12790,011e;020e;121k,6,1,1,infeasible,,,1,16,17
E12791,011e;020e;121k,6,1,2,infeasible,,,1,16,17
E12792,011e;020e;121k,7,0,0,optimal,1,0,3,17,18
E12793,011e;020e;121k,7,0,1,infeasible,,,3,17,18
E12794,011e;020e;121k,7,0,2,infeasible,,,3,17,18
E12795,011e;020e;121k,7,0,3,infeasible,,,3,17,18
E12796,011e;020e;121k,7,1,0,infeasible,,,1,17,18
E12797,011e;020e;121k,7,1,1,infeasible,,,1,17,18
E12798,011e;020e;121k,7,1,2,infeasible,,,1,17,18
E12799,011e;020e;121k,7,1,3,infeasible,,,1,17,18
E12800,011e;020e;121r,0,0,0,infeasible,,,3,14,15
E12801,011e;020e;121r,0,1,0,infeasible,,,1,14,15
E12802,011e;020e;121r,1,0,0,optimal,1,0,3,15,16
E12803,011e;020e;121r,1,0,1,infeasible,,,3,15,16
E12804,011e;020e;121r,1,1,0,infeasible,,,1,15,16
E12805,011e;020e;121r,1,1,1,infeasible,,,1,15,16
E12806,011e;020e;121r,2,0,0,infeasible,,,3,15,16
E12807,011e;020e;121r,2,0,1,infeasible,,,3,15,16
E12808,011e;020e;121r,2,1,0,infeasible,,,1,15,16
E12809,011e;020e;121r,2,1,1,infeasible,,,1,15,16
E12810,011e;020e;121r,3,0,0,optimal,1,0,3,16,17
E12811,011e;020e;121r,3,0,1,infeasible,,,3,16,17
E12812,011e;020e;121r,3,0,2,infeasible,,,3,16,17
E12813,011e;020e;121r,3,1,0,infeasible,,,1,16,17
E12814,011e;020e;121r,3,1,1,infeasible,,,1,16,17
E12815,011e;020e;121r,3,1,2,infeasible,,,1,16,17
E12816,011e;020e;121r,4,0,0,infeasible,,,3,15,16
E12817,011e;020e;121r,4,0,1,infeasible,,,3,15,16
E12818,011e;020e;121r,4,1,0,infeasible,,,1,15,16
E12819,011e;020e;121r,4,1,1,infeasible,,,1,15,16
E12820,011e;020e;121r,5,0,0,optimal,1,0,3,16,17
E12821,011e;020e;121r,5,0,1,infeasible,,,3,16,17
E12822,011e;020e;121r,5,0,2,infeasible,,,3,16,17
E12823,011e;020e;121r,5,1,0,infeasible,,,1,16,17
E12824,011e;020e;121r,5,1,1,infeasible,,,1,16,17
E12825,011e;020e;121r,5,1,2,infeasible,,,1,16,17
E12826,011e;020e;121r,6,0,0,infeasible,,,3,16,17
E12827,011e;020e;121r,6,0,1,infeasible,,,3,16,17
E12828,011e;020e;121r,6,0,2,infeasible,,,3,16,17
E12829,011e;020e;121r,6,1,0,infeasible,,,1,16,17
E12830,011e;020e;121r,6,1,1,infeasible,,,1,16,17
E12831,011e;020e;121r,6,1,2,infeasible,,,1,16,17
E12832,011e;020e;121r,7,0,0,optimal,1,0,3,17,18
E12833,011e;020e;121r,7,0,1,infeasible,,,3,17,18
E12834,011e;020e;121r,7,0,2,infeasible,,,3,17,18
E12835,011e;020e;121r,7,0,3,infeasible,,,3,17,18
E12836,011e;020e;121r,7,1,0,infeasible,,,1,17,18
E12837,011e;020e;121r,7,1,1,infeasible,,,1,17,18
E12838,011e;020e;121r,7,1,2,infeasible,,,1,17,18
E12839,011e;020e;121r,7,1,3,infeasible,,,1,17,18
E12840,011e;020e;121e,0,0,0,infeasible,,,4,14,16
E12841,011e;020e;121e,0,1,0,infeasible,,,1,14,16
E12842,011e;020e;121e,1,0,0,optimal,1,0,4,15,17
E12843,011e;020e;121e,1,0,1,infeasible,,,4,15,17
E12844,011e;020e;121e,1,1,0,infeasible,,,1,15,17
E12845,011e;020e;121e,1,1,1,infeasible,,,1,15,17
E12846,011e;020e;121e,2,0,0,infeasible,,,4,15,17
E12847,011e;020e;121e,2,0,1,infeasible,,,4,15,17
E12848,011e;020e;121e,2,1,0,infeasible,,,1,15,17
E12849,011e;020e;121e,2,1,1,infeasible,,,1,15,17
E12850,011e;020e;121e,3,0,0,optimal,1,0,4,16,18
E12851,011e;020e;121e,3,0,1,infeasible,,,4,16,18
E12852,011e;020e;121e,3,0,2,infeasible,,,4,16,18
E12853,011e;020e;121e,3,1,0,infeasible,,,1,16,18
E12854,011e;020e;121e,3,1,1,infeasible,,,1,16,18
E12855,011e;020e;121e,3,1,2,infeasible,,,1,16,18
E12856,011e;020e;121e,4,0,0,infeasible,,,4,15,17
E12857,011e;020e;121e,4,0,1,infeasible,,,4,15,17
E12858,011e;020e;121e,4,1,0,infeasible,,,1,15,17
E12859,011e;020e;121e,4,1,1,infeasible,,,1,15,17
E12860,011e;020e;121e,5,0,0,optimal,1,0,4,16,18
E12861,011e;020e;121e,5,0,1,infeasible,,,4,16,18
E12862,011e;020e;121e,5,0,2,infeasible,,,4,16,18
E12863,011e;020e;121e,5,1,0,infeasible,,,1,16,18
E12864,011e;020e;121e,5,1,1,infeasible,,,1,16,18
E12865,011e;020e;121e,5,1,2,infeasible,,,1,16,18
E12866,011e;020e;121e,6,0,0,infeasible,,,4,16,18
E12867,011e;020e;121e,6,0,1,infeasible,,,4,16,18
E12868,011e;020e;121e,6,0,2,infeasible,,,4,16,18
E12869,011e;020e;121e,6,1,0,infeasible,,,1,16,18
E12870,011e;020e;121e,6,1,1,infeasible,,,1,16,18
E12871,011e;020e;121e,6,1,2,infeasible,,,1,16,18
E12872,011e;020e;121e,7,0,0,optimal,1,0,4,17,19
E12873,011e;020e;121e,7,0,1,infeasible,,,4,17,19
E12874,011e;020e;121e,7,0,2,infeasible,,,4,17,19
E12875,011e;020e;121e,7,0,3,infeasible,,,4,17,19
E12876,011e;020e;121e,7,1,0,infeasible,,,1,17,19
E12877,011e;020e;121e,7,1,1,infeasible,,,1,17,19
E12878,011e;020e;121e,7,1,2,infeasible,,,1,17,19
E12879,011e;020e;121e,7,1,3,infeasible,,,1,17,19
E12880,011e;021k,0,0,0,infeasible,,,1,14,12
E12881,011e;021k,0,1,0,vacuous,0,,0,14,12
E12882,011e;021k,1,0,0,optimal,1,0,1,15,13
E12883,011e;021k,1,0,1,infeasible,,,1,15,13
E12884,011e;021k,1,1,0,vacuous,0,,0,15,13
E12885,011e;021k,1,1,1,vacuous,0,,0,15,13
E12886,011e;021k,2,0,0,infeasible,,,1,15,13
E12887,011e;021k,2,0,1,infeasible,,,1,15,13
E12888,011e;021k,2,1,0,vacuous,0,,0,15,13
E12889,011e;021k,2,1,1,vacuous,0,,0,15,13
E12890,011e;021k,3,0,0,optimal,1,0,1,16,14
E12891,011e;021k,3,0,1,infeasible,,,1,16,14
E12892,011e;021k,3,0,2,infeasible,,,1,16,14
E12893,011e;021k,3,1,0,vacuous,0,,0,16,14
E12894,011e;021k,3,1,1,vacuous,0,,0,16,14
E12895,011e;021k,3,1,2,vacuous,0,,0,16,14
E12896,011e;021k,4,0,0,optimal,3,0,1,15,13
E12897,011e;021k,4,0,1,infeasible,,,1,15,13
E12898,011e;021k,4,1,0,vacuous,0,,0,15,13
E12899,011e;021k,4,1,1,vacuous,0,,0,15,13
E12900,011e;021k,5,0,0,optimal,1,0,1,16,14
E12901,011e;021k,5,0,1,optimal,4,0;1,1,16,14
E12902,011e;021k,5,0,2,infeasible,,,1,16,14
E12903,011e;021k,5,1,0,vacuous,0,,0,16,14
E12904,011e;021k,5,1,1,vacuous,0,,0,16,14
E12905,011e;021k,5,1,2,vacuous,0,,0,16,14
E12906,011e;021k,6,0,0,optimal,3,1,1,16,14
E12907,011e;021k,6,0,1,infeasible,,,1,16,14
E12908,011e;021k,6,0,2,infeasible,,,1,16,14
E12909,011e;021k,6,1,0,vacuous,0,,0,16,14
E12910,011e;021k,6,1,1,vacuous,0,,0,16,14
E12911,011e;021k,6,1,2,vacuous,0,,0,16,14
E12912,011e;021k,7,0,0,optimal,1,0,1,17,15
E12913,011e;021k,7,0,1,optimal,4,0;2,1,17,15
E12914,011e;021k,7,0,2,infeasible,,,1,17,15
E12915,011e;021k,7,0,3,infeasible,,,1,17,15
E12916,011e;021k,7,1,0,vacuous,0,,0,17,15
E12917,011e;021k,7,1,1,vacuous,0,,0,17,15
E12918,011e;021k,7,1,2,vacuous,0,,0,17,15
E12919,011e;021k,7,1,3,vacuous,0,,0,17,15
E12920,011e;021k;120k,0,0,0,infeasible,,,3,14,14
E12921,011e;021k;120k,0,1,0,vacuous,0,,0,14,14
E12922,011e;021k;120k,1,0,0,optimal,1,0,3,15,15
E12923,011e;021k;120k,1,0,1,infeasible,,,3,15,15
E12924,011e;021k;120k,1,1,0,vacuous,0,,0,15,15
E12925,011e;021k;120k,1,1,1,vacuous,0,,0,15,15
E12926,011e;021k;120k,2,0,0,infeasible,,,3,15,15
E12927,011e;021k;120k,2,0,1,infeasible,,,3,15,15
E12928,011e;021k;120k,2,1,0,vacuous,0,,0,15,15
E12929,011e;021k;120k,2,1,1,vacuous,0,,0,15,15
E12930,011e;021k;120k,3,0,0,optimal,1,0,3,16,16
E12931,011e;021k;120k,3,0,1,infeasible,,,3,16,16
E12932,011e;021k;120k,3,0,2,infeasible,,,3,16,16
E12933,011e;021k;120k,3,1,0,vacuous,0,,0,16,16
E12934,011e;021k;120k,3,1,1,vacuous,0,,0,16,16
E12935,011e;021k;120k,3,1,2,vacuous,0,,0,16,16
E12936,011e;021k;120k,4,0,0,infeasible,,,3,15,15
E12937,011e;021k;120k,4,0,1,infeasible,,,3,15,15
E12938,011e;021k;120k,4,1,0,vacuous,0,,0,15,15
E12939,011e;021k;120k,4,1,1,vacuous,0,,0,15,15
E12940,011e;021k;120k,5,0,0,optimal,1,0,3,16,16
E12941,011e;021k;120k,5,0,1,infeasible,,,3,16,16
E12942,011e;021k;120k,5,0,2,infeasible,,,3,16,16
E12943,011e;021k;120k,5,1,0,vacuous,0,,0,16,16
E12944,011e;021k;120k,5,1,1,vacuous,0,,0,16,16
E12945,011e;021k;120k,5,1,2,vacuous,0,,0,16,16
E12946,011e;021k;120k,6,0,0,infeasible,,,3,16,16
E12947,011e;021k;120k,6,0,1,infeasible,,,3,16,16
E12948,011e;021k;120k,6,0,2,infeasible,,,3,16,16
E12949,011e;021k;120k,6,1,0,vacuous,0,,0,16,16
E12950,011e;021k;120k,6,1,1,vacuous,0,,0,16,16
E12951,011e;021k;120k,6,1,2,vacuous,0,,0,16,16
E12952,011e;021k;120k,7,0,0,optimal,1,0,3,17,17
E12953,011e;021k;120k,7,0,1,infeasible,,,3,17,17
E12954,011e;021k;120k,7,0,2,infeasible,,,3,17,17
E12955,011e;021k;120k,7,0,3,infeasible,,,3,17,17
E12956,011e;021k;120k,7,1,0,vacuous,0,,0,17,17
E12957,011e;021k;120k,7,1,1,vacuous,0,,0,17,17
E12958,011e;021k;120k,7,1,2,vacuous,0,,0,17,17
E12959,011e;021k;120k,7,1,3,vacuous,0,,0,17,17
E12960,011e;021k;120r,0,0,0,infeasible,,,3,14,14
E12961,011e;021k;120r,0,1,0,vacuous,0,,0,14,14
E12962,011e;021k;120r,1,0,0,optimal,1,0,3,15,15
E12963,011e;021k;120r,1,0,1,infeasible,,,3,15,15
E12964,011e;021k;120r,1,1,0,vacuous,0,,0,15,15
E12965,011e;021k;120r,1,1,1,vacuous,0,,0,15,15
E12966,011e;021k;120r,2,0,0,infeasible,,,3,15,15
E12967,011e;021k;120r,2,0,1,infeasible,,,3,15,15
E12968,011e;021k;120r,2,1,0,vacuous,0,,0,15,15
E12969,011e;021k;120r,2,1,1,vacuous,0,,0,15,15
E12970,011e;021k;120r,3,0,0,optimal,1,0,3,16,16
E12971,011e;021k;120r,3,0,1,infeasible,,,3,16,16
E12972,011e;021k;120r,3,0,2,infeasible,,,3,16,16
E12973,011e;021k;120r,3,1,0,vacuous,0,,0,16,16
E12974,011e;021k;120r,3,1,1,vacuous,0,,0,16,16
E12975,011e;021k;120r,3,1,2,vacuous,0,,0,16,16
E12976,011e;021k;120r,4,0,0,infeasible,,,3,15,15
E12977,011e;021k;120r,4,0,1,infeasible,,,3,15,15
E12978,011e;021k;120r,4,1,0,vacuous,0,,0,15,15
E12979,011e;021k;120r,4,1,1,vacuous,0,,0,15,15
E12980,011e;021k;120r,5,0,0,optimal,1,0,3,16,16
E12981,011e;021k;120r,5,0,1,infeasible,,,3,16,16
E12982,011e;021k;120r,5,0,2,infeasible,,,3,16,16
E12983,011e;021k;120r,5,1,0,vacuous,0,,0,16,16
E12984,011e;021k;120r,5,1,1,vacuous,0,,0,16,16
E12985,011e;021k;120r,5,1,2,vacuous,0,,0,16,16
E12986,011e;021k;120r,6,0,0,infeasible,,,3,16,16
E12987,011e;021k;120r,6,0,1,infeasible,,,3,16,16
E12988,011e;021k;120r,6,0,2,infeasible,,,3,16,16
E12989,011e;021k;120r,6,1,0,vacuous,0,,0,16,16
E12990,011e;021k;120r,6,1,1,vacuous,0,,0,16,16
E12991,011e;021k;120r,6,1,2,vacuous,0,,0,16,16
E12992,011e;021k;120r,7,0,0,optimal,1,0,3,17,17
E12993,011e;021k;120r,7,0,1,infeasible,,,3,17,17
E12994,011e;021k;120r,7,0,2,infeasible,,,3,17,17
E12995,011e;021k;120r,7,0,3,infeasible,,,3,17,17
E12996,011e;021k;120r,7,1,0,vacuous,0,,0,17,17
E12997,011e;021k;120r,7,1,1,vacuous,0,,0,17,17
E12998,011e;021k;120r,7,1,2,vacuous,0,,0,17,17
E12999,011e;021k;120r,7,1,3,vacuous,0,,0,17,17
E13000,011e;021k;120e,0,0,0,infeasible,,,4,14,15
E13001,011e;021k;120e,0,1,0,vacuous,0,,0,14,15
E13002,011e;021k;120e,1,0,0,optimal,1,0,4,15,16
E13003,011e;021k;120e,1,0,1,infeasible,,,4,15,16
E13004,011e;021k;120e,1,1,0,vacuous,0,,0,15,16
E13005,011e;021k;120e,1,1,1,vacuous,0,,0,15,16
E13006,011e;021k;120e,2,0,0,infeasible,,,4,15,16
E13007,011e;021k;120e,2,0,1,infeasible,,,4,15,16
E13008,011e;021k;120e,2,1,0,vacuous,0,,0,15,16
E13009,011e;021k;120e,2,1,1,vacuous,0,,0,15,16
E13010,011e;021k;120e,3,0,0,optimal,1,0,4,16,17
E13011,011e;021k;120e,3,0,1,infeasible,,,4,16,17
E13012,011e;021k;120e,3,0,2,infeasible,,,4,16,17
E13013,011e;021k;120e,3,1,0,vacuous,0,,0,16,17
E13014,011e;021k;120e,3,1,1,vacuous,0,,0,16,17
E13015,011e;021k;120e,3,1,2,vacuous,0,,0,16,17
E13016,011e;021k;120e,4,0,0,infeasible,,,4,15,16
E13017,011e;021k;120e,4,0,1,infeasible,,,4,15,16
E13018,011e;021k;120e,4,1,0,vacuous,0,,0,15,16
E13019,011e;021k;120e,4,1,1,vacuous,0,,0,15,16
E13020,011e;021k;120e,5,0,0,optimal,1,0,4,16,17
E13021,011e;021k;120e,5,0,1,infeasible,,,4,16,17
E13022,011e;021k;120e,5,0,2,infeasible,,,4,16,17
E13023,011e;021k;120e,5,1,0,vacuous,0,,0,16,17
E13024,011e;021k;120e,5,1,1,vacuous,0,,0,16,17
E13025,011e;021k;120e,5,1,2,vacuous,0,,0,16,17
E13026,011e;021k;120e,6,0,0,infeasible,,,4,16,17
E13027,011e;021k;120e,6,0,1,infeasible,,,4,16,17
E13028,011e;021k;120e,6,0,2,infeasible,,,4,16,17
E13029,011e;021k;120e,6,1,0,vacuous,0,,0,16,17
E13030,011e;021k;120e,6,1,1,vacuous,0,,0,16,17
E13031,011e;021k;120e,6,1,2,vacuous,0,,0,16,17
E13032,011e;021k;120e,7,0,0,optimal,1,0,4,17,18
E13033,011e;021k;120e,7,0,1,infeasible,,,4,17,18
E13034,011e;021k;120e,7,0,2,infeasible,,,4,17,18
E13035,011e;021k;120e,7,0,3,infeasible,,,4,17,18
E13036,011e;021k;120e,7,1,0,vacuous,0,,0,17,18
E13037,011e;021k;120e,7,1,1,vacuous,0,,0,17,18
E13038,011e;021k;120e,7,1,2,vacuous,0,,0,17,18
E13039,011e;021k;120e,7,1,3,vacuous,0,,0,17,18
E13040,011e;021k;121k,0,0,0,infeasible,,,2,14,13
E13041,011e;021k;121k,0,1,0,vacuous,0,,0,14,13
E13042,011e;021k;121k,1,0,0,optimal,1,0,2,15,14
E13043,011e;021k;121k,1,0,1,infeasible,,,2,15,14
E13044,011e;021k;121k,1,1,0,vacuous,0,,0,15,14
E13045,011e;021k;121k,1,1,1,vacuous,0,,0,15,14
E13046,011e;021k;121k,2,0,0,infeasible,,,2,15,14
E13047,011e;021k;121k,2,0,1,infeasible,,,2,15,14
E13048,011e;021k;121k,2,1,0,vacuous,0,,0,15,14
E13049,011e;021k;121k,2,1,1,vacuous,0,,0,15,14
E13050,011e;021k;121k,3,0,0,optimal,1,0,2,16,15
E13051,011e;021k;121k,3,0,1,infeasible,,,2,16,15
E13052,011e;021k;121k,3,0,2,infeasible,,,2,16,15
E13053,011e;021k;121k,3,1,0,vacuous,0,,0,16,15
E13054,011e;021k;121k,3,1,1,vacuous,0,,0,16,15
E13055,011e;021k;121k,3,1,2,vacuous,0,,0,16,15
E13056,011e;021k;121k,4,0,0,optimal,3,0,2,15,14
E13057,011e;021k;121k,4,0,1,infeasible,,,2,15,14
E13058,011e;021k;121k,4,1,0,vacuous,0,,0,15,14
E13059,011e;021k;121k,4,1,1,vacuous,0,,0,15,14
E13060,011e;021k;121k,5,0,0,optimal,1,0,2,16,15
E13061,011e;021k;121k,5,0,1,optimal,4,0;1,2,16,15
E13062,011e;021k;121k,5,0,2,infeasible,,,2,16,15
E13063,011e;021k;121k,5,1,0,vacuous,0,,0,16,15
E13064,011e;021k;121k,5,1,1,vacuous,0,,0,16,15
E13065,011e;021k;121k,5,1,2,vacuous,0,,0,16,15
E13066,011e;021k;121k,6,0,0,optimal,3,1,2,16,15
E13067,011e;021k;121k,6,0,1,infeasible,,,2,16,15
E13068,011e;021k;121k,6,0,2,infeasible,,,2,16,15
E13069,011e;021k;121k,6,1,0,vacuous,0,,0,16,15
E13070,011e;021k;121k,6,1,1,vacuous,0,,0,16,15
E13071,011e;021k;121k,6,1,2,vacuous,0,,0,16,15
E13072,011e;021k;121k,7,0,0,optimal,1,0,2,17,16
E13073,011e;021k;121k,7,0,1,optimal,4,0;2,2,17,16
E13074,011e;021k;121k,7,0,2,infeasible,,,2,17,16
E13075,011e;021k;121k,7,0,3,infeasible,,,2,17,16
E13076,011e;021k;121k,7,1,0,vacuous,0,,0,17,16
E13077,011e;021k;121k,7,1,1,vacuous,0,,0,17,16
E13078,011e;021k;121k,7,1,2,vacuous,0,,0,17,16
E13079,011e;021k;121k,7,1,3,vacuous,0,,0,17,16
E13080,011e;021k;121r,0,0,0,infeasible,,,2,14,13
E13081,011e;021k;121r,0,1,0,vacuous,0,,0,14,13
E13082,011e;021k;121r,1,0,0,optimal,1,0,2,15,14
E13083,011e;021k;121r,1,0,1,infeasible,,,2,15,14
E13084,011e;021k;121r,1,1,0,vacuous,0,,0,15,14
E13085,011e;021k;121r,1,1,1,vacuous,0,,0,15,14
E13086,011e;021k;121r,2,0,0,infeasible,,,2,15,14
E13087,011e;021k;121r,2,0,1,infeasible,,,2,15,14
E13088,011e;021k;121r,2,1,0,vacuous,0,,0,15,14
E13089,011e;021k;121r,2,1,1,vacuous,0,,0,15,14
E13090,011e;021k;121r,3,0,0,optimal,1,0,2,16,15
E13091,011e;021k;121r,3,0,1,infeasible,,,2,16,15
E13092,011e;021k;121r,3,0,2,infeasible,,,2,16,15
E13093,011e;021k;121r,3,1,0,vacuous,0,,0,16,15
E13094,011e;021k;121r,3,1,1,vacuous,0,,0,16,15
E13095,011e;021k;121r,3,1,2,vacuous,0,,0,16,15
E13096,011e;021k;121r,4,0,0,infeasible,,,2,15,14
E13097,011e;021k;121r,4,0,1,infeasible,,,2,15,14
E13098,011e;021k;121r,4,1,0,vacuous,0,,0,15,14
E13099,011e;021k;121r,4,1,1,vacuous,0,,0,15,14
E13100,011e;021k;121r,5,0,0,optimal,1,0,2,16,15
E13101,011e;021k;121r,5,0,1,infeasible,,,2,16,15
E13102,011e;021k;121r,5,0,2,infeasible,,,2,16,15
E13103,011e;021k;121r,5,1,0,vacuous,0,,0,16,15
E13104,011e;021k;121r,5,1,1,vacuous,0,,0,16,15
E13105,011e;021k;121r,5,1,2,vacuous,0,,0,16,15
E13106,011e;021k;121r,6,0,0,optimal,5,0;1,2,16,15
E13107,011e;021k;121r,6,0,1,infeasible,,,2,16,15
E13108,011e;021k;121r,6,0,2,infeasible,,,2,16,15
E13109,011e;021k;121r,6,1,0,vacuous,0,,0,16,15
E13110,011e;021k;121r,6,1,1,vacuous,0,,0,16,15
E13111,011e;021k;121r,6,1,2,vacuous,0,,0,16,15
E13112,011e;021k;121r,7,0,0,optimal,1,0,2,17,16
E13113,011e;021k;121r,7,0,1,optimal,6,0;1;2,2,17,16
E13114,011e;021k;121r,7,0,2,infeasible,,,2,17,16
E13115,011e;021k;121r,7,0,3,infeasible,,,2,17,16
E13116,011e;021k;121r,7,1,0,vacuous,0,,0,17,16
E13117,011e;021k;121r,7,1,1,vacuous,0,,0,17,16
E13118,011e;021k;121r,7,1,2,vacuous,0,,0,17,16
E13119,011e;021k;121r,7,1,3,vacuous,0,,0,17,16
E13120,011e;021k;121e,0,0,0,infeasible,,,3,14,14
E13121,011e;021k;121e,0,1,0,vacuous,0,,0,14,14
E13122,011e;021k;121e,1,0,0,optimal,1,0,3,15,15
E13123,011e;021k;121e,1,0,1,infeasible,,,3,15,15
E13124,011e;021k;121e,1,1,0,vacuous,0,,0,15,15
E13125,011e;021k;121e,1,1,1,vacuous,0,,0,15,15
E13126,011e;021k;121e,2,0,0,infeasible,,,3,15,15
E13127,011e;021k;121e,2,0,1,infeasible,,,3,15,15
E13128,011e;021k;121e,2,1,0,vacuous,0,,0,15,15
E13129,011e;021k;121e,2,1,1,vacuous,0,,0,15,15
E13130,011e;021k;121e,3,0,0,optimal,1,0,3,16,16
E13131,011e;021k;121e,3,0,1,infeasible,,,3,16,16
E13132,011e;021k;121e,3,0,2,infeasible,,,3,16,16
E13133,011e;021k;121e,3,1,0,vacuous,0,,0,16,16
E13134,011e;021k;121e,3,1,1,vacuous,0,,0,16,16
E13135,011e;021k;121e,3,1,2,vacuous,0,,0,16,16
E13136,011e;021k;121e,4,0,0,infeasible,,,3,15,15
E13137,011e;021k;121e,4,0,1,infeasible,,,3,15,15
E13138,011e;021k;121e,4,1,0,vacuous,0,,0,15,15
E13139,011e;021k;121e,4,1,1,vacuous,0,,0,15,15
E13140,011e;021k;121e,5,0,0,optimal,1,0,3,16,16
E13141,011e;021k;121e,5,0,1,infeasible,,,3,16,16
E13142,011e;021k;121e,5,0,2,infeasible,,,3,16,16
E13143,011e;021k;121e,5,1,0,vacuous,0,,0,16,16
E13144,011e;021k;121e,5,1,1,vacuous,0,,0,16,16
E13145,011e;021k;121e,5,1,2,vacuous,0,,0,16,16
E13146,011e;021k;121e,6,0,0,optimal,5,0;1,3,16,16
E13147,011e;021k;121e,6,0,1,infeasible,,,3,16,16
E13148,011e;021k;121e,6,0,2,infeasible,,,3,16,16
E13149,011e;021k;121e,6,1,0,vacuous,0,,0,16,16
E13150,011e;021k;121e,6,1,1,vacuous,0,,0,16,16
E13151,011e;021k;121e,6,1,2,vacuous,0,,0,16,16
E13152,011e;021k;121e,7,0,0,optimal,1,0,3,17,17
E13153,011e;021k;121e,7,0,1,optimal,6,0;1;2,3,17,17
E13154,011e;021k;121e,7,0,2,infeasible,,,3,17,17
E13155,011e;021k;121e,7,0,3,infeasible,,,3,17,17
E13156,011e;021k;121e,7,1,0,vacuous,0,,0,17,17
E13157,011e;021k;121e,7,1,1,vacuous,0,,0,17,17
E13158,011e;021k;121e,7,1,2,vacuous,0,,0,17,17
E13159,011e;021k;121e,7,1,3,vacuous,0,,0,17,17
E13160,011e;021r,0,0,0,infeasible,,,1,14,12
E13161,011e;021r,0,1,0,vacuous,0,,0,14,12
E13162,011e;021r,1,0,0,optimal,1,0,1,15,13
E13163,011e;021r,1,0,1,infeasible,,,1,15,13
E13164,011e;021r,1,1,0,vacuous,0,,0,15,13
E13165,011e;021r,1,1,1,vacuous,0,,0,15,13
E13166,011e;021r,2,0,0,infeasible,,,1,15,13
E13167,011e;021r,2,0,1,infeasible,,,1,15,13
E13168,011e;021r,2,1,0,vacuous,0,,0,15,13
E13169,011e;021r,2,1,1,vacuous,0,,0,15,13
E13170,011e;021r,3,0,0,optimal,1,0,1,16,14
E13171,011e;021r,3,0,1,infeasible,,,1,16,14
E13172,011e;021r,3,0,2,infeasible,,,1,16,14
E13173,011e;021r,3,1,0,vacuous,0,,0,16,14
E13174,011e;021r,3,1,1,vacuous,0,,0,16,14
E13175,011e;021r,3,1,2,vacuous,0,,0,16,14
E13176,011e;021r,4,0,0,infeasible,,,1,15,13
E13177,011e;021r,4,0,1,infeasible,,,1,15,13
E13178,011e;021r,4,1,0,vacuous,0,,0,15,13
E13179,011e;021r,4,1,1,vacuous,0,,0,15,13
E13180,011e;021r,5,0,0,optimal,1,0,1,16,14
E13181,011e;021r,5,0,1,infeasible,,,1,16,14
E13182,011e;021r,5,0,2,infeasible,,,1,16,14
E13183,011e;021r,5,1,0,vacuous,0,,0,16,14
E13184,011e;021r,5,1,1,vacuous,0,,0,16,14
E13185,011e;021r,5,1,2,vacuous,0,,0,16,14
E13186,011e;021r,6,0,0,infeasible,,,1,16,14
E13187,011e;021r,6,0,1,infeasible,,,1,16,14
E13188,011e;021r,6,0,2,infeasible,,,1,16,14
E13189,011e;021r,6,1,0,vacuous,0,,0,16,14
E13190,011e;021r,6,1,1,vacuous,0,,0,16,14
E13191,011e;021r,6,1,2,vacuous,0,,0,16,14
E13192,011e;021r,7,0,0,optimal,1,0,1,17,15
E13193,011e;021r,7,0,1,infeasible,,,1,17,15
E13194,011e;021r,7,0,2,infeasible,,,1,17,15
E13195,011e;021r,7,0,3,infeasible,,,1,17,15
E13196,011e;021r,7,1,0,vacuous,0,,0,17,15
E13197,011e;021r,7,1,1,vacuous,0,,0,17,15
E13198,011e;021r,7,1,2,vacuous,0,,0,17,15
E13199,011e;021r,7,1,3,vacuous,0,,0,17,15
E13200,011e;021r;120k,0,0,0,infeasible,,,3,14,14
E13201,011e;021r;120k,0,1,0,vacuous,0,,0,14,14
E13202,011e;021r;120k,1,0,0,optimal,1,0,3,15,15
E13203,011e;021r;120k,1,0,1,infeasible,,,3,15,15
E13204,011e;021r;120k,1,1,0,vacuous,0,,0,15,15
E13205,011e;021r;120k,1,1,1,vacuous,0,,0,15,15
E13206,011e;021r;120k,2,0,0,infeasible,,,3,15,15
E13207,011e;021r;120k,2,0,1,infeasible,,,3,15,15
E13208,011e;021r;120k,2,1,0,vacuous,0,,0,15,15
E13209,011e;021r;120k,2,1,1,vacuous,0,,0,15,15
E13210,011e;021r;120k,3,0,0,optimal,1,0,3,16,16
E13211,011e;021r;120k,3,0,1,infeasible,,,3,16,16
E13212,011e;021r;120k,3,0,2,infeasible,,,3,16,16
E13213,011e;021r;120k,3,1,0,vacuous,0,,0,16,16
E13214,011e;021r;120k,3,1,1,vacuous,0,,0,16,16
E13215,011e;021r;120k,3,1,2,vacuous,0,,0,16,16
E13216,011e;021r;120k,4,0,0,infeasible,,,3,15,15
E13217,011e;021r;120k,4,0,1,infeasible,,,3,15,15
E13218,011e;021r;120k,4,1,0,vacuous,0,,0,15,15
E13219,011e;021r;120k,4,1,1,vacuous,0,,0,15,15
E13220,011e;021r;120k,5,0,0,optimal,1,0,3,16,16
E13221,011e;021r;120k,5,0,1,infeasible,,,3,16,16
E13222,011e;021r;120k,5,0,2,infeasible,,,3,16,16
E13223,011e;021r;120k,5,1,0,vacuous,0,,0,16,16
E13224,011e;021r;120k,5,1,1,vacuous,0,,0,16,16
E13225,011e;021r;120k,5,1,2,vacuous,0,,0,16,16
E13226,011e;021r;120k,6,0,0,infeasible,,,3,16,16
E13227,011e;021r;120k,6,0,1,infeasible,,,3,16,16
E13228,011e;021r;120k,6,0,2,infeasible,,,3,16,16
E13229,011e;021r;120k,6,1,0,vacuous,0,,0,16,16
E13230,011e;021r;120k,6,1,1,vacuous,0,,0,16,16
E13231,011e;021r;120k,6,1,2,vacuous,0,,0,16,16
E13232,011e;021r;120k,7,0,0,optimal,1,0,3,17,17
E13233,011e;021r;120k,7,0,1,infeasible,,,3,17,17
E13234,011e;021r;120k,7,0,2,infeasible,,,3,17,17
E13235,011e;021r;120k,7,0,3,infeasible,,,3,17,17
E13236,011e;021r;120k,7,1,0,vacuous,0,,0,17,17
E13237,011e;021r;120k,7,1,1,vacuous,0,,0,17,17
E13238,011e;021r;120k,7,1,2,vacuous,0,,0,17,17
E13239,011e;021r;120k,7,1,3,vacuous,0,,0,17,17
E13240,011e;021r;120r,0,0,0,infeasible,,,3,14,14
E13241,011e;021r;120r,0,1,0,vacuous,0,,0,14,14
E13242,011e;021r;120r,1,0,0,optimal,1,0,3,15,15
E13243,011e;021r;120r,1,0,1,infeasible,,,3,15,15
E13244,011e;021r;120r,1,1,0,vacuous,0,,0,15,15
E13245,011e;021r;120r,1,1,1,vacuous,0,,0,15,15
E13246,011e;021r;120r,2,0,0,infeasible,,,3,15,15
E13247,011e;021r;120r,2,0,1,infeasible,,,3,15,15
E13248,011e;021r;120r,2,1,0,vacuous,0,,0,15,15
E13249,011e;021r;120r,2,1,1,vacuous,0,,0,15,15
E13250,011e;021r;120r,3,0,0,optimal,1,0,3,16,16
E13251,011e;021r;120r,3,0,1,infeasible,,,3,16,16
E13252,011e;021r;120r,3,0,2,infeasible,,,3,16,16
E13253,011e;021r;120r,3,1,0,vacuous,0,,0,16,16
E13254,011e;021r;120r,3,1,1,vacuous,0,,0,16,16
E13255,011e;021r;120r,3,1,2,vacuous,0,,0,16,16
E13256,011e;021r;120r,4,0,0,infeasible,,,3,15,15
E13257,011e;021r;120r,4,0,1,infeasible,,,3,15,15
E13258,011e;021r;120r,4,1,0,vacuous,0,,0,15,15
E13259,011e;021r;120r,4,1,1,vacuous,0,,0,15,15
E13260,011e;021r;120r,5,0,0,optimal,1,0,3,16,16
E13261,011e;021r;120r,5,0,1,infeasible,,,3,16,16
E13262,011e;021r;120r,5,0,2,infeasible,,,3,16,16
E13263,011e;021r;120r,5,1,0,vacuous,0,,0,16,16
E13264,011e;021r;120r,5,1,1,vacuous,0,,0,16,16
E13265,011e;021r;120r,5,1,2,vacuous,0,,0,16,16
E13266,011e;021r;120r,6,0,0,infeasible,,,3,16,16
E13267,011e;021r;120r,6,0,1,infeasible,,,3,16,16
E13268,011e;021r;120r,6,0,2,infeasible,,,3,16,16
E13269,011e;021r;120r,6,1,0,vacuous,0,,0,16,16
E13270,011e;021r;120r,6,1,1,vacuous,0,,0,16,16
E13271,011e;021r;120r,6,1,2,vacuous,0,,0,16,16
E13272,011e;021r;120r,7,0,0,optimal,1,0,3,17,17
E13273,011e;021r;120r,7,0,1,infeasible,,,3,17,17
E13274,011e;021r;120r,7,0,2,infeasible,,,3,17,17
E13275,011e;021r;120r,7,0,3,infeasible,,,3,17,17
E13276,011e;021r;120r,7,1,0,vacuous,0,,0,17,17
E13277,011e;021r;120r,7,1,1,vacuous,0,,0,17,17
E13278,011e;021r;120r,7,1,2,vacuous,0,,0,17,17
E13279,011e;021r;120r,7,1,3,vacuous,0,,0,17,17
E13280,011e;021r;120e,0,0,0,infeasible,,,4,14,15
E13281,011e;021r;120e,0,1,0,vacuous,0,,0,14,15
E13282,011e;021r;120e,1,0,0,optimal,1,0,4,15,16
E13283,011e;021r;120e,1,0,1,infeasible,,,4,15,16
E13284,011e;021r;120e,1,1,0,vacuous,0,,0,15,16
E13285,011e;021r;120e,1,1,1,vacuous,0,,0,15,16
E13286,011e;021r;120e,2,0,0,infeasible,,,4,15,16
E13287,011e;021r;120e,2,0,1,infeasible,,,4,15,16
E13288,011e;021r;120e,2,1,0,vacuous,0,,0,15,16
E13289,011e;021r;120e,2,1,1,vacuous,0,,0,15,16
E13290,011e;021r;120e,3,0,0,optimal,1,0,4,16,17
E13291,011e;021r;120e,3,0,1,infeasible,,,4,16,17
E13292,011e;021r;120e,3,0,2,infeasible,,,4,16,17
E13293,011e;021r;120e,3,1,0,vacuous,0,,0,16,17
E13294,011e;021r;120e,3,1,1,vacuous,0,,0,16,17
E13295,011e;021r;120e,3,1,2,vacuous,0,,0,16,17
E13296,011e;021r;120e,4,0,0,infeasible,,,4,15,16
E13297,011e;021r;120e,4,0,1,infeasible,,,4,15,16
E13298,011e;021r;120e,4,1,0,vacuous,0,,0,15,16
E13299,011e;021r;120e,4,1,1,vacuous,0,,0,15,16
E13300,011e;021r;120e,5,0,0,optimal,1,0,4,16,17
E13301,011e;021r;120e,5,0,1,infeasible,,,4,16,17
E13302,011e;021r;120e,5,0,2,infeasible,,,4,16,17
E13303,011e;021r;120e,5,1,0,vacuous,0,,0,16,17
E13304,011e;021r;120e,5,1,1,vacuous,0,,0,16,17
E13305,011e;021r;120e,5,1,2,vacuous,0,,0,16,17
E13306,011e;021r;120e,6,0,0,infeasible,,,4,16,17
E13307,011e;021r;120e,6,0,1,infeasible,,,4,16,17
E13308,011e;021r;120e,6,0,2,infeasible,,,4,16,17
E13309,011e;021r;120e,6,1,0,vacuous,0,,0,16,17
E13310,011e;021r;120e,6,1,1,vacuous,0,,0,16,17
E13311,011e;021r;120e,6,1,2,vacuous,0,,0,16,17
E13312,011e;021r;120e,7,0,0,optimal,1,0,4,17,18
E13313,011e;021r;120e,7,0,1,infeasible,,,4,17,18
E13314,011e;021r;120e,7,0,2,infeasible,,,4,17,18
E13315,011e;021r;120e,7,0,3,infeasible,,,4,17,18
E13316,011e;021r;120e,7,1,0,vacuous,0,,0,17,18
E13317,011e;021r;120e,7,1,1,vacuous,0,,0,17,18
E13318,011e;021r;120e,7,1,2,vacuous,0,,0,17,18
E13319,011e;021r;120e,7,1,3,vacuous,0,,0,17,18
E13320,011e;021r;121k,0,0,0,infeasible,,,2,14,13
E13321,011e;021r;121k,0,1,0,vacuous,0,,0,14,13
E13322,011e;021r;121k,1,0,0,optimal,1,0,2,15,14
E13323,011e;021r;121k,1,0,1,infeasible,,,2,15,14
E13324,011e;021r;121k,1,1,0,vacuous,0,,0,15,14
E13325,011e;021r;121k,1,1,1,vacuous,0,,0,15,14
E13326,011e;021r;121k,2,0,0,infeasible,,,2,15,14
E13327,011e;021r;121k,2,0,1,infeasible,,,2,15,14
E13328,011e;021r;121k,2,1,0,vacuous,0,,0,15,14
E13329,011e;021r;121k,2,1,1,vacuous,0,,0,15,14
E13330,011e;021r;121k,3,0,0,optimal,1,0,2,16,15
E13331,011e;021r;121k,3,0,1,infeasible,,,2,16,15
E13332,011e;021r;121k,3,0,2,infeasible,,,2,16,15
E13333,011e;021r;121k,3,1,0,vacuous,0,,0,16,15
E13334,011e;021r;121k,3,1,1,vacuous,0,,0,16,15
E13335,011e;021r;121k,3,1,2,vacuous,0,,0,16,15
E13336,011e;021r;121k,4,0,0,infeasible,,,2,15,14
E13337,011e;021r;121k,4,0,1,infeasible,,,2,15,14
E13338,011e;021r;121k,4,1,0,vacuous,0,,0,15,14
E13339,011e;021r;121k,4,1,1,vacuous,0,,0,15,14
E13340,011e;021r;121k,5,0,0,optimal,1,0,2,16,15
E13341,011e;021r;121k,5,0,1,infeasible,,,2,16,15
E13342,011e;021r;121k,5,0,2,infeasible,,,2,16,15
E13343,011e;021r;121k,5,1,0,vacuous,0,,0,16,15
E13344,011e;021r;121k,5,1,1,vacuous,0,,0,16,15
E13345,011e;021r;121k,5,1,2,vacuous,0,,0,16,15
E13346,011e;021r;121k,6,0,0,infeasible,,,2,16,15
E13347,011e;021r;121k,6,0,1,infeasible,,,2,16,15
E13348,011e;021r;121k,6,0,2,infeasible,,,2,16,15
E13349,011e;021r;121k,6,1,0,vacuous,0,,0,16,15
E13350,011e;021r;121k,6,1,1,vacuous,0,,0,16,15
E13351,011e;021r;121k,6,1,2,vacuous,0,,0,16,15
E13352,011e;021r;121k,7,0,0,optimal,1,0,2,17,16
E13353,011e;021r;121k,7,0,1,infeasible,,,2,17,16
E13354,011e;021r;121k,7,0,2,infeasible,,,2,17,16
E13355,011e;021r;121k,7,0,3,infeasible,,,2,17,16
E13356,011e;021r;121k,7,1,0,vacuous,0,,0,17,16
E13357,011e;021r;121k,7,1,1,vacuous,0,,0,17,16
E13358,011e;021r;121k,7,1,2,vacuous,0,,0,17,16
E13359,011e;021r;121k,7,1,3,vacuous,0,,0,17,16
E13360,011e;021r;121r,0,0,0,infeasible,,,2,14,13
E13361,011e;021r;121r,0,1,0,vacuous,0,,0,14,13
E13362,011e;021r;121r,1,0,0,optimal,1,0,2,15,14
E13363,011e;021r;121r,1,0,1,infeasible,,,2,15,14
E13364,011e;021r;121r,1,1,0,vacuous,0,,0,15,14
E13365,011e;021r;121r,1,1,1,vacuous,0,,0,15,14
E13366,011e;021r;121r,2,0,0,infeasible,,,2,15,14
E13367,011e;021r;121r,2,0,1,infeasible,,,2,15,14
E13368,011e;021r;121r,2,1,0,vacuous,0,,0,15,14
E13369,011e;021r;121r,2,1,1,vacuous,0,,0,15,14
E13370,011e;021r;121r,3,0,0,optimal,1,0,2,16,15
E13371,011e;021r;121r,3,0,1,infeasible,,,2,16,15
E13372,011e;021r;121r,3,0,2,infeasible,,,2,16,15
E13373,011e;021r;121r,3,1,0,vacuous,0,,0,16,15
E13374,011e;021r;121r,3,1,1,vacuous,0,,0,16,15
E13375,011e;021r;121r,3,1,2,vacuous,0,,0,16,15
E13376,011e;021r;121r,4,0,0,infeasible,,,2,15,14
E13377,011e;021r;121r,4,0,1,infeasible,,,2,15,14
E13378,011e;021r;121r,4,1,0,vacuous,0,,0,15,14
E13379,011e;021r;121r,4,1,1,vacuous,0,,0,15,14
E13380,011e;021r;121r,5,0,0,optimal,1,0,2,16,15
E13381,011e;021r;121r,5,0,1,infeasible,,,2,16,15
E13382,011e;021r;121r,5,0,2,infeasible,,,2,16,15
E13383,011e;021r;121r,5,1,0,vacuous,0,,0,16,15
E13384,011e;021r;121r,5,1,1,vacuous,0,,0,16,15
E13385,011e;021r;121r,5,1,2,vacuous,0,,0,16,15
E13386,011e;021r;121r,6,0,0,infeasible,,,2,16,15
E13387,011e;021r;121r,6,0,1,infeasible,,,2,16,15
E13388,011e;021r;121r,6,0,2,infeasible,,,2,16,15
E13389,011e;021r;121r,6,1,0,vacuous,0,,0,16,15
E13390,011e;021r;121r,6,1,1,vacuous,0,,0,16,15
E13391,011e;021r;121r,6,1,2,vacuous,0,,0,16,15
E13392,011e;021r;121r,7,0,0,optimal,1,0,2,17,16
E13393,011e;021r;121r,7,0,1,infeasible,,,2,17,16
E13394,011e;021r;121r,7,0,2,infeasible,,,2,17,16
E13395,011e;021r;121r,7,0,3,infeasible,,,2,17,16
E13396,011e;021r;121r,7,1,0,vacuous,0,,0,17,16
E13397,011e;021r;121r,7,1,1,vacuous,0,,0,17,16
E13398,011e;021r;121r,7,1,2,vacuous,0,,0,17,16
E13399,011e;021r;121r,7,1,3,vacuous,0,,0,17,16
E13400,011e;021r;121e,0,0,0,infeasible,,,3,14,14
E13401,011e;021r;121e,0,1,0,vacuous,0,,0,14,14
E13402,011e;021r;121e,1,0,0,optimal,1,0,3,15,15
E13403,011e;021r;121e,1,0,1,infeasible,,,3,15,15
E13404,011e;021r;121e,1,1,0,vacuous,0,,0,15,15
E13405,011e;021r;121e,1,1,1,vacuous,0,,0,15,15
E13406,011e;021r;121e,2,0,0,infeasible,,,3,15,15
E13407,011e;021r;121e,2,0,1,infeasible,,,3,15,15
E13408,011e;021r;121e,2,1,0,vacuous,0,,0,15,15
E13409,011e;021r;121e,2,1,1,vacuous,0,,0,15,15
E13410,011e;021r;121e,3,0,0,optimal,1,0,3,16,16
E13411,011e;021r;121e,3,0,1,infeasible,,,3,16,16
E13412,011e;021r;121e,3,0,2,infeasible,,,3,16,16
E13413,011e;021r;121e,3,1,0,vacuous,0,,0,16,16
E13414,011e;021r;121e,3,1,1,vacuous,0,,0,16,16
E13415,011e;021r;121e,3,1,2,vacuous,0,,0,16,16
E13416,011e;021r;121e,4,0,0,infeasible,,,3,15,15
E13417,011e;021r;121e,4,0,1,infeasible,,,3,15,15
E13418,011e;021r;121e,4,1,0,vacuous,0,,0,15,15
E13419,011e;021r;121e,4,1,1,vacuous,0,,0,15,15
E13420,011e;021r;121e,5,0,0,optimal,1,0,3,16,16
E13421,011e;021r;121e,5,0,1,infeasible,,,3,16,16
E13422,011e;021r;121e,5,0,2,infeasible,,,3,16,16
E13423,011e;021r;121e,5,1,0,vacuous,0,,0,16,16
E13424,011e;021r;121e,5,1,1,vacuous,0,,0,16,16
E13425,011e;021r;121e,5,1,2,vacuous,0,,0,16,16
E13426,011e;021r;121e,6,0,0,infeasible,,,3,16,16
E13427,011e;021r;121e,6,0,1,infeasible,,,3,16,16
E13428,011e;021r;121e,6,0,2,infeasible,,,3,16,16
E13429,011e;021r;121e,6,1,0,vacuous,0,,0,16,16
E13430,011e;021r;121e,6,1,1,vacuous,0,,0,16,16
E13431,011e;021r;121e,6,1,2,vacuous,0,,0,16,16
E13432,011e;021r;121e,7,0,0,optimal,1,0,3,17,17
E13433,011e;021r;121e,7,0,1,infeasible,,,3,17,17
E13434,011e;021r;121e,7,0,2,infeasible,,,3,17,17
E13435,011e;021r;121e,7,0,3,infeasible,,,3,17,17
E13436,011e;021r;121e,7,1,0,vacuous,0,,0,17,17
E13437,011e;021r;121e,7,1,1,vacuous,0,,0,17,17
E13438,011e;021r;121e,7,1,2,vacuous,0,,0,17,17
E13439,011e;021r;121e,7,1,3,vacuous,0,,0,17,17
E13440,011e;021e,0,0,0,infeasible,,,2,14,13
E13441,011e;021e,0,1,0,vacuous,0,,0,14,13
E13442,011e;021e,1,0,0,optimal,1,0,2,15,14
E13443,011e;021e,1,0,1,infeasible,,,2,15,14
E13444,011e;021e,1,1,0,vacuous,0,,0,15,14
E13445,011e;021e,1,1,1,vacuous,0,,0,15,14
E13446,011e;021e,2,0,0,infeasible,,,2,15,14
E13447,011e;021e,2,0,1,infeasible,,,2,15,14
E13448,011e;021e,2,1,0,vacuous,0,,0,15,14
E13449,011e;021e,2,1,1,vacuous,0,,0,15,14
E13450,011e;021e,3,0,0,optimal,1,0,2,16,15
E13451,011e;021e,3,0,1,infeasible,,,2,16,15
E13452,011e;021e,3,0,2,infeasible,,,2,16,15
E13453,011e;021e,3,1,0,vacuous,0,,0,16,15
E13454,011e;021e,3,1,1,vacuous,0,,0,16,15
E13455,011e;021e,3,1,2,vacuous,0,,0,16,15
E13456,011e;021e,4,0,0,infeasible,,,2,15,14
E13457,011e;021e,4,0,1,infeasible,,,2,15,14
E13458,011e;021e,4,1,0,vacuous,0,,0,15,14
E13459,011e;021e,4,1,1,vacuous,0,,0,15,14
E13460,011e;021e,5,0,0,optimal,1,0,2,16,15
E13461,011e;021e,5,0,1,infeasible,,,2,16,15
E13462,011e;021e,5,0,2,infeasible,,,2,16,15
E13463,011e;021e,5,1,0,vacuous,0,,0,16,15
E13464,011e;021e,5,1,1,vacuous,0,,0,16,15
E13465,011e;021e,5,1,2,vacuous,0,,0,16,15
E13466,011e;021e,6,0,0,infeasible,,,2,16,15
E13467,011e;021e,6,0,1,infeasible,,,2,16,15
E13468,011e;021e,6,0,2,infeasible,,,2,16,15
E13469,011e;021e,6,1,0,vacuous,0,,0,16,15
E13470,011e;021e,6,1,1,vacuous,0,,0,16,15
E13471,011e;021e,6,1,2,vacuous,0,,0,16,15
E13472,011e;021e,7,0,0,optimal,1,0,2,17,16
E13473,011e;021e,7,0,1,infeasible,,,2,17,16
E13474,011e;021e,7,0,2,infeasible,,,2,17,16
E13475,011e;021e,7,0,3,infeasible,,,2,17,16
E13476,011e;021e,7,1,0,vacuous,0,,0,17,16
E13477,011e;021e,7,1,1,vacuous,0,,0,17,16
E13478,011e;021e,7,1,2,vacuous,0,,0,17,16
E13479,011e;021e,7,1,3,vacuous,0,,0,17,16
E13480,011e;021e;120k,0,0,0,infeasible,,,4,14,15
E13481,011e;021e;120k,0,1,0,vacuous,0,,0,14,15
E13482,011e;021e;120k,1,0,0,optimal,1,0,4,15,16
E13483,011e;021e;120k,1,0,1,infeasible,,,4,15,16
E13484,011e;021e;120k,1,1,0,vacuous,0,,0,15,16
E13485,011e;021e;120k,1,1,1,vacuous,0,,0,15,16
E13486,011e;021e;120k,2,0,0,infeasible,,,4,15,16
E13487,011e;021e;120k,2,0,1,infeasible,,,4,15,16
E13488,011e;021e;120k,2,1,0,vacuous,0,,0,15,16
E13489,011e;021e;120k,2,1,1,vacuous,0,,0,15,16
E13490,011e;021e;120k,3,0,0,optimal,1,0,4,16,17
E13491,011e;021e;120k,3,0,1,infeasible,,,4,16,17
E13492,011e;021e;120k,3,0,2,infeasible,,,4,16,17
E13493,011e;021e;120k,3,1,0,vacuous,0,,0,16,17
E13494,011e;021e;120k,3,1,1,vacuous,0,,0,16,17
E13495,011e;021e;120k,3,1,2,vacuous,0,,0,16,17
E13496,011e;021e;120k,4,0,0,infeasible,,,4,15,16
E13497,011e;021e;120k,4,0,1,infeasible,,,4,15,16
E13498,011e;021e;120k,4,1,0,vacuous,0,,0,15,16
E13499,011e;021e;120k,4,1,1,vacuous,0,,0,15,16
E13500,011e;021e;120k,5,0,0,optimal,1,0,4,16,17
E13501,011e;021e;120k,5,0,1,infeasible,,,4,16,17
E13502,011e;021e;120k,5,0,2,infeasible,,,4,16,17
E13503,011e;021e;120k,5,1,0,vacuous,0,,0,16,17
E13504,011e;021e;120k,5,1,1,vacuous,0,,0,16,17
E13505,011e;021e;120k,5,1,2,vacuous,0,,0,16,17
E13506,011e;021e;120k,6,0,0,infeasible,,,4,16,17
E13507,011e;021e;120k,6,0,1,infeasible,,,4,16,17
E13508,011e;021e;120k,6,0,2,infeasible,,,4,16,17
E13509,011e;021e;120k,6,1,0,vacuous,0,,0,16,17
E13510,011e;021e;120k,6,1,1,vacuous,0,,0,16,17
E13511,011e;021e;120k,6,1,2,vacuous,0,,0,16,17
E13512,011e;021e;120k,7,0,0,optimal,1,0,4,17,18
E13513,011e;021e;120k,7,0,1,infeasible,,,4,17,18
E13514,011e;021e;120k,7,0,2,infeasible,,,4,17,18
E13515,011e;021e;120k,7,0,3,infeasible,,,4,17,18
E13516,011e;021e;120k,7,1,0,vacuous,0,,0,17,18
E13517,011e;021e;120k,7,1,1,vacuous,0,,0,17,18
E13518,011e;021e;120k,7,1,2,vacuous,0,,0,17,18
E13519,011e;021e;120k,7,1,3,vacuous,0,,0,17,18
E13520,011e;021e;120r,0,0,0,infeasible,,,4,14,15
E13521,011e;021e;120r,0,1,0,vacuous,0,,0,14,15
E13522,011e;021e;120r,1,0,0,optimal,1,0,4,15,16
E13523,011e;021e;120r,1,0,1,infeasible,,,4,15,16
E13524,011e;021e;120r,1,1,0,vacuous,0,,0,15,16
E13525,011e;021e;120r,1,1,1,vacuous,0,,0,15,16
E13526,011e;021e;120r,2,0,0,infeasible,,,4,15,16
E13527,011e;021e;120r,2,0,1,infeasible,,,4,15,16
E13528,011e;021e;120r,2,1,0,vacuous,0,,0,15,16
E13529,011e;021e;120r,2,1,1,vacuous,0,,0,15,16
E13530,011e;021e;120r,3,0,0,optimal,1,0,4,16,17
E13531,011e;021e;120r,3,0,1,infeasible,,,4,16,17
E13532,011e;021e;120r,3,0,2,infeasible,,,4,16,17
E13533,011e;021e;120r,3,1,0,vacuous,0,,0,16,17
E13534,011e;021e;120r,3,1,1,vacuous,0,,0,16,17
E13535,011e;021e;120r,3,1,2,vacuous,0,,0,16,17
E13536,011e;021e;120r,4,0,0,infeasible,,,4,15,16
E13537,011e;021e;120r,4,0,1,infeasible,,,4,15,16
E13538,011e;021e;120r,4,1,0,vacuous,0,,0,15,16
E13539,011e;021e;120r,4,1,1,vacuous,0,,0,15,16
E13540,011e;021e;120r,5,0,0,optimal,1,0,4,16,17
E13541,011e;021e;120r,5,0,1,infeasible,,,4,16,17
E13542,011e;021e;120r,5,0,2,infeasible,,,4,16,17
E13543,011e;021e;120r,5,1,0,vacuous,0,,0,16,17
E13544,011e;021e;120r,5,1,1,vacuous,0,,0,16,17
E13545,011e;021e;120r,5,1,2,vacuous,0,,0,16,17
E13546,011e;021e;120r,6,0,0,infeasible,,,4,16,17
E13547,011e;021e;120r,6,0,1,infeasible,,,4,16,17
E13548,011e;021e;120r,6,0,2,infeasible,,,4,16,17
E13549,011e;021e;120r,6,1,0,vacuous,0,,0,16,17
E13550,011e;021e;120r,6,1,1,vacuous,0,,0,16,17
E13551,011e;021e;120r,6,1,2,vacuous,0,,0,16,17
E13552,011e;021e;120r,7,0,0,optimal,1,0,4,17,18
E13553,011e;021e;120r,7,0,1,infeasible,,,4,17,18
E13554,011e;021e;120r,7,0,2,infeasible,,,4,17,18
E13555,011e;021e;120r,7,0,3,infeasible,,,4,17,18
E13556,011e;021e;120r,7,1,0,vacuous,0,,0,17,18
E13557,011e;021e;120r,7,1,1,vacuous,0,,0,17,18
E13558,011e;021e;120r,7,1,2,vacuous,0,,0,17,18
E13559,011e;021e;120r,7,1,3,vacuous,0,,0,17,18
E13560,011e;021e;120e,0,0,0,infeasible,,,5,14,16
E13561,011e;021e;120e,0,1,0,vacuous,0,,0,14,16
E13562,011e;021e;120e,1,0,0,optimal,1,0,5,15,17
E13563,011e;021e;120e,1,0,1,infeasible,,,5,15,17
E13564,011e;021e;120e,1,1,0,vacuous,0,,0,15,17
E13565,011e;021e;120e,1,1,1,vacuous,0,,0,15,17
E13566,011e;021e;120e,2,0,0,infeasible,,,5,15,17
E13567,011e;021e;120e,2,0,1,infeasible,,,5,15,17
E13568,011e;021e;120e,2,1,0,vacuous,0,,0,15,17
E13569,011e;021e;120e,2,1,1,vacuous,0,,0,15,17
E13570,011e;021e;120e,3,0,0,optimal,1,0,5,16,18
E13571,011e;021e;120e,3,0,1,infeasible,,,5,16,18
E13572,011e;021e;120e,3,0,2,infeasible,,,5,16,18
E13573,011e;021e;120e,3,1,0,vacuous,0,,0,16,18
E13574,011e;021e;120e,3,1,1,vacuous,0,,0,16,18
E13575,011e;021e;120e,3,1,2,vacuous,0,,0,16,18
E13576,011e;021e;120e,4,0,0,infeasible,,,5,15,17
E13577,011e;021e;120e,4,0,1,infeasible,,,5,15,17
E13578,011e;021e;120e,4,1,0,vacuous,0,,0,15,17
E13579,011e;021e;120e,4,1,1,vacuous,0,,0,15,17
E13580,011e;021e;120e,5,0,0,optimal,1,0,5,16,18
E13581,011e;021e;120e,5,0,1,infeasible,,,5,16,18
E13582,011e;021e;120e,5,0,2,infeasible,,,5,16,18
E13583,011e;021e;120e,5,1,0,vacuous,0,,0,16,18
E13584,011e;021e;120e,5,1,1,vacuous,0,,0,16,18
E13585,011e;021e;120e,5,1,2,vacuous,0,,0,16,18
E13586,011e;021e;120e,6,0,0,infeasible,,,5,16,18
E13587,011e;021e;120e,6,0,1,infeasible,,,5,16,18
E13588,011e;021e;120e,6,0,2,infeasible,,,5,16,18
E13589,011e;021e;120e,6,1,0,vacuous,0,,0,16,18
E13590,011e;021e;120e,6,1,1,vacuous,0,,0,16,18
E13591,011e;021e;120e,6,1,2,vacuous,0,,0,16,18
E13592,011e;021e;120e,7,0,0,optimal,1,0,5,17,19
E13593,011e;021e;120e,7,0,1,infeasible,,,5,17,19
E13594,011e;021e;120e,7,0,2,infeasible,,,5,17,19
E13595,011e;021e;120e,7,0,3,infeasible,,,5,17,19
E13596,011e;021e;120e,7,1,0,vacuous,0,,0,17,19
E13597,011e;021e;120e,7,1,1,vacuous,0,,0,17,19
E13598,011e;021e;120e,7,1,2,vacuous,0,,0,17,19
E13599,011e;021e;120e,7,1,3,vacuous,0,,0,17,19
E13600,011e;021e;121k,0,0,0,infeasible,,,3,14,14
E13601,011e;021e;121k,0,1,0,vacuous,0,,0,14,14
E13602,011e;021e;121k,1,0,0,optimal,1,0,3,15,15
E13603,011e;021e;121k,1,0,1,infeasible,,,3,15,15
E13604,011e;021e;121k,1,1,0,vacuous,0,,0,15,15
E13605,011e;021e;121k,1,1,1,vacuous,0,,0,15,15
E13606,011e;021e;121k,2,0,0,infeasible,,,3,15,15
E13607,011e;021e;121k,2,0,1,infeasible,,,3,15,15
E13608,011e;021e;121k,2,1,0,vacuous,0,,0,15,15
E13609,011e;021e;121k,2,1,1,vacuous,0,,0,15,15
E13610,011e;021e;121k,3,0,0,optimal,1,0,3,16,16
E13611,011e;021e;121k,3,0,1,infeasible,,,3,16,16
E13612,011e;021e;121k,3,0,2,infeasible,,,3,16,16
E13613,011e;021e;121k,3,1,0,vacuous,0,,0,16,16
E13614,011e;021e;121k,3,1,1,vacuous,0,,0,16,16
E13615,011e;021e;121k,3,1,2,vacuous,0,,0,16,16
E13616,011e;021e;121k,4,0,0,infeasible,,,3,15,15
E13617,011e;021e;121k,4,0,1,infeasible,,,3,15,15
E13618,011e;021e;121k,4,1,0,vacuous,0,,0,15,15
E13619,011e;021e;121k,4,1,1,vacuous,0,,0,15,15
E13620,011e;021e;121k,5,0,0,optimal,1,0,3,16,16
E13621,011e;021e;121k,5,0,1,infeasible,,,3,16,16
E13622,011e;021e;121k,5,0,2,infeasible,,,3,16,16
E13623,011e;021e;121k,5,1,0,vacuous,0,,0,16,16
E13624,011e;021e;121k,5,1,1,vacuous,0,,0,16,16
E13625,011e;021e;121k,5,1,2,vacuous,0,,0,16,16
E13626,011e;021e;121k,6,0,0,infeasible,,,3,16,16
E13627,011e;021e;121k,6,0,1,infeasible,,,3,16,16
E13628,011e;021e;121k,6,0,2,infeasible,,,3,16,16
E13629,011e;021e;121k,6,1,0,vacuous,0,,0,16,16
E13630,011e;021e;121k,6,1,1,vacuous,0,,0,16,16
E13631,011e;021e;121k,6,1,2,vacuous,0,,0,16,16
E13632,011e;021e;121k,7,0,0,optimal,1,0,3,17,17
E13633,011e;021e;121k,7,0,1,infeasible,,,3,17,17
E13634,011e;021e;121k,7,0,2,infeasible,,,3,17,17
E13635,011e;021e;121k,7,0,3,infeasible,,,3,17,17
E13636,011e;021e;121k,7,1,0,vacuous,0,,0,17,17
E13637,011e;021e;121k,7,1,1,vacuous,0,,0,17,17
E13638,011e;021e;121k,7,1,2,vacuous,0,,0,17,17
E13639,011e;021e;121k,7,1,3,vacuous,0,,0,17,17
E13640,011e;021e;121r,0,0,0,infeasible,,,3,14,14
E13641,011e;021e;121r,0,1,0,vacuous,0,,0,14,14
E13642,011e;021e;121r,1,0,0,optimal,1,0,3,15,15
E13643,011e;021e;121r,1,0,1,infeasible,,,3,15,15
E13644,011e;021e;121r,1,1,0,vacuous,0,,0,15,15
E13645,011e;021e;121r,1,1,1,vacuous,0,,0,15,15
E13646,011e;021e;121r,2,0,0,infeasible,,,3,15,15
E13647,011e;021e;121r,2,0,1,infeasible,,,3,15,15
E13648,011e;021e;121r,2,1,0,vacuous,0,,0,15,15
E13649,011e;021e;121r,2,1,1,vacuous,0,,0,15,15
E13650,011e;021e;121r,3,0,0,optimal,1,0,3,16,16
E13651,011e;021e;121r,3,0,1,infeasible,,,3,16,16
E13652,011e;021e;121r,3,0,2,infeasible,,,3,16,16
E13653,011e;021e;121r,3,1,0,vacuous,0,,0,16,16
E13654,011e;021e;121r,3,1,1,vacuous,0,,0,16,16
E13655,011e;021e;121r,3,1,2,vacuous,0,,0,16,16
E13656,011e;021e;121r,4,0,0,infeasible,,,3,15,15
E13657,011e;021e;121r,4,0,1,infeasible,,,3,15,15
E13658,011e;021e;121r,4,1,0,vacuous,0,,0,15,15
E13659,011e;021e;121r,4,1,1,vacuous,0,,0,15,15
E13660,011e;021e;121r,5,0,0,optimal,1,0,3,16,16
E13661,011e;021e;121r,5,0,1,infeasible,,,3,16,16
E13662,011e;021e;121r,5,0,2,infeasible,,,3,16,16
E13663,011e;021e;121r,5,1,0,vacuous,0,,0,16,16
E13664,011e;021e;121r,5,1,1,vacuous,0,,0,16,16
E13665,011e;021e;121r,5,1,2,vacuous,0,,0,16,16
E13666,011e;021e;121r,6,0,0,infeasible,,,3,16,16
E13667,011e;021e;121r,6,0,1,infeasible,,,3,16,16
E13668,011e;021e;121r,6,0,2,infeasible,,,3,16,16
E13669,011e;021e;121r,6,1,0,vacuous,0,,0,16,16
E13670,011e;021e;121r,6,1,1,vacuous,0,,0,16,16
E13671,011e;021e;121r,6,1,2,vacuous,0,,0,16,16
E13672,011e;021e;121r,7,0,0,optimal,1,0,3,17,17
E13673,011e;021e;121r,7,0,1,infeasible,,,3,17,17
E13674,011e;021e;121r,7,0,2,infeasible,,,3,17,17
E13675,011e;021e;121r,7,0,3,infeasible,,,3,17,17
E13676,011e;021e;121r,7,1,0,vacuous,0,,0,17,17
E13677,011e;021e;121r,7,1,1,vacuous,0,,0,17,17
E13678,011e;021e;121r,7,1,2,vacuous,0,,0,17,17
E13679,011e;021e;121r,7,1,3,vacuous,0,,0,17,17
E13680,011e;021e;121e,0,0,0,infeasible,,,4,14,15
E13681,011e;021e;121e,0,1,0,vacuous,0,,0,14,15
E13682,011e;021e;121e,1,0,0,optimal,1,0,4,15,16
E13683,011e;021e;121e,1,0,1,infeasible,,,4,15,16
E13684,011e;021e;121e,1,1,0,vacuous,0,,0,15,16
E13685,011e;021e;121e,1,1,1,vacuous,0,,0,15,16
E13686,011e;021e;121e,2,0,0,infeasible,,,4,15,16
E13687,011e;021e;121e,2,0,1,infeasible,,,4,15,16
E13688,011e;021e;121e,2,1,0,vacuous,0,,0,15,16
E13689,011e;021e;121e,2,1,1,vacuous,0,,0,15,16
E13690,011e;021e;121e,3,0,0,optimal,1,0,4,16,17
E13691,011e;021e;121e,3,0,1,infeasible,,,4,16,17
E13692,011e;021e;121e,3,0,2,infeasible,,,4,16,17
E13693,011e;021e;121e,3,1,0,vacuous,0,,0,16,17
E13694,011e;021e;121e,3,1,1,vacuous,0,,0,16,17
E13695,011e;021e;121e,3,1,2,vacuous,0,,0,16,17
E13696,011e;021e;121e,4,0,0,infeasible,,,4,15,16
E13697,011e;021e;121e,4,0,1,infeasible,,,4,15,16
E13698,011e;021e;121e,4,1,0,vacuous,0,,0,15,16
E13699,011e;021e;121e,4,1,1,vacuous,0,,0,15,16
E13700,011e;021e;121e,5,0,0,optimal,1,0,4,16,17
E13701,011e;021e;121e,5,0,1,infeasible,,,4,16,17
E13702,011e;021e;121e,5,0,2,infeasible,,,4,16,17
E13703,011e;021e;121e,5,1,0,vacuous,0,,0,16,17
E13704,011e;021e;121e,5,1,1,vacuous,0,,0,16,17
E13705,011e;021e;121e,5,1,2,vacuous,0,,0,16,17
E13706,011e;021e;121e,6,0,0,infeasible,,,4,16,17
E13707,011e;021e;121e,6,0,1,infeasible,,,4,16,17
E13708,011e;021e;121e,6,0,2,infeasible,,,4,16,17
E13709,011e;021e;121e,6,1,0,vacuous,0,,0,16,17
E13710,011e;021e;121e,6,1,1,vacuous,0,,0,16,17
E13711,011e;021e;121e,6,1,2,vacuous,0,,0,16,17
E13712,011e;021e;121e,7,0,0,optimal,1,0,4,17,18
E13713,011e;021e;121e,7,0,1,infeasible,,,4,17,18
E13714,011e;021e;121e,7,0,2,infeasible,,,4,17,18
E13715,011e;021e;121e,7,0,3,infeasible,,,4,17,18
E13716,011e;021e;121e,7,1,0,vacuous,0,,0,17,18
E13717,011e;021e;121e,7,1,1,vacuous,0,,0,17,18
E13718,011e;021e;121e,7,1,2,vacuous,0,,0,17,18
E13719,011e;021e;121e,7,1,3,vacuous,0,,0,17,18
